0,0,F0zAqif8k7zM5r+Kh23E+EX3Gv8=,fwkxK3LYgQ0cepNXo3e7mr700qc=
0,1,F0zAqif8k7zM5r+Kh23E+EX3Gv8=,KEsNfcw0dZ2CVYa1RBSDf2qlYgI=
0,2,F0zAqif8k7zM5r+Kh23E+EX3Gv8=,4eBiHNbrkDRP+7XnIy+Ut70Ir34=
0,3,F0zAqif8k7zM5r+Kh23E+EX3Gv8=,4eBiHNbrkDRP+7XnIy+Ut70Ir34=
0,4,F0zAqif8k7zM5r+Kh23E+EX3Gv8=,4eBiHNbrkDRP+7XnIy+Ut70Ir34=
0,5,F0zAqif8k7zM5r+Kh23E+EX3Gv8=,4eBiHNbrkDRP+7XnIy+Ut70Ir34=
0,6,F0zAqif8k7zM5r+Kh23E+EX3Gv8=,4eBiHNbrkDRP+7XnIy+Ut70Ir34=
0,7,F0zAqif8k7zM5r+Kh23E+EX3Gv8=,xi9eDPsBqjwVknoIxxTaCEiXBMk=
0,8,F0zAqif8k7zM5r+Kh23E+EX3Gv8=,A8uDptiscwOaJnmiJaIpDj+vNB8=
1,1,F0zAqif8k7zM5r+Kh23E+EX3Gv8=,gr8aSEQvNcHr73Q4c3tx0Yi4VtM=
1,0,F0zAqif8k7zM5r+Kh23E+EX3Gv8=,DzbQCr7v/OACIQhvM5T4B0OjWU8=
1,3,F0zAqif8k7zM5r+Kh23E+EX3Gv8=,8PesiZ1b2bSC/kXf3XPXuBXGWg8=
1,2,F0zAqif8k7zM5r+Kh23E+EX3Gv8=,kZMU/sxc62nPDPR4HlHWGXqaCYg=
1,5,F0zAqif8k7zM5r+Kh23E+EX3Gv8=,2iUg6sH+HpviOrxxvbZKlSs4HoA=
1,4,F0zAqif8k7zM5r+Kh23E+EX3Gv8=,2iUg6sH+HpviOrxxvbZKlSs4HoA=
1,7,F0zAqif8k7zM5r+Kh23E+EX3Gv8=,VWeDRnYpjT/xup9XlrWGpXm74bU=
1,6,F0zAqif8k7zM5r+Kh23E+EX3Gv8=,2iUg6sH+HpviOrxxvbZKlSs4HoA=
1,9,F0zAqif8k7zM5r+Kh23E+EX3Gv8=,qH49eoL6fpK3UNwGdUXWXivXn38=
1,8,F0zAqif8k7zM5r+Kh23E+EX3Gv8=,iYShlS17qeXflLbunvisZd8FW18=
2,2,D1Uj9DAYImPObZHXUUqnD0zcnjA=,ukpntmSfHwmx16RYUuRqvkjLQSM=
2,3,D1Uj9DAYImPObZHXUUqnD0zcnjA=,jxFpEQDmqy9dzOUbzwZu1UHJ8m0=
2,0,D1Uj9DAYImPObZHXUUqnD0zcnjA=,naf+SnTMSGrzXpgI90b9rg5bbPA=
2,1,D1Uj9DAYImPObZHXUUqnD0zcnjA=,ukpntmSfHwmx16RYUuRqvkjLQSM=
2,6,D1Uj9DAYImPObZHXUUqnD0zcnjA=,vDSrvccCOx1x0p2RxwqDtFaoSzI=
2,7,D1Uj9DAYImPObZHXUUqnD0zcnjA=,taCdGW7p6AYz5qZ1+hFN8Eq5SKU=
2,4,D1Uj9DAYImPObZHXUUqnD0zcnjA=,UD/vTCUe8eEhHJsJdqgchHG8WTQ=
2,5,D1Uj9DAYImPObZHXUUqnD0zcnjA=,vDSrvccCOx1x0p2RxwqDtFaoSzI=
2,8,D1Uj9DAYImPObZHXUUqnD0zcnjA=,3t+iY1fysX90Qa7t/AMXxjSXsAQ=
2,9,D1Uj9DAYImPObZHXUUqnD0zcnjA=,DY2T9Tk1GHOKrpSZcnJnA4Z5Fds=
3,3,D1Uj9DAYImPObZHXUUqnD0zcnjA=,QDnPJ9jbC6RjwUjWunvI4243B1A=
3,2,D1Uj9DAYImPObZHXUUqnD0zcnjA=,QDnPJ9jbC6RjwUjWunvI4243B1A=
3,1,D1Uj9DAYImPObZHXUUqnD0zcnjA=,QDnPJ9jbC6RjwUjWunvI4243B1A=
3,0,D1Uj9DAYImPObZHXUUqnD0zcnjA=,iRQzcBlaQU1+1jxf7CDLO4bR+4o=
3,7,D1Uj9DAYImPObZHXUUqnD0zcnjA=,WOSFeD7zV34weuJ8eppblSqFiPQ=
3,6,D1Uj9DAYImPObZHXUUqnD0zcnjA=,h9okGNxZ2rWr32206NDo4g528o8=
3,5,D1Uj9DAYImPObZHXUUqnD0zcnjA=,h9okGNxZ2rWr32206NDo4g528o8=
3,4,D1Uj9DAYImPObZHXUUqnD0zcnjA=,pH5++BLl5mWM5pUVtMKlsFOvPlU=
3,8,D1Uj9DAYImPObZHXUUqnD0zcnjA=,84qo4tkjrfiav05jU486UqPMgqk=
4,4,D1Uj9DAYImPObZHXUUqnD0zcnjA=,/7OijfQRcyINSNr0PVMXXTGVsNo=
4,5,D1Uj9DAYImPObZHXUUqnD0zcnjA=,/7OijfQRcyINSNr0PVMXXTGVsNo=
4,6,D1Uj9DAYImPObZHXUUqnD0zcnjA=,/7OijfQRcyINSNr0PVMXXTGVsNo=
4,7,D1Uj9DAYImPObZHXUUqnD0zcnjA=,6HGQljWwY8SQ8if6GAS8t3qD8h0=
4,0,D1Uj9DAYImPObZHXUUqnD0zcnjA=,FOF/TnHAWpTExLKe2sYQJ+zHn08=
4,1,D1Uj9DAYImPObZHXUUqnD0zcnjA=,CD1sT5cT4awd4fFGaCChV4KaYtk=
4,2,D1Uj9DAYImPObZHXUUqnD0zcnjA=,h9okGNxZ2rWr32206NDo4g528o8=
4,3,D1Uj9DAYImPObZHXUUqnD0zcnjA=,6gh7SQKr70+oICDtrNncH/jjkQY=
4,8,81PzDnobHGwnGZa4tIEvZVA5gr0=,F9wMWoRiwDe98NPIrBm0oDFvJgM=
5,5,81PzDnobHGwnGZa4tIEvZVA5gr0=,tdtnKCjWgeBiIl06ZaRXFgA3pJc=
5,4,81PzDnobHGwnGZa4tIEvZVA5gr0=,tdtnKCjWgeBiIl06ZaRXFgA3pJc=
5,7,81PzDnobHGwnGZa4tIEvZVA5gr0=,LdxI/bNblllgGWMwEBGvVPQesXQ=
5,6,81PzDnobHGwnGZa4tIEvZVA5gr0=,tdtnKCjWgeBiIl06ZaRXFgA3pJc=
5,1,81PzDnobHGwnGZa4tIEvZVA5gr0=,WuADOpc900pxYMkbKYIYqGhxfVA=
5,0,81PzDnobHGwnGZa4tIEvZVA5gr0=,3t+iY1fysX90Qa7t/AMXxjSXsAQ=
5,3,81PzDnobHGwnGZa4tIEvZVA5gr0=,wAY4160e//7tkMKe81N1hYc5Fo0=
5,2,81PzDnobHGwnGZa4tIEvZVA5gr0=,BrZwmTDJaPOZPRpK1Hme9UfSQB4=
5,9,81PzDnobHGwnGZa4tIEvZVA5gr0=,A8uDptiscwOaJnmiJaIpDj+vNB8=
5,8,81PzDnobHGwnGZa4tIEvZVA5gr0=,F9wMWoRiwDe98NPIrBm0oDFvJgM=
6,6,81PzDnobHGwnGZa4tIEvZVA5gr0=,BmADQtNbTyqZbGEnGXs9itVQrlM=
6,7,81PzDnobHGwnGZa4tIEvZVA5gr0=,zbKLSNFtoKLxkVfYWTEaX/rPggs=
6,4,81PzDnobHGwnGZa4tIEvZVA5gr0=,BmADQtNbTyqZbGEnGXs9itVQrlM=
6,5,81PzDnobHGwnGZa4tIEvZVA5gr0=,BmADQtNbTyqZbGEnGXs9itVQrlM=
6,2,81PzDnobHGwnGZa4tIEvZVA5gr0=,MK+RHCQUDAEtj43TEhDlwxYsKh8=
6,3,81PzDnobHGwnGZa4tIEvZVA5gr0=,BmADQtNbTyqZbGEnGXs9itVQrlM=
6,0,81PzDnobHGwnGZa4tIEvZVA5gr0=,3t+iY1fysX90Qa7t/AMXxjSXsAQ=
6,1,81PzDnobHGwnGZa4tIEvZVA5gr0=,2Wviiz5Nj9idqu2roW+wX16i128=
6,8,81PzDnobHGwnGZa4tIEvZVA5gr0=,F9wMWoRiwDe98NPIrBm0oDFvJgM=
6,9,81PzDnobHGwnGZa4tIEvZVA5gr0=,F9wMWoRiwDe98NPIrBm0oDFvJgM=
7,7,81PzDnobHGwnGZa4tIEvZVA5gr0=,W4+d4qVSazWEDSrl6Yt2kEmbaL4=
7,6,81PzDnobHGwnGZa4tIEvZVA5gr0=,L31OlIbLsvcCSa8HSlEoPfNsE8Y=
7,5,81PzDnobHGwnGZa4tIEvZVA5gr0=,EblVdoKRp07Y/WMNIpsYvKWyQ+g=
7,4,81PzDnobHGwnGZa4tIEvZVA5gr0=,4tRFtvTBQx4QlnMS8xvFrZWvYHU=
7,3,81PzDnobHGwnGZa4tIEvZVA5gr0=,4tRFtvTBQx4QlnMS8xvFrZWvYHU=
7,2,81PzDnobHGwnGZa4tIEvZVA5gr0=,5J9YsgxJHog8n8gGB7U0OTTk6Q0=
7,1,81PzDnobHGwnGZa4tIEvZVA5gr0=,yBAUi1JQLHSoKZbsKHGvQFV8MVM=
7,0,81PzDnobHGwnGZa4tIEvZVA5gr0=,3t+iY1fysX90Qa7t/AMXxjSXsAQ=
7,9,81PzDnobHGwnGZa4tIEvZVA5gr0=,F9wMWoRiwDe98NPIrBm0oDFvJgM=
7,8,rIIX9iux95UxzJKDwE/e2/ETKds=,F9wMWoRiwDe98NPIrBm0oDFvJgM=
8,8,rIIX9iux95UxzJKDwE/e2/ETKds=,JJHx8GZdjCjGEaQvODzqqKn/ryg=
8,9,rIIX9iux95UxzJKDwE/e2/ETKds=,JJHx8GZdjCjGEaQvODzqqKn/ryg=
8,0,rIIX9iux95UxzJKDwE/e2/ETKds=,6XmS8Zi749+3UhnkKwpnJQZLv6k=
8,1,rIIX9iux95UxzJKDwE/e2/ETKds=,bNrzaDGXmpf4lLJ7diYpG1c8pJM=
8,2,rIIX9iux95UxzJKDwE/e2/ETKds=,dTBbNSYlBCWMDrkjxNleUtMa2Q4=
8,3,rIIX9iux95UxzJKDwE/e2/ETKds=,dTBbNSYlBCWMDrkjxNleUtMa2Q4=
8,4,rIIX9iux95UxzJKDwE/e2/ETKds=,dTBbNSYlBCWMDrkjxNleUtMa2Q4=
8,5,rIIX9iux95UxzJKDwE/e2/ETKds=,bNrzaDGXmpf4lLJ7diYpG1c8pJM=
8,6,rIIX9iux95UxzJKDwE/e2/ETKds=,bNrzaDGXmpf4lLJ7diYpG1c8pJM=
8,7,rIIX9iux95UxzJKDwE/e2/ETKds=,dTBbNSYlBCWMDrkjxNleUtMa2Q4=
9,9,rIIX9iux95UxzJKDwE/e2/ETKds=,JJHx8GZdjCjGEaQvODzqqKn/ryg=
9,8,rIIX9iux95UxzJKDwE/e2/ETKds=,JJHx8GZdjCjGEaQvODzqqKn/ryg=
9,0,rIIX9iux95UxzJKDwE/e2/ETKds=,3yV4sZao6jHd/lZGSo/8CTlBzDU=
9,5,rIIX9iux95UxzJKDwE/e2/ETKds=,dTBbNSYlBCWMDrkjxNleUtMa2Q4=
9,4,rIIX9iux95UxzJKDwE/e2/ETKds=,dTBbNSYlBCWMDrkjxNleUtMa2Q4=
9,7,rIIX9iux95UxzJKDwE/e2/ETKds=,dTBbNSYlBCWMDrkjxNleUtMa2Q4=
9,6,rIIX9iux95UxzJKDwE/e2/ETKds=,dTBbNSYlBCWMDrkjxNleUtMa2Q4=
