-161,287,/FKayhrD/0gWcIvb0GzudCKMGwg=,/A5FMDtB8VrjaaueNKaU9B2JVig=
-162,287,/FKayhrD/0gWcIvb0GzudCKMGwg=,/A5FMDtB8VrjaaueNKaU9B2JVig=
-164,287,/FKayhrD/0gWcIvb0GzudCKMGwg=,/A5FMDtB8VrjaaueNKaU9B2JVig=
-165,287,/FKayhrD/0gWcIvb0GzudCKMGwg=,/A5FMDtB8VrjaaueNKaU9B2JVig=
-166,287,/FKayhrD/0gWcIvb0GzudCKMGwg=,/A5FMDtB8VrjaaueNKaU9B2JVig=
-163,287,/FKayhrD/0gWcIvb0GzudCKMGwg=,/A5FMDtB8VrjaaueNKaU9B2JVig=
-167,287,/FKayhrD/0gWcIvb0GzudCKMGwg=,/A5FMDtB8VrjaaueNKaU9B2JVig=
-163,274,/FKayhrD/0gWcIvb0GzudCKMGwg=,/A5FMDtB8VrjaaueNKaU9B2JVig=
-168,287,/FKayhrD/0gWcIvb0GzudCKMGwg=,/A5FMDtB8VrjaaueNKaU9B2JVig=
-162,274,/FKayhrD/0gWcIvb0GzudCKMGwg=,/A5FMDtB8VrjaaueNKaU9B2JVig=
-169,287,/FKayhrD/0gWcIvb0GzudCKMGwg=,/A5FMDtB8VrjaaueNKaU9B2JVig=
-170,287,/FKayhrD/0gWcIvb0GzudCKMGwg=,/A5FMDtB8VrjaaueNKaU9B2JVig=
-172,287,/FKayhrD/0gWcIvb0GzudCKMGwg=,/A5FMDtB8VrjaaueNKaU9B2JVig=
-161,274,/FKayhrD/0gWcIvb0GzudCKMGwg=,/A5FMDtB8VrjaaueNKaU9B2JVig=
-174,287,/FKayhrD/0gWcIvb0GzudCKMGwg=,/A5FMDtB8VrjaaueNKaU9B2JVig=
-161,273,/FKayhrD/0gWcIvb0GzudCKMGwg=,/A5FMDtB8VrjaaueNKaU9B2JVig=
-176,275,/FKayhrD/0gWcIvb0GzudCKMGwg=,/A5FMDtB8VrjaaueNKaU9B2JVig=
-173,287,/FKayhrD/0gWcIvb0GzudCKMGwg=,/A5FMDtB8VrjaaueNKaU9B2JVig=
-175,287,/FKayhrD/0gWcIvb0GzudCKMGwg=,/A5FMDtB8VrjaaueNKaU9B2JVig=
-175,275,/FKayhrD/0gWcIvb0GzudCKMGwg=,/A5FMDtB8VrjaaueNKaU9B2JVig=
-162,273,/FKayhrD/0gWcIvb0GzudCKMGwg=,/A5FMDtB8VrjaaueNKaU9B2JVig=
-163,273,/FKayhrD/0gWcIvb0GzudCKMGwg=,/A5FMDtB8VrjaaueNKaU9B2JVig=
-174,275,/FKayhrD/0gWcIvb0GzudCKMGwg=,/A5FMDtB8VrjaaueNKaU9B2JVig=
-164,273,/FKayhrD/0gWcIvb0GzudCKMGwg=,/A5FMDtB8VrjaaueNKaU9B2JVig=
-166,273,/FKayhrD/0gWcIvb0GzudCKMGwg=,/A5FMDtB8VrjaaueNKaU9B2JVig=
-165,273,/FKayhrD/0gWcIvb0GzudCKMGwg=,/A5FMDtB8VrjaaueNKaU9B2JVig=
-171,287,/FKayhrD/0gWcIvb0GzudCKMGwg=,/A5FMDtB8VrjaaueNKaU9B2JVig=
-167,273,/FKayhrD/0gWcIvb0GzudCKMGwg=,/A5FMDtB8VrjaaueNKaU9B2JVig=
-176,287,/FKayhrD/0gWcIvb0GzudCKMGwg=,/A5FMDtB8VrjaaueNKaU9B2JVig=
-168,273,/FKayhrD/0gWcIvb0GzudCKMGwg=,/A5FMDtB8VrjaaueNKaU9B2JVig=
-172,273,/FKayhrD/0gWcIvb0GzudCKMGwg=,/A5FMDtB8VrjaaueNKaU9B2JVig=
-170,273,/FKayhrD/0gWcIvb0GzudCKMGwg=,/A5FMDtB8VrjaaueNKaU9B2JVig=
-171,273,/FKayhrD/0gWcIvb0GzudCKMGwg=,/A5FMDtB8VrjaaueNKaU9B2JVig=
-169,273,/FKayhrD/0gWcIvb0GzudCKMGwg=,/A5FMDtB8VrjaaueNKaU9B2JVig=
-173,273,/FKayhrD/0gWcIvb0GzudCKMGwg=,/A5FMDtB8VrjaaueNKaU9B2JVig=
-161,286,/FKayhrD/0gWcIvb0GzudCKMGwg=,/A5FMDtB8VrjaaueNKaU9B2JVig=
-162,286,/FKayhrD/0gWcIvb0GzudCKMGwg=,/A5FMDtB8VrjaaueNKaU9B2JVig=
-164,274,/FKayhrD/0gWcIvb0GzudCKMGwg=,/A5FMDtB8VrjaaueNKaU9B2JVig=
-164,286,/FKayhrD/0gWcIvb0GzudCKMGwg=,/A5FMDtB8VrjaaueNKaU9B2JVig=
-166,286,/FKayhrD/0gWcIvb0GzudCKMGwg=,/A5FMDtB8VrjaaueNKaU9B2JVig=
-165,286,/FKayhrD/0gWcIvb0GzudCKMGwg=,/A5FMDtB8VrjaaueNKaU9B2JVig=
-167,286,/FKayhrD/0gWcIvb0GzudCKMGwg=,/A5FMDtB8VrjaaueNKaU9B2JVig=
-168,286,/FKayhrD/0gWcIvb0GzudCKMGwg=,/A5FMDtB8VrjaaueNKaU9B2JVig=
-169,286,/FKayhrD/0gWcIvb0GzudCKMGwg=,/A5FMDtB8VrjaaueNKaU9B2JVig=
-170,286,/FKayhrD/0gWcIvb0GzudCKMGwg=,/A5FMDtB8VrjaaueNKaU9B2JVig=
-171,286,/FKayhrD/0gWcIvb0GzudCKMGwg=,/A5FMDtB8VrjaaueNKaU9B2JVig=
-172,286,/FKayhrD/0gWcIvb0GzudCKMGwg=,/A5FMDtB8VrjaaueNKaU9B2JVig=
-174,286,/FKayhrD/0gWcIvb0GzudCKMGwg=,/A5FMDtB8VrjaaueNKaU9B2JVig=
-175,286,/FKayhrD/0gWcIvb0GzudCKMGwg=,/A5FMDtB8VrjaaueNKaU9B2JVig=
-173,286,/FKayhrD/0gWcIvb0GzudCKMGwg=,/A5FMDtB8VrjaaueNKaU9B2JVig=
-176,286,/FKayhrD/0gWcIvb0GzudCKMGwg=,/A5FMDtB8VrjaaueNKaU9B2JVig=
-161,285,/FKayhrD/0gWcIvb0GzudCKMGwg=,/A5FMDtB8VrjaaueNKaU9B2JVig=
-176,273,/FKayhrD/0gWcIvb0GzudCKMGwg=,/A5FMDtB8VrjaaueNKaU9B2JVig=
-162,285,/FKayhrD/0gWcIvb0GzudCKMGwg=,/A5FMDtB8VrjaaueNKaU9B2JVig=
-163,285,/FKayhrD/0gWcIvb0GzudCKMGwg=,/A5FMDtB8VrjaaueNKaU9B2JVig=
-165,274,/FKayhrD/0gWcIvb0GzudCKMGwg=,/A5FMDtB8VrjaaueNKaU9B2JVig=
-164,285,/FKayhrD/0gWcIvb0GzudCKMGwg=,/A5FMDtB8VrjaaueNKaU9B2JVig=
-165,285,/FKayhrD/0gWcIvb0GzudCKMGwg=,/A5FMDtB8VrjaaueNKaU9B2JVig=
-161,272,/FKayhrD/0gWcIvb0GzudCKMGwg=,/A5FMDtB8VrjaaueNKaU9B2JVig=
-166,285,/FKayhrD/0gWcIvb0GzudCKMGwg=,/A5FMDtB8VrjaaueNKaU9B2JVig=
-167,285,/FKayhrD/0gWcIvb0GzudCKMGwg=,/A5FMDtB8VrjaaueNKaU9B2JVig=
-168,285,/FKayhrD/0gWcIvb0GzudCKMGwg=,/A5FMDtB8VrjaaueNKaU9B2JVig=
-169,285,/FKayhrD/0gWcIvb0GzudCKMGwg=,/A5FMDtB8VrjaaueNKaU9B2JVig=
-171,285,/FKayhrD/0gWcIvb0GzudCKMGwg=,/A5FMDtB8VrjaaueNKaU9B2JVig=
-173,285,/FKayhrD/0gWcIvb0GzudCKMGwg=,/A5FMDtB8VrjaaueNKaU9B2JVig=
-170,285,/FKayhrD/0gWcIvb0GzudCKMGwg=,/A5FMDtB8VrjaaueNKaU9B2JVig=
-174,285,/FKayhrD/0gWcIvb0GzudCKMGwg=,/A5FMDtB8VrjaaueNKaU9B2JVig=
-175,285,/FKayhrD/0gWcIvb0GzudCKMGwg=,/A5FMDtB8VrjaaueNKaU9B2JVig=
-176,285,/FKayhrD/0gWcIvb0GzudCKMGwg=,/A5FMDtB8VrjaaueNKaU9B2JVig=
-161,284,/FKayhrD/0gWcIvb0GzudCKMGwg=,/A5FMDtB8VrjaaueNKaU9B2JVig=
-162,284,/FKayhrD/0gWcIvb0GzudCKMGwg=,/A5FMDtB8VrjaaueNKaU9B2JVig=
-163,284,/FKayhrD/0gWcIvb0GzudCKMGwg=,/A5FMDtB8VrjaaueNKaU9B2JVig=
-162,272,/FKayhrD/0gWcIvb0GzudCKMGwg=,/A5FMDtB8VrjaaueNKaU9B2JVig=
-164,284,/FKayhrD/0gWcIvb0GzudCKMGwg=,/A5FMDtB8VrjaaueNKaU9B2JVig=
-166,274,/FKayhrD/0gWcIvb0GzudCKMGwg=,/A5FMDtB8VrjaaueNKaU9B2JVig=
-165,284,/FKayhrD/0gWcIvb0GzudCKMGwg=,/A5FMDtB8VrjaaueNKaU9B2JVig=
-166,284,/FKayhrD/0gWcIvb0GzudCKMGwg=,/A5FMDtB8VrjaaueNKaU9B2JVig=
-167,284,/FKayhrD/0gWcIvb0GzudCKMGwg=,/A5FMDtB8VrjaaueNKaU9B2JVig=
-168,284,/FKayhrD/0gWcIvb0GzudCKMGwg=,/A5FMDtB8VrjaaueNKaU9B2JVig=
-169,284,/FKayhrD/0gWcIvb0GzudCKMGwg=,/A5FMDtB8VrjaaueNKaU9B2JVig=
-170,284,/FKayhrD/0gWcIvb0GzudCKMGwg=,/A5FMDtB8VrjaaueNKaU9B2JVig=
-171,284,/FKayhrD/0gWcIvb0GzudCKMGwg=,/A5FMDtB8VrjaaueNKaU9B2JVig=
-172,284,/FKayhrD/0gWcIvb0GzudCKMGwg=,/A5FMDtB8VrjaaueNKaU9B2JVig=
-173,284,/FKayhrD/0gWcIvb0GzudCKMGwg=,/A5FMDtB8VrjaaueNKaU9B2JVig=
-174,284,/FKayhrD/0gWcIvb0GzudCKMGwg=,/A5FMDtB8VrjaaueNKaU9B2JVig=
-175,284,/FKayhrD/0gWcIvb0GzudCKMGwg=,/A5FMDtB8VrjaaueNKaU9B2JVig=
-176,284,/FKayhrD/0gWcIvb0GzudCKMGwg=,/A5FMDtB8VrjaaueNKaU9B2JVig=
-161,283,/FKayhrD/0gWcIvb0GzudCKMGwg=,/A5FMDtB8VrjaaueNKaU9B2JVig=
-172,285,/FKayhrD/0gWcIvb0GzudCKMGwg=,/A5FMDtB8VrjaaueNKaU9B2JVig=
-162,283,/FKayhrD/0gWcIvb0GzudCKMGwg=,/A5FMDtB8VrjaaueNKaU9B2JVig=
-163,283,/FKayhrD/0gWcIvb0GzudCKMGwg=,/A5FMDtB8VrjaaueNKaU9B2JVig=
-164,283,/FKayhrD/0gWcIvb0GzudCKMGwg=,/A5FMDtB8VrjaaueNKaU9B2JVig=
-163,272,/FKayhrD/0gWcIvb0GzudCKMGwg=,/A5FMDtB8VrjaaueNKaU9B2JVig=
-165,283,/FKayhrD/0gWcIvb0GzudCKMGwg=,/A5FMDtB8VrjaaueNKaU9B2JVig=
-166,283,/FKayhrD/0gWcIvb0GzudCKMGwg=,/A5FMDtB8VrjaaueNKaU9B2JVig=
-167,274,/FKayhrD/0gWcIvb0GzudCKMGwg=,/A5FMDtB8VrjaaueNKaU9B2JVig=
-167,283,/FKayhrD/0gWcIvb0GzudCKMGwg=,/A5FMDtB8VrjaaueNKaU9B2JVig=
-168,283,/FKayhrD/0gWcIvb0GzudCKMGwg=,/A5FMDtB8VrjaaueNKaU9B2JVig=
-169,283,/FKayhrD/0gWcIvb0GzudCKMGwg=,/A5FMDtB8VrjaaueNKaU9B2JVig=
-170,283,/FKayhrD/0gWcIvb0GzudCKMGwg=,/A5FMDtB8VrjaaueNKaU9B2JVig=
-172,283,/FKayhrD/0gWcIvb0GzudCKMGwg=,/A5FMDtB8VrjaaueNKaU9B2JVig=
-173,283,/FKayhrD/0gWcIvb0GzudCKMGwg=,/A5FMDtB8VrjaaueNKaU9B2JVig=
-171,283,/FKayhrD/0gWcIvb0GzudCKMGwg=,/A5FMDtB8VrjaaueNKaU9B2JVig=
-175,283,/FKayhrD/0gWcIvb0GzudCKMGwg=,/A5FMDtB8VrjaaueNKaU9B2JVig=
-174,283,/FKayhrD/0gWcIvb0GzudCKMGwg=,/A5FMDtB8VrjaaueNKaU9B2JVig=
-161,282,/FKayhrD/0gWcIvb0GzudCKMGwg=,/A5FMDtB8VrjaaueNKaU9B2JVig=
-176,283,/FKayhrD/0gWcIvb0GzudCKMGwg=,/A5FMDtB8VrjaaueNKaU9B2JVig=
-162,282,/FKayhrD/0gWcIvb0GzudCKMGwg=,/A5FMDtB8VrjaaueNKaU9B2JVig=
-163,282,/FKayhrD/0gWcIvb0GzudCKMGwg=,/A5FMDtB8VrjaaueNKaU9B2JVig=
-165,282,/FKayhrD/0gWcIvb0GzudCKMGwg=,/A5FMDtB8VrjaaueNKaU9B2JVig=
-164,282,/FKayhrD/0gWcIvb0GzudCKMGwg=,/A5FMDtB8VrjaaueNKaU9B2JVig=
-164,272,/FKayhrD/0gWcIvb0GzudCKMGwg=,/A5FMDtB8VrjaaueNKaU9B2JVig=
-166,282,/FKayhrD/0gWcIvb0GzudCKMGwg=,/A5FMDtB8VrjaaueNKaU9B2JVig=
-168,274,/FKayhrD/0gWcIvb0GzudCKMGwg=,/A5FMDtB8VrjaaueNKaU9B2JVig=
-167,282,/FKayhrD/0gWcIvb0GzudCKMGwg=,/A5FMDtB8VrjaaueNKaU9B2JVig=
-170,282,/FKayhrD/0gWcIvb0GzudCKMGwg=,/A5FMDtB8VrjaaueNKaU9B2JVig=
-171,282,/FKayhrD/0gWcIvb0GzudCKMGwg=,/A5FMDtB8VrjaaueNKaU9B2JVig=
-172,282,/FKayhrD/0gWcIvb0GzudCKMGwg=,/A5FMDtB8VrjaaueNKaU9B2JVig=
-169,282,/FKayhrD/0gWcIvb0GzudCKMGwg=,/A5FMDtB8VrjaaueNKaU9B2JVig=
-168,282,/FKayhrD/0gWcIvb0GzudCKMGwg=,/A5FMDtB8VrjaaueNKaU9B2JVig=
-173,282,/FKayhrD/0gWcIvb0GzudCKMGwg=,/A5FMDtB8VrjaaueNKaU9B2JVig=
-174,282,/FKayhrD/0gWcIvb0GzudCKMGwg=,/A5FMDtB8VrjaaueNKaU9B2JVig=
-175,282,/FKayhrD/0gWcIvb0GzudCKMGwg=,/A5FMDtB8VrjaaueNKaU9B2JVig=
-176,282,/FKayhrD/0gWcIvb0GzudCKMGwg=,/A5FMDtB8VrjaaueNKaU9B2JVig=
-161,281,/FKayhrD/0gWcIvb0GzudCKMGwg=,/A5FMDtB8VrjaaueNKaU9B2JVig=
-163,281,/FKayhrD/0gWcIvb0GzudCKMGwg=,/A5FMDtB8VrjaaueNKaU9B2JVig=
-162,281,/FKayhrD/0gWcIvb0GzudCKMGwg=,/A5FMDtB8VrjaaueNKaU9B2JVig=
-164,281,/FKayhrD/0gWcIvb0GzudCKMGwg=,/A5FMDtB8VrjaaueNKaU9B2JVig=
-165,281,/FKayhrD/0gWcIvb0GzudCKMGwg=,/A5FMDtB8VrjaaueNKaU9B2JVig=
-166,281,/FKayhrD/0gWcIvb0GzudCKMGwg=,/A5FMDtB8VrjaaueNKaU9B2JVig=
-165,272,/FKayhrD/0gWcIvb0GzudCKMGwg=,/A5FMDtB8VrjaaueNKaU9B2JVig=
-169,274,/FKayhrD/0gWcIvb0GzudCKMGwg=,/A5FMDtB8VrjaaueNKaU9B2JVig=
-167,281,/FKayhrD/0gWcIvb0GzudCKMGwg=,/A5FMDtB8VrjaaueNKaU9B2JVig=
-169,281,/FKayhrD/0gWcIvb0GzudCKMGwg=,/A5FMDtB8VrjaaueNKaU9B2JVig=
-163,286,/FKayhrD/0gWcIvb0GzudCKMGwg=,/A5FMDtB8VrjaaueNKaU9B2JVig=
-168,281,/FKayhrD/0gWcIvb0GzudCKMGwg=,/A5FMDtB8VrjaaueNKaU9B2JVig=
-170,281,/FKayhrD/0gWcIvb0GzudCKMGwg=,/A5FMDtB8VrjaaueNKaU9B2JVig=
-171,281,/FKayhrD/0gWcIvb0GzudCKMGwg=,/A5FMDtB8VrjaaueNKaU9B2JVig=
-172,281,/FKayhrD/0gWcIvb0GzudCKMGwg=,/A5FMDtB8VrjaaueNKaU9B2JVig=
-173,281,/FKayhrD/0gWcIvb0GzudCKMGwg=,/A5FMDtB8VrjaaueNKaU9B2JVig=
-174,281,/FKayhrD/0gWcIvb0GzudCKMGwg=,/A5FMDtB8VrjaaueNKaU9B2JVig=
-175,281,/FKayhrD/0gWcIvb0GzudCKMGwg=,/A5FMDtB8VrjaaueNKaU9B2JVig=
-161,280,/FKayhrD/0gWcIvb0GzudCKMGwg=,/A5FMDtB8VrjaaueNKaU9B2JVig=
-176,281,/FKayhrD/0gWcIvb0GzudCKMGwg=,/A5FMDtB8VrjaaueNKaU9B2JVig=
-162,280,/FKayhrD/0gWcIvb0GzudCKMGwg=,/A5FMDtB8VrjaaueNKaU9B2JVig=
-163,280,/FKayhrD/0gWcIvb0GzudCKMGwg=,/A5FMDtB8VrjaaueNKaU9B2JVig=
-164,280,/FKayhrD/0gWcIvb0GzudCKMGwg=,/A5FMDtB8VrjaaueNKaU9B2JVig=
-165,280,/FKayhrD/0gWcIvb0GzudCKMGwg=,/A5FMDtB8VrjaaueNKaU9B2JVig=
-166,280,/FKayhrD/0gWcIvb0GzudCKMGwg=,/A5FMDtB8VrjaaueNKaU9B2JVig=
-167,280,/FKayhrD/0gWcIvb0GzudCKMGwg=,/A5FMDtB8VrjaaueNKaU9B2JVig=
-166,272,/FKayhrD/0gWcIvb0GzudCKMGwg=,/A5FMDtB8VrjaaueNKaU9B2JVig=
-170,274,/FKayhrD/0gWcIvb0GzudCKMGwg=,/A5FMDtB8VrjaaueNKaU9B2JVig=
-168,280,/FKayhrD/0gWcIvb0GzudCKMGwg=,/A5FMDtB8VrjaaueNKaU9B2JVig=
-169,280,/FKayhrD/0gWcIvb0GzudCKMGwg=,/A5FMDtB8VrjaaueNKaU9B2JVig=
-170,280,/FKayhrD/0gWcIvb0GzudCKMGwg=,/A5FMDtB8VrjaaueNKaU9B2JVig=
-171,280,/FKayhrD/0gWcIvb0GzudCKMGwg=,/A5FMDtB8VrjaaueNKaU9B2JVig=
-173,280,/FKayhrD/0gWcIvb0GzudCKMGwg=,/A5FMDtB8VrjaaueNKaU9B2JVig=
-172,280,/FKayhrD/0gWcIvb0GzudCKMGwg=,/A5FMDtB8VrjaaueNKaU9B2JVig=
-175,280,/FKayhrD/0gWcIvb0GzudCKMGwg=,/A5FMDtB8VrjaaueNKaU9B2JVig=
-174,280,/FKayhrD/0gWcIvb0GzudCKMGwg=,/A5FMDtB8VrjaaueNKaU9B2JVig=
-176,280,/FKayhrD/0gWcIvb0GzudCKMGwg=,/A5FMDtB8VrjaaueNKaU9B2JVig=
-161,279,/FKayhrD/0gWcIvb0GzudCKMGwg=,/A5FMDtB8VrjaaueNKaU9B2JVig=
-162,279,/FKayhrD/0gWcIvb0GzudCKMGwg=,/A5FMDtB8VrjaaueNKaU9B2JVig=
-163,279,/FKayhrD/0gWcIvb0GzudCKMGwg=,/A5FMDtB8VrjaaueNKaU9B2JVig=
-164,279,/FKayhrD/0gWcIvb0GzudCKMGwg=,/A5FMDtB8VrjaaueNKaU9B2JVig=
-165,279,/FKayhrD/0gWcIvb0GzudCKMGwg=,/A5FMDtB8VrjaaueNKaU9B2JVig=
-167,279,/FKayhrD/0gWcIvb0GzudCKMGwg=,/A5FMDtB8VrjaaueNKaU9B2JVig=
-166,279,/FKayhrD/0gWcIvb0GzudCKMGwg=,/A5FMDtB8VrjaaueNKaU9B2JVig=
-168,279,/FKayhrD/0gWcIvb0GzudCKMGwg=,/A5FMDtB8VrjaaueNKaU9B2JVig=
-167,272,/FKayhrD/0gWcIvb0GzudCKMGwg=,/A5FMDtB8VrjaaueNKaU9B2JVig=
-169,279,/FKayhrD/0gWcIvb0GzudCKMGwg=,/A5FMDtB8VrjaaueNKaU9B2JVig=
-171,274,/FKayhrD/0gWcIvb0GzudCKMGwg=,/A5FMDtB8VrjaaueNKaU9B2JVig=
-170,279,/FKayhrD/0gWcIvb0GzudCKMGwg=,/A5FMDtB8VrjaaueNKaU9B2JVig=
-171,279,/FKayhrD/0gWcIvb0GzudCKMGwg=,/A5FMDtB8VrjaaueNKaU9B2JVig=
-173,279,/FKayhrD/0gWcIvb0GzudCKMGwg=,/A5FMDtB8VrjaaueNKaU9B2JVig=
-174,279,/FKayhrD/0gWcIvb0GzudCKMGwg=,/A5FMDtB8VrjaaueNKaU9B2JVig=
-172,279,/FKayhrD/0gWcIvb0GzudCKMGwg=,/A5FMDtB8VrjaaueNKaU9B2JVig=
-175,279,/FKayhrD/0gWcIvb0GzudCKMGwg=,/A5FMDtB8VrjaaueNKaU9B2JVig=
-161,278,/FKayhrD/0gWcIvb0GzudCKMGwg=,/A5FMDtB8VrjaaueNKaU9B2JVig=
-176,279,/FKayhrD/0gWcIvb0GzudCKMGwg=,/A5FMDtB8VrjaaueNKaU9B2JVig=
-162,278,/FKayhrD/0gWcIvb0GzudCKMGwg=,/A5FMDtB8VrjaaueNKaU9B2JVig=
-163,278,/FKayhrD/0gWcIvb0GzudCKMGwg=,/A5FMDtB8VrjaaueNKaU9B2JVig=
-164,278,/FKayhrD/0gWcIvb0GzudCKMGwg=,/A5FMDtB8VrjaaueNKaU9B2JVig=
-165,278,/FKayhrD/0gWcIvb0GzudCKMGwg=,/A5FMDtB8VrjaaueNKaU9B2JVig=
-166,278,/FKayhrD/0gWcIvb0GzudCKMGwg=,/A5FMDtB8VrjaaueNKaU9B2JVig=
-167,278,/FKayhrD/0gWcIvb0GzudCKMGwg=,/A5FMDtB8VrjaaueNKaU9B2JVig=
-168,278,/FKayhrD/0gWcIvb0GzudCKMGwg=,/A5FMDtB8VrjaaueNKaU9B2JVig=
-173,272,/FKayhrD/0gWcIvb0GzudCKMGwg=,/A5FMDtB8VrjaaueNKaU9B2JVig=
-169,278,/FKayhrD/0gWcIvb0GzudCKMGwg=,/A5FMDtB8VrjaaueNKaU9B2JVig=
-168,272,/FKayhrD/0gWcIvb0GzudCKMGwg=,/A5FMDtB8VrjaaueNKaU9B2JVig=
-172,274,/FKayhrD/0gWcIvb0GzudCKMGwg=,/A5FMDtB8VrjaaueNKaU9B2JVig=
-170,278,/FKayhrD/0gWcIvb0GzudCKMGwg=,/A5FMDtB8VrjaaueNKaU9B2JVig=
-171,278,/FKayhrD/0gWcIvb0GzudCKMGwg=,/A5FMDtB8VrjaaueNKaU9B2JVig=
-172,278,/FKayhrD/0gWcIvb0GzudCKMGwg=,/A5FMDtB8VrjaaueNKaU9B2JVig=
-173,278,/FKayhrD/0gWcIvb0GzudCKMGwg=,/A5FMDtB8VrjaaueNKaU9B2JVig=
-174,278,/FKayhrD/0gWcIvb0GzudCKMGwg=,/A5FMDtB8VrjaaueNKaU9B2JVig=
-175,278,/FKayhrD/0gWcIvb0GzudCKMGwg=,/A5FMDtB8VrjaaueNKaU9B2JVig=
-176,278,/FKayhrD/0gWcIvb0GzudCKMGwg=,/A5FMDtB8VrjaaueNKaU9B2JVig=
-161,277,/FKayhrD/0gWcIvb0GzudCKMGwg=,/A5FMDtB8VrjaaueNKaU9B2JVig=
-162,277,/FKayhrD/0gWcIvb0GzudCKMGwg=,/A5FMDtB8VrjaaueNKaU9B2JVig=
-164,277,/FKayhrD/0gWcIvb0GzudCKMGwg=,/A5FMDtB8VrjaaueNKaU9B2JVig=
-165,277,/FKayhrD/0gWcIvb0GzudCKMGwg=,/A5FMDtB8VrjaaueNKaU9B2JVig=
-166,277,/FKayhrD/0gWcIvb0GzudCKMGwg=,/A5FMDtB8VrjaaueNKaU9B2JVig=
-167,277,/FKayhrD/0gWcIvb0GzudCKMGwg=,/A5FMDtB8VrjaaueNKaU9B2JVig=
-168,277,/FKayhrD/0gWcIvb0GzudCKMGwg=,/A5FMDtB8VrjaaueNKaU9B2JVig=
-169,277,/FKayhrD/0gWcIvb0GzudCKMGwg=,/A5FMDtB8VrjaaueNKaU9B2JVig=
-170,277,/FKayhrD/0gWcIvb0GzudCKMGwg=,/A5FMDtB8VrjaaueNKaU9B2JVig=
-169,272,/FKayhrD/0gWcIvb0GzudCKMGwg=,/A5FMDtB8VrjaaueNKaU9B2JVig=
-171,277,/FKayhrD/0gWcIvb0GzudCKMGwg=,/A5FMDtB8VrjaaueNKaU9B2JVig=
-172,277,/FKayhrD/0gWcIvb0GzudCKMGwg=,/A5FMDtB8VrjaaueNKaU9B2JVig=
-173,277,/FKayhrD/0gWcIvb0GzudCKMGwg=,/A5FMDtB8VrjaaueNKaU9B2JVig=
-175,277,/FKayhrD/0gWcIvb0GzudCKMGwg=,/A5FMDtB8VrjaaueNKaU9B2JVig=
-174,277,/FKayhrD/0gWcIvb0GzudCKMGwg=,/A5FMDtB8VrjaaueNKaU9B2JVig=
-176,277,/FKayhrD/0gWcIvb0GzudCKMGwg=,/A5FMDtB8VrjaaueNKaU9B2JVig=
-170,272,/FKayhrD/0gWcIvb0GzudCKMGwg=,/A5FMDtB8VrjaaueNKaU9B2JVig=
-162,276,/FKayhrD/0gWcIvb0GzudCKMGwg=,/A5FMDtB8VrjaaueNKaU9B2JVig=
-163,276,/FKayhrD/0gWcIvb0GzudCKMGwg=,/A5FMDtB8VrjaaueNKaU9B2JVig=
-161,276,/FKayhrD/0gWcIvb0GzudCKMGwg=,/A5FMDtB8VrjaaueNKaU9B2JVig=
-173,274,/FKayhrD/0gWcIvb0GzudCKMGwg=,/A5FMDtB8VrjaaueNKaU9B2JVig=
-164,276,/FKayhrD/0gWcIvb0GzudCKMGwg=,/A5FMDtB8VrjaaueNKaU9B2JVig=
-165,276,/FKayhrD/0gWcIvb0GzudCKMGwg=,/A5FMDtB8VrjaaueNKaU9B2JVig=
-166,276,/FKayhrD/0gWcIvb0GzudCKMGwg=,/A5FMDtB8VrjaaueNKaU9B2JVig=
-167,276,/FKayhrD/0gWcIvb0GzudCKMGwg=,/A5FMDtB8VrjaaueNKaU9B2JVig=
-168,276,/FKayhrD/0gWcIvb0GzudCKMGwg=,/A5FMDtB8VrjaaueNKaU9B2JVig=
-169,276,/FKayhrD/0gWcIvb0GzudCKMGwg=,/A5FMDtB8VrjaaueNKaU9B2JVig=
-170,276,/FKayhrD/0gWcIvb0GzudCKMGwg=,/A5FMDtB8VrjaaueNKaU9B2JVig=
-171,276,/FKayhrD/0gWcIvb0GzudCKMGwg=,/A5FMDtB8VrjaaueNKaU9B2JVig=
-172,276,/FKayhrD/0gWcIvb0GzudCKMGwg=,/A5FMDtB8VrjaaueNKaU9B2JVig=
-171,272,/FKayhrD/0gWcIvb0GzudCKMGwg=,/A5FMDtB8VrjaaueNKaU9B2JVig=
-174,274,/FKayhrD/0gWcIvb0GzudCKMGwg=,/A5FMDtB8VrjaaueNKaU9B2JVig=
-173,276,/FKayhrD/0gWcIvb0GzudCKMGwg=,/A5FMDtB8VrjaaueNKaU9B2JVig=
-174,276,/FKayhrD/0gWcIvb0GzudCKMGwg=,/A5FMDtB8VrjaaueNKaU9B2JVig=
-176,276,/FKayhrD/0gWcIvb0GzudCKMGwg=,/A5FMDtB8VrjaaueNKaU9B2JVig=
-163,277,/FKayhrD/0gWcIvb0GzudCKMGwg=,/A5FMDtB8VrjaaueNKaU9B2JVig=
-161,275,/FKayhrD/0gWcIvb0GzudCKMGwg=,/A5FMDtB8VrjaaueNKaU9B2JVig=
-175,276,/FKayhrD/0gWcIvb0GzudCKMGwg=,/A5FMDtB8VrjaaueNKaU9B2JVig=
-162,275,/FKayhrD/0gWcIvb0GzudCKMGwg=,/A5FMDtB8VrjaaueNKaU9B2JVig=
-163,275,/FKayhrD/0gWcIvb0GzudCKMGwg=,/A5FMDtB8VrjaaueNKaU9B2JVig=
-164,275,/FKayhrD/0gWcIvb0GzudCKMGwg=,/A5FMDtB8VrjaaueNKaU9B2JVig=
-165,275,/FKayhrD/0gWcIvb0GzudCKMGwg=,/A5FMDtB8VrjaaueNKaU9B2JVig=
-166,275,/FKayhrD/0gWcIvb0GzudCKMGwg=,/A5FMDtB8VrjaaueNKaU9B2JVig=
-167,275,/FKayhrD/0gWcIvb0GzudCKMGwg=,/A5FMDtB8VrjaaueNKaU9B2JVig=
-168,275,/FKayhrD/0gWcIvb0GzudCKMGwg=,/A5FMDtB8VrjaaueNKaU9B2JVig=
-169,275,/FKayhrD/0gWcIvb0GzudCKMGwg=,/A5FMDtB8VrjaaueNKaU9B2JVig=
-170,275,/FKayhrD/0gWcIvb0GzudCKMGwg=,/A5FMDtB8VrjaaueNKaU9B2JVig=
-172,272,/FKayhrD/0gWcIvb0GzudCKMGwg=,/A5FMDtB8VrjaaueNKaU9B2JVig=
-173,275,/FKayhrD/0gWcIvb0GzudCKMGwg=,/A5FMDtB8VrjaaueNKaU9B2JVig=
-172,275,/FKayhrD/0gWcIvb0GzudCKMGwg=,/A5FMDtB8VrjaaueNKaU9B2JVig=
-171,275,/FKayhrD/0gWcIvb0GzudCKMGwg=,/A5FMDtB8VrjaaueNKaU9B2JVig=
-175,273,/FKayhrD/0gWcIvb0GzudCKMGwg=,/A5FMDtB8VrjaaueNKaU9B2JVig=
-176,272,/FKayhrD/0gWcIvb0GzudCKMGwg=,/A5FMDtB8VrjaaueNKaU9B2JVig=
-175,272,/FKayhrD/0gWcIvb0GzudCKMGwg=,/A5FMDtB8VrjaaueNKaU9B2JVig=
-175,274,/FKayhrD/0gWcIvb0GzudCKMGwg=,/A5FMDtB8VrjaaueNKaU9B2JVig=
-176,274,/FKayhrD/0gWcIvb0GzudCKMGwg=,/A5FMDtB8VrjaaueNKaU9B2JVig=
-174,272,/FKayhrD/0gWcIvb0GzudCKMGwg=,/A5FMDtB8VrjaaueNKaU9B2JVig=
-174,273,/FKayhrD/0gWcIvb0GzudCKMGwg=,/A5FMDtB8VrjaaueNKaU9B2JVig=
-173,256,/FKayhrD/0gWcIvb0GzudCKMGwg=,unQPcKMHvjkOMaFRjEge7hALidM=
-166,258,/FKayhrD/0gWcIvb0GzudCKMGwg=,unQPcKMHvjkOMaFRjEge7hALidM=
-161,271,/FKayhrD/0gWcIvb0GzudCKMGwg=,unQPcKMHvjkOMaFRjEge7hALidM=
-167,258,/FKayhrD/0gWcIvb0GzudCKMGwg=,unQPcKMHvjkOMaFRjEge7hALidM=
-164,258,KBt35CDy1LrVXkpKY5g6Fn27zBc=,unQPcKMHvjkOMaFRjEge7hALidM=
-169,258,KBt35CDy1LrVXkpKY5g6Fn27zBc=,unQPcKMHvjkOMaFRjEge7hALidM=
-171,258,KBt35CDy1LrVXkpKY5g6Fn27zBc=,unQPcKMHvjkOMaFRjEge7hALidM=
-168,258,KBt35CDy1LrVXkpKY5g6Fn27zBc=,unQPcKMHvjkOMaFRjEge7hALidM=
-170,258,KBt35CDy1LrVXkpKY5g6Fn27zBc=,unQPcKMHvjkOMaFRjEge7hALidM=
-174,258,KBt35CDy1LrVXkpKY5g6Fn27zBc=,unQPcKMHvjkOMaFRjEge7hALidM=
-173,258,KBt35CDy1LrVXkpKY5g6Fn27zBc=,unQPcKMHvjkOMaFRjEge7hALidM=
-175,258,KBt35CDy1LrVXkpKY5g6Fn27zBc=,unQPcKMHvjkOMaFRjEge7hALidM=
-162,271,KBt35CDy1LrVXkpKY5g6Fn27zBc=,unQPcKMHvjkOMaFRjEge7hALidM=
-176,258,KBt35CDy1LrVXkpKY5g6Fn27zBc=,unQPcKMHvjkOMaFRjEge7hALidM=
-172,258,KBt35CDy1LrVXkpKY5g6Fn27zBc=,unQPcKMHvjkOMaFRjEge7hALidM=
-163,271,KBt35CDy1LrVXkpKY5g6Fn27zBc=,unQPcKMHvjkOMaFRjEge7hALidM=
-164,271,KBt35CDy1LrVXkpKY5g6Fn27zBc=,unQPcKMHvjkOMaFRjEge7hALidM=
-165,271,KBt35CDy1LrVXkpKY5g6Fn27zBc=,unQPcKMHvjkOMaFRjEge7hALidM=
-174,256,KBt35CDy1LrVXkpKY5g6Fn27zBc=,unQPcKMHvjkOMaFRjEge7hALidM=
-166,271,KBt35CDy1LrVXkpKY5g6Fn27zBc=,unQPcKMHvjkOMaFRjEge7hALidM=
-167,271,KBt35CDy1LrVXkpKY5g6Fn27zBc=,unQPcKMHvjkOMaFRjEge7hALidM=
-168,271,KBt35CDy1LrVXkpKY5g6Fn27zBc=,unQPcKMHvjkOMaFRjEge7hALidM=
-169,271,KBt35CDy1LrVXkpKY5g6Fn27zBc=,unQPcKMHvjkOMaFRjEge7hALidM=
-171,271,KBt35CDy1LrVXkpKY5g6Fn27zBc=,unQPcKMHvjkOMaFRjEge7hALidM=
-170,271,KBt35CDy1LrVXkpKY5g6Fn27zBc=,unQPcKMHvjkOMaFRjEge7hALidM=
-173,271,KBt35CDy1LrVXkpKY5g6Fn27zBc=,unQPcKMHvjkOMaFRjEge7hALidM=
-176,271,KBt35CDy1LrVXkpKY5g6Fn27zBc=,unQPcKMHvjkOMaFRjEge7hALidM=
-161,270,KBt35CDy1LrVXkpKY5g6Fn27zBc=,unQPcKMHvjkOMaFRjEge7hALidM=
-162,270,KBt35CDy1LrVXkpKY5g6Fn27zBc=,unQPcKMHvjkOMaFRjEge7hALidM=
-163,270,KBt35CDy1LrVXkpKY5g6Fn27zBc=,unQPcKMHvjkOMaFRjEge7hALidM=
-164,270,KBt35CDy1LrVXkpKY5g6Fn27zBc=,unQPcKMHvjkOMaFRjEge7hALidM=
-165,270,KBt35CDy1LrVXkpKY5g6Fn27zBc=,unQPcKMHvjkOMaFRjEge7hALidM=
-166,270,KBt35CDy1LrVXkpKY5g6Fn27zBc=,unQPcKMHvjkOMaFRjEge7hALidM=
-167,270,KBt35CDy1LrVXkpKY5g6Fn27zBc=,unQPcKMHvjkOMaFRjEge7hALidM=
-168,270,KBt35CDy1LrVXkpKY5g6Fn27zBc=,unQPcKMHvjkOMaFRjEge7hALidM=
-169,270,KBt35CDy1LrVXkpKY5g6Fn27zBc=,unQPcKMHvjkOMaFRjEge7hALidM=
-171,270,KBt35CDy1LrVXkpKY5g6Fn27zBc=,unQPcKMHvjkOMaFRjEge7hALidM=
-170,270,KBt35CDy1LrVXkpKY5g6Fn27zBc=,unQPcKMHvjkOMaFRjEge7hALidM=
-172,270,KBt35CDy1LrVXkpKY5g6Fn27zBc=,unQPcKMHvjkOMaFRjEge7hALidM=
-162,257,KBt35CDy1LrVXkpKY5g6Fn27zBc=,unQPcKMHvjkOMaFRjEge7hALidM=
-161,257,KBt35CDy1LrVXkpKY5g6Fn27zBc=,unQPcKMHvjkOMaFRjEge7hALidM=
-175,257,KBt35CDy1LrVXkpKY5g6Fn27zBc=,unQPcKMHvjkOMaFRjEge7hALidM=
-167,259,KBt35CDy1LrVXkpKY5g6Fn27zBc=,unQPcKMHvjkOMaFRjEge7hALidM=
-172,271,KBt35CDy1LrVXkpKY5g6Fn27zBc=,unQPcKMHvjkOMaFRjEge7hALidM=
-176,257,KBt35CDy1LrVXkpKY5g6Fn27zBc=,unQPcKMHvjkOMaFRjEge7hALidM=
-176,270,KBt35CDy1LrVXkpKY5g6Fn27zBc=,unQPcKMHvjkOMaFRjEge7hALidM=
-161,269,KBt35CDy1LrVXkpKY5g6Fn27zBc=,unQPcKMHvjkOMaFRjEge7hALidM=
-175,256,KBt35CDy1LrVXkpKY5g6Fn27zBc=,unQPcKMHvjkOMaFRjEge7hALidM=
-166,259,KBt35CDy1LrVXkpKY5g6Fn27zBc=,unQPcKMHvjkOMaFRjEge7hALidM=
-162,269,KBt35CDy1LrVXkpKY5g6Fn27zBc=,unQPcKMHvjkOMaFRjEge7hALidM=
-163,269,KBt35CDy1LrVXkpKY5g6Fn27zBc=,unQPcKMHvjkOMaFRjEge7hALidM=
-164,269,KBt35CDy1LrVXkpKY5g6Fn27zBc=,unQPcKMHvjkOMaFRjEge7hALidM=
-165,269,KBt35CDy1LrVXkpKY5g6Fn27zBc=,unQPcKMHvjkOMaFRjEge7hALidM=
-166,269,KBt35CDy1LrVXkpKY5g6Fn27zBc=,unQPcKMHvjkOMaFRjEge7hALidM=
-167,269,KBt35CDy1LrVXkpKY5g6Fn27zBc=,unQPcKMHvjkOMaFRjEge7hALidM=
-168,269,KBt35CDy1LrVXkpKY5g6Fn27zBc=,unQPcKMHvjkOMaFRjEge7hALidM=
-169,269,KBt35CDy1LrVXkpKY5g6Fn27zBc=,unQPcKMHvjkOMaFRjEge7hALidM=
-170,269,KBt35CDy1LrVXkpKY5g6Fn27zBc=,unQPcKMHvjkOMaFRjEge7hALidM=
-173,270,KBt35CDy1LrVXkpKY5g6Fn27zBc=,unQPcKMHvjkOMaFRjEge7hALidM=
-171,269,KBt35CDy1LrVXkpKY5g6Fn27zBc=,unQPcKMHvjkOMaFRjEge7hALidM=
-165,258,KBt35CDy1LrVXkpKY5g6Fn27zBc=,unQPcKMHvjkOMaFRjEge7hALidM=
-173,269,KBt35CDy1LrVXkpKY5g6Fn27zBc=,unQPcKMHvjkOMaFRjEge7hALidM=
-168,259,KBt35CDy1LrVXkpKY5g6Fn27zBc=,unQPcKMHvjkOMaFRjEge7hALidM=
-163,258,KBt35CDy1LrVXkpKY5g6Fn27zBc=,unQPcKMHvjkOMaFRjEge7hALidM=
-175,269,KBt35CDy1LrVXkpKY5g6Fn27zBc=,unQPcKMHvjkOMaFRjEge7hALidM=
-175,270,KBt35CDy1LrVXkpKY5g6Fn27zBc=,unQPcKMHvjkOMaFRjEge7hALidM=
-176,269,KBt35CDy1LrVXkpKY5g6Fn27zBc=,unQPcKMHvjkOMaFRjEge7hALidM=
-161,268,KBt35CDy1LrVXkpKY5g6Fn27zBc=,unQPcKMHvjkOMaFRjEge7hALidM=
-162,268,KBt35CDy1LrVXkpKY5g6Fn27zBc=,unQPcKMHvjkOMaFRjEge7hALidM=
-163,268,KBt35CDy1LrVXkpKY5g6Fn27zBc=,unQPcKMHvjkOMaFRjEge7hALidM=
-164,268,KBt35CDy1LrVXkpKY5g6Fn27zBc=,unQPcKMHvjkOMaFRjEge7hALidM=
-165,268,KBt35CDy1LrVXkpKY5g6Fn27zBc=,unQPcKMHvjkOMaFRjEge7hALidM=
-166,268,KBt35CDy1LrVXkpKY5g6Fn27zBc=,unQPcKMHvjkOMaFRjEge7hALidM=
-167,268,KBt35CDy1LrVXkpKY5g6Fn27zBc=,unQPcKMHvjkOMaFRjEge7hALidM=
-168,268,KBt35CDy1LrVXkpKY5g6Fn27zBc=,unQPcKMHvjkOMaFRjEge7hALidM=
-161,256,KBt35CDy1LrVXkpKY5g6Fn27zBc=,unQPcKMHvjkOMaFRjEge7hALidM=
-169,268,KBt35CDy1LrVXkpKY5g6Fn27zBc=,unQPcKMHvjkOMaFRjEge7hALidM=
-174,269,KBt35CDy1LrVXkpKY5g6Fn27zBc=,unQPcKMHvjkOMaFRjEge7hALidM=
-175,271,KBt35CDy1LrVXkpKY5g6Fn27zBc=,unQPcKMHvjkOMaFRjEge7hALidM=
-164,259,KBt35CDy1LrVXkpKY5g6Fn27zBc=,unQPcKMHvjkOMaFRjEge7hALidM=
-172,269,KBt35CDy1LrVXkpKY5g6Fn27zBc=,unQPcKMHvjkOMaFRjEge7hALidM=
-163,257,KBt35CDy1LrVXkpKY5g6Fn27zBc=,unQPcKMHvjkOMaFRjEge7hALidM=
-169,259,KBt35CDy1LrVXkpKY5g6Fn27zBc=,unQPcKMHvjkOMaFRjEge7hALidM=
-174,268,KBt35CDy1LrVXkpKY5g6Fn27zBc=,unQPcKMHvjkOMaFRjEge7hALidM=
-175,268,KBt35CDy1LrVXkpKY5g6Fn27zBc=,unQPcKMHvjkOMaFRjEge7hALidM=
-165,257,KBt35CDy1LrVXkpKY5g6Fn27zBc=,unQPcKMHvjkOMaFRjEge7hALidM=
-176,268,KBt35CDy1LrVXkpKY5g6Fn27zBc=,unQPcKMHvjkOMaFRjEge7hALidM=
-161,267,KBt35CDy1LrVXkpKY5g6Fn27zBc=,unQPcKMHvjkOMaFRjEge7hALidM=
-162,267,KBt35CDy1LrVXkpKY5g6Fn27zBc=,unQPcKMHvjkOMaFRjEge7hALidM=
-163,267,KBt35CDy1LrVXkpKY5g6Fn27zBc=,unQPcKMHvjkOMaFRjEge7hALidM=
-164,267,KBt35CDy1LrVXkpKY5g6Fn27zBc=,unQPcKMHvjkOMaFRjEge7hALidM=
-166,267,KBt35CDy1LrVXkpKY5g6Fn27zBc=,unQPcKMHvjkOMaFRjEge7hALidM=
-165,267,KBt35CDy1LrVXkpKY5g6Fn27zBc=,unQPcKMHvjkOMaFRjEge7hALidM=
-167,267,KBt35CDy1LrVXkpKY5g6Fn27zBc=,unQPcKMHvjkOMaFRjEge7hALidM=
-168,267,KBt35CDy1LrVXkpKY5g6Fn27zBc=,unQPcKMHvjkOMaFRjEge7hALidM=
-169,267,KBt35CDy1LrVXkpKY5g6Fn27zBc=,unQPcKMHvjkOMaFRjEge7hALidM=
-170,268,KBt35CDy1LrVXkpKY5g6Fn27zBc=,unQPcKMHvjkOMaFRjEge7hALidM=
-164,257,KBt35CDy1LrVXkpKY5g6Fn27zBc=,unQPcKMHvjkOMaFRjEge7hALidM=
-163,256,KBt35CDy1LrVXkpKY5g6Fn27zBc=,unQPcKMHvjkOMaFRjEge7hALidM=
-170,259,KBt35CDy1LrVXkpKY5g6Fn27zBc=,unQPcKMHvjkOMaFRjEge7hALidM=
-162,256,KBt35CDy1LrVXkpKY5g6Fn27zBc=,unQPcKMHvjkOMaFRjEge7hALidM=
-174,270,KBt35CDy1LrVXkpKY5g6Fn27zBc=,unQPcKMHvjkOMaFRjEge7hALidM=
-165,259,KBt35CDy1LrVXkpKY5g6Fn27zBc=,unQPcKMHvjkOMaFRjEge7hALidM=
-175,267,KBt35CDy1LrVXkpKY5g6Fn27zBc=,unQPcKMHvjkOMaFRjEge7hALidM=
-166,257,KBt35CDy1LrVXkpKY5g6Fn27zBc=,unQPcKMHvjkOMaFRjEge7hALidM=
-176,267,KBt35CDy1LrVXkpKY5g6Fn27zBc=,unQPcKMHvjkOMaFRjEge7hALidM=
-161,266,KBt35CDy1LrVXkpKY5g6Fn27zBc=,unQPcKMHvjkOMaFRjEge7hALidM=
-162,266,KBt35CDy1LrVXkpKY5g6Fn27zBc=,unQPcKMHvjkOMaFRjEge7hALidM=
-163,266,KBt35CDy1LrVXkpKY5g6Fn27zBc=,unQPcKMHvjkOMaFRjEge7hALidM=
-164,266,KBt35CDy1LrVXkpKY5g6Fn27zBc=,unQPcKMHvjkOMaFRjEge7hALidM=
-165,266,KBt35CDy1LrVXkpKY5g6Fn27zBc=,unQPcKMHvjkOMaFRjEge7hALidM=
-166,266,KBt35CDy1LrVXkpKY5g6Fn27zBc=,unQPcKMHvjkOMaFRjEge7hALidM=
-171,267,KBt35CDy1LrVXkpKY5g6Fn27zBc=,unQPcKMHvjkOMaFRjEge7hALidM=
-162,258,KBt35CDy1LrVXkpKY5g6Fn27zBc=,unQPcKMHvjkOMaFRjEge7hALidM=
-172,256,KBt35CDy1LrVXkpKY5g6Fn27zBc=,unQPcKMHvjkOMaFRjEge7hALidM=
-171,268,KBt35CDy1LrVXkpKY5g6Fn27zBc=,unQPcKMHvjkOMaFRjEge7hALidM=
-174,271,KBt35CDy1LrVXkpKY5g6Fn27zBc=,unQPcKMHvjkOMaFRjEge7hALidM=
-170,267,KBt35CDy1LrVXkpKY5g6Fn27zBc=,unQPcKMHvjkOMaFRjEge7hALidM=
-164,256,KBt35CDy1LrVXkpKY5g6Fn27zBc=,unQPcKMHvjkOMaFRjEge7hALidM=
-171,259,KBt35CDy1LrVXkpKY5g6Fn27zBc=,unQPcKMHvjkOMaFRjEge7hALidM=
-173,267,KBt35CDy1LrVXkpKY5g6Fn27zBc=,unQPcKMHvjkOMaFRjEge7hALidM=
-173,268,KBt35CDy1LrVXkpKY5g6Fn27zBc=,unQPcKMHvjkOMaFRjEge7hALidM=
-173,266,KBt35CDy1LrVXkpKY5g6Fn27zBc=,unQPcKMHvjkOMaFRjEge7hALidM=
-174,266,KBt35CDy1LrVXkpKY5g6Fn27zBc=,unQPcKMHvjkOMaFRjEge7hALidM=
-175,266,KBt35CDy1LrVXkpKY5g6Fn27zBc=,unQPcKMHvjkOMaFRjEge7hALidM=
-167,257,KBt35CDy1LrVXkpKY5g6Fn27zBc=,unQPcKMHvjkOMaFRjEge7hALidM=
-176,266,KBt35CDy1LrVXkpKY5g6Fn27zBc=,unQPcKMHvjkOMaFRjEge7hALidM=
-161,265,KBt35CDy1LrVXkpKY5g6Fn27zBc=,unQPcKMHvjkOMaFRjEge7hALidM=
-162,265,KBt35CDy1LrVXkpKY5g6Fn27zBc=,unQPcKMHvjkOMaFRjEge7hALidM=
-163,265,KBt35CDy1LrVXkpKY5g6Fn27zBc=,unQPcKMHvjkOMaFRjEge7hALidM=
-164,265,KBt35CDy1LrVXkpKY5g6Fn27zBc=,unQPcKMHvjkOMaFRjEge7hALidM=
-165,265,KBt35CDy1LrVXkpKY5g6Fn27zBc=,unQPcKMHvjkOMaFRjEge7hALidM=
-174,267,KBt35CDy1LrVXkpKY5g6Fn27zBc=,unQPcKMHvjkOMaFRjEge7hALidM=
-172,268,KBt35CDy1LrVXkpKY5g6Fn27zBc=,unQPcKMHvjkOMaFRjEge7hALidM=
-169,266,KBt35CDy1LrVXkpKY5g6Fn27zBc=,unQPcKMHvjkOMaFRjEge7hALidM=
-167,265,KBt35CDy1LrVXkpKY5g6Fn27zBc=,unQPcKMHvjkOMaFRjEge7hALidM=
-171,266,KBt35CDy1LrVXkpKY5g6Fn27zBc=,unQPcKMHvjkOMaFRjEge7hALidM=
-165,256,KBt35CDy1LrVXkpKY5g6Fn27zBc=,unQPcKMHvjkOMaFRjEge7hALidM=
-172,259,KBt35CDy1LrVXkpKY5g6Fn27zBc=,unQPcKMHvjkOMaFRjEge7hALidM=
-168,266,KBt35CDy1LrVXkpKY5g6Fn27zBc=,unQPcKMHvjkOMaFRjEge7hALidM=
-172,266,KBt35CDy1LrVXkpKY5g6Fn27zBc=,unQPcKMHvjkOMaFRjEge7hALidM=
-173,265,KBt35CDy1LrVXkpKY5g6Fn27zBc=,unQPcKMHvjkOMaFRjEge7hALidM=
-174,265,KBt35CDy1LrVXkpKY5g6Fn27zBc=,unQPcKMHvjkOMaFRjEge7hALidM=
-175,265,KBt35CDy1LrVXkpKY5g6Fn27zBc=,unQPcKMHvjkOMaFRjEge7hALidM=
-168,257,KBt35CDy1LrVXkpKY5g6Fn27zBc=,unQPcKMHvjkOMaFRjEge7hALidM=
-176,265,KBt35CDy1LrVXkpKY5g6Fn27zBc=,unQPcKMHvjkOMaFRjEge7hALidM=
-161,264,KBt35CDy1LrVXkpKY5g6Fn27zBc=,unQPcKMHvjkOMaFRjEge7hALidM=
-162,264,KBt35CDy1LrVXkpKY5g6Fn27zBc=,unQPcKMHvjkOMaFRjEge7hALidM=
-163,264,KBt35CDy1LrVXkpKY5g6Fn27zBc=,unQPcKMHvjkOMaFRjEge7hALidM=
-164,264,KBt35CDy1LrVXkpKY5g6Fn27zBc=,unQPcKMHvjkOMaFRjEge7hALidM=
-167,266,KBt35CDy1LrVXkpKY5g6Fn27zBc=,unQPcKMHvjkOMaFRjEge7hALidM=
-163,259,KBt35CDy1LrVXkpKY5g6Fn27zBc=,unQPcKMHvjkOMaFRjEge7hALidM=
-169,265,KBt35CDy1LrVXkpKY5g6Fn27zBc=,unQPcKMHvjkOMaFRjEge7hALidM=
-170,266,KBt35CDy1LrVXkpKY5g6Fn27zBc=,unQPcKMHvjkOMaFRjEge7hALidM=
-168,265,KBt35CDy1LrVXkpKY5g6Fn27zBc=,unQPcKMHvjkOMaFRjEge7hALidM=
-166,256,KBt35CDy1LrVXkpKY5g6Fn27zBc=,unQPcKMHvjkOMaFRjEge7hALidM=
-173,259,KBt35CDy1LrVXkpKY5g6Fn27zBc=,unQPcKMHvjkOMaFRjEge7hALidM=
-172,267,KBt35CDy1LrVXkpKY5g6Fn27zBc=,unQPcKMHvjkOMaFRjEge7hALidM=
-166,265,KBt35CDy1LrVXkpKY5g6Fn27zBc=,unQPcKMHvjkOMaFRjEge7hALidM=
-170,264,KBt35CDy1LrVXkpKY5g6Fn27zBc=,unQPcKMHvjkOMaFRjEge7hALidM=
-173,264,KBt35CDy1LrVXkpKY5g6Fn27zBc=,unQPcKMHvjkOMaFRjEge7hALidM=
-172,264,KBt35CDy1LrVXkpKY5g6Fn27zBc=,unQPcKMHvjkOMaFRjEge7hALidM=
-174,264,KBt35CDy1LrVXkpKY5g6Fn27zBc=,unQPcKMHvjkOMaFRjEge7hALidM=
-175,264,KBt35CDy1LrVXkpKY5g6Fn27zBc=,unQPcKMHvjkOMaFRjEge7hALidM=
-169,257,KBt35CDy1LrVXkpKY5g6Fn27zBc=,unQPcKMHvjkOMaFRjEge7hALidM=
-176,264,KBt35CDy1LrVXkpKY5g6Fn27zBc=,unQPcKMHvjkOMaFRjEge7hALidM=
-161,263,KBt35CDy1LrVXkpKY5g6Fn27zBc=,unQPcKMHvjkOMaFRjEge7hALidM=
-162,263,KBt35CDy1LrVXkpKY5g6Fn27zBc=,unQPcKMHvjkOMaFRjEge7hALidM=
-163,263,KBt35CDy1LrVXkpKY5g6Fn27zBc=,unQPcKMHvjkOMaFRjEge7hALidM=
-164,263,KBt35CDy1LrVXkpKY5g6Fn27zBc=,unQPcKMHvjkOMaFRjEge7hALidM=
-171,264,KBt35CDy1LrVXkpKY5g6Fn27zBc=,unQPcKMHvjkOMaFRjEge7hALidM=
-170,265,KBt35CDy1LrVXkpKY5g6Fn27zBc=,unQPcKMHvjkOMaFRjEge7hALidM=
-165,264,KBt35CDy1LrVXkpKY5g6Fn27zBc=,unQPcKMHvjkOMaFRjEge7hALidM=
-167,256,KBt35CDy1LrVXkpKY5g6Fn27zBc=,unQPcKMHvjkOMaFRjEge7hALidM=
-174,259,KBt35CDy1LrVXkpKY5g6Fn27zBc=,unQPcKMHvjkOMaFRjEge7hALidM=
-172,265,KBt35CDy1LrVXkpKY5g6Fn27zBc=,unQPcKMHvjkOMaFRjEge7hALidM=
-169,263,KBt35CDy1LrVXkpKY5g6Fn27zBc=,unQPcKMHvjkOMaFRjEge7hALidM=
-170,263,KBt35CDy1LrVXkpKY5g6Fn27zBc=,unQPcKMHvjkOMaFRjEge7hALidM=
-171,263,KBt35CDy1LrVXkpKY5g6Fn27zBc=,unQPcKMHvjkOMaFRjEge7hALidM=
-172,263,KBt35CDy1LrVXkpKY5g6Fn27zBc=,unQPcKMHvjkOMaFRjEge7hALidM=
-173,263,KBt35CDy1LrVXkpKY5g6Fn27zBc=,unQPcKMHvjkOMaFRjEge7hALidM=
-174,263,KBt35CDy1LrVXkpKY5g6Fn27zBc=,unQPcKMHvjkOMaFRjEge7hALidM=
-175,263,KBt35CDy1LrVXkpKY5g6Fn27zBc=,unQPcKMHvjkOMaFRjEge7hALidM=
-170,257,KBt35CDy1LrVXkpKY5g6Fn27zBc=,unQPcKMHvjkOMaFRjEge7hALidM=
-176,263,KBt35CDy1LrVXkpKY5g6Fn27zBc=,unQPcKMHvjkOMaFRjEge7hALidM=
-161,262,KBt35CDy1LrVXkpKY5g6Fn27zBc=,unQPcKMHvjkOMaFRjEge7hALidM=
-162,262,KBt35CDy1LrVXkpKY5g6Fn27zBc=,unQPcKMHvjkOMaFRjEge7hALidM=
-164,262,KBt35CDy1LrVXkpKY5g6Fn27zBc=,unQPcKMHvjkOMaFRjEge7hALidM=
-165,263,KBt35CDy1LrVXkpKY5g6Fn27zBc=,unQPcKMHvjkOMaFRjEge7hALidM=
-163,262,KBt35CDy1LrVXkpKY5g6Fn27zBc=,unQPcKMHvjkOMaFRjEge7hALidM=
-171,265,KBt35CDy1LrVXkpKY5g6Fn27zBc=,unQPcKMHvjkOMaFRjEge7hALidM=
-168,256,KBt35CDy1LrVXkpKY5g6Fn27zBc=,unQPcKMHvjkOMaFRjEge7hALidM=
-175,259,KBt35CDy1LrVXkpKY5g6Fn27zBc=,unQPcKMHvjkOMaFRjEge7hALidM=
-165,262,KBt35CDy1LrVXkpKY5g6Fn27zBc=,unQPcKMHvjkOMaFRjEge7hALidM=
-166,264,KBt35CDy1LrVXkpKY5g6Fn27zBc=,unQPcKMHvjkOMaFRjEge7hALidM=
-169,262,KBt35CDy1LrVXkpKY5g6Fn27zBc=,unQPcKMHvjkOMaFRjEge7hALidM=
-170,262,KBt35CDy1LrVXkpKY5g6Fn27zBc=,unQPcKMHvjkOMaFRjEge7hALidM=
-171,262,KBt35CDy1LrVXkpKY5g6Fn27zBc=,unQPcKMHvjkOMaFRjEge7hALidM=
-172,262,KBt35CDy1LrVXkpKY5g6Fn27zBc=,unQPcKMHvjkOMaFRjEge7hALidM=
-173,262,KBt35CDy1LrVXkpKY5g6Fn27zBc=,unQPcKMHvjkOMaFRjEge7hALidM=
-175,262,KBt35CDy1LrVXkpKY5g6Fn27zBc=,unQPcKMHvjkOMaFRjEge7hALidM=
-167,264,KBt35CDy1LrVXkpKY5g6Fn27zBc=,unQPcKMHvjkOMaFRjEge7hALidM=
-174,262,KBt35CDy1LrVXkpKY5g6Fn27zBc=,unQPcKMHvjkOMaFRjEge7hALidM=
-171,257,KBt35CDy1LrVXkpKY5g6Fn27zBc=,unQPcKMHvjkOMaFRjEge7hALidM=
-176,262,KBt35CDy1LrVXkpKY5g6Fn27zBc=,unQPcKMHvjkOMaFRjEge7hALidM=
-161,261,KBt35CDy1LrVXkpKY5g6Fn27zBc=,unQPcKMHvjkOMaFRjEge7hALidM=
-162,261,KBt35CDy1LrVXkpKY5g6Fn27zBc=,unQPcKMHvjkOMaFRjEge7hALidM=
-164,261,KBt35CDy1LrVXkpKY5g6Fn27zBc=,unQPcKMHvjkOMaFRjEge7hALidM=
-169,264,KBt35CDy1LrVXkpKY5g6Fn27zBc=,unQPcKMHvjkOMaFRjEge7hALidM=
-169,256,KBt35CDy1LrVXkpKY5g6Fn27zBc=,unQPcKMHvjkOMaFRjEge7hALidM=
-176,259,KBt35CDy1LrVXkpKY5g6Fn27zBc=,unQPcKMHvjkOMaFRjEge7hALidM=
-172,257,KBt35CDy1LrVXkpKY5g6Fn27zBc=,unQPcKMHvjkOMaFRjEge7hALidM=
-168,263,KBt35CDy1LrVXkpKY5g6Fn27zBc=,unQPcKMHvjkOMaFRjEge7hALidM=
-166,262,KBt35CDy1LrVXkpKY5g6Fn27zBc=,unQPcKMHvjkOMaFRjEge7hALidM=
-168,261,KBt35CDy1LrVXkpKY5g6Fn27zBc=,unQPcKMHvjkOMaFRjEge7hALidM=
-169,261,KBt35CDy1LrVXkpKY5g6Fn27zBc=,unQPcKMHvjkOMaFRjEge7hALidM=
-172,261,KBt35CDy1LrVXkpKY5g6Fn27zBc=,unQPcKMHvjkOMaFRjEge7hALidM=
-171,261,KBt35CDy1LrVXkpKY5g6Fn27zBc=,unQPcKMHvjkOMaFRjEge7hALidM=
-170,261,KBt35CDy1LrVXkpKY5g6Fn27zBc=,unQPcKMHvjkOMaFRjEge7hALidM=
-173,261,KBt35CDy1LrVXkpKY5g6Fn27zBc=,unQPcKMHvjkOMaFRjEge7hALidM=
-174,261,KBt35CDy1LrVXkpKY5g6Fn27zBc=,unQPcKMHvjkOMaFRjEge7hALidM=
-175,261,KBt35CDy1LrVXkpKY5g6Fn27zBc=,unQPcKMHvjkOMaFRjEge7hALidM=
-173,257,KBt35CDy1LrVXkpKY5g6Fn27zBc=,unQPcKMHvjkOMaFRjEge7hALidM=
-176,261,KBt35CDy1LrVXkpKY5g6Fn27zBc=,unQPcKMHvjkOMaFRjEge7hALidM=
-161,260,KBt35CDy1LrVXkpKY5g6Fn27zBc=,unQPcKMHvjkOMaFRjEge7hALidM=
-168,262,KBt35CDy1LrVXkpKY5g6Fn27zBc=,unQPcKMHvjkOMaFRjEge7hALidM=
-167,262,KBt35CDy1LrVXkpKY5g6Fn27zBc=,unQPcKMHvjkOMaFRjEge7hALidM=
-167,263,KBt35CDy1LrVXkpKY5g6Fn27zBc=,unQPcKMHvjkOMaFRjEge7hALidM=
-170,256,KBt35CDy1LrVXkpKY5g6Fn27zBc=,unQPcKMHvjkOMaFRjEge7hALidM=
-167,261,KBt35CDy1LrVXkpKY5g6Fn27zBc=,unQPcKMHvjkOMaFRjEge7hALidM=
-168,264,KBt35CDy1LrVXkpKY5g6Fn27zBc=,unQPcKMHvjkOMaFRjEge7hALidM=
-166,263,KBt35CDy1LrVXkpKY5g6Fn27zBc=,unQPcKMHvjkOMaFRjEge7hALidM=
-165,261,KBt35CDy1LrVXkpKY5g6Fn27zBc=,unQPcKMHvjkOMaFRjEge7hALidM=
-168,260,KBt35CDy1LrVXkpKY5g6Fn27zBc=,unQPcKMHvjkOMaFRjEge7hALidM=
-169,260,KBt35CDy1LrVXkpKY5g6Fn27zBc=,unQPcKMHvjkOMaFRjEge7hALidM=
-170,260,KBt35CDy1LrVXkpKY5g6Fn27zBc=,unQPcKMHvjkOMaFRjEge7hALidM=
-171,260,KBt35CDy1LrVXkpKY5g6Fn27zBc=,unQPcKMHvjkOMaFRjEge7hALidM=
-172,260,KBt35CDy1LrVXkpKY5g6Fn27zBc=,unQPcKMHvjkOMaFRjEge7hALidM=
-173,260,KBt35CDy1LrVXkpKY5g6Fn27zBc=,unQPcKMHvjkOMaFRjEge7hALidM=
-176,256,KBt35CDy1LrVXkpKY5g6Fn27zBc=,unQPcKMHvjkOMaFRjEge7hALidM=
-174,260,KBt35CDy1LrVXkpKY5g6Fn27zBc=,unQPcKMHvjkOMaFRjEge7hALidM=
-175,260,KBt35CDy1LrVXkpKY5g6Fn27zBc=,unQPcKMHvjkOMaFRjEge7hALidM=
-176,260,KBt35CDy1LrVXkpKY5g6Fn27zBc=,unQPcKMHvjkOMaFRjEge7hALidM=
-174,257,KBt35CDy1LrVXkpKY5g6Fn27zBc=,unQPcKMHvjkOMaFRjEge7hALidM=
-161,259,KBt35CDy1LrVXkpKY5g6Fn27zBc=,unQPcKMHvjkOMaFRjEge7hALidM=
-171,256,KBt35CDy1LrVXkpKY5g6Fn27zBc=,unQPcKMHvjkOMaFRjEge7hALidM=
-162,259,KBt35CDy1LrVXkpKY5g6Fn27zBc=,unQPcKMHvjkOMaFRjEge7hALidM=
-163,260,KBt35CDy1LrVXkpKY5g6Fn27zBc=,unQPcKMHvjkOMaFRjEge7hALidM=
-162,260,KBt35CDy1LrVXkpKY5g6Fn27zBc=,unQPcKMHvjkOMaFRjEge7hALidM=
-163,261,KBt35CDy1LrVXkpKY5g6Fn27zBc=,unQPcKMHvjkOMaFRjEge7hALidM=
-161,258,KBt35CDy1LrVXkpKY5g6Fn27zBc=,unQPcKMHvjkOMaFRjEge7hALidM=
-166,261,KBt35CDy1LrVXkpKY5g6Fn27zBc=,unQPcKMHvjkOMaFRjEge7hALidM=
-164,260,KBt35CDy1LrVXkpKY5g6Fn27zBc=,unQPcKMHvjkOMaFRjEge7hALidM=
-167,260,KBt35CDy1LrVXkpKY5g6Fn27zBc=,unQPcKMHvjkOMaFRjEge7hALidM=
-165,260,KBt35CDy1LrVXkpKY5g6Fn27zBc=,unQPcKMHvjkOMaFRjEge7hALidM=
-166,260,KBt35CDy1LrVXkpKY5g6Fn27zBc=,unQPcKMHvjkOMaFRjEge7hALidM=
-179,258,ZTAwIpiKU3gF69Nmbtch7lTZEiA=,+ZZtCXrAgWeKX5b1PDlODrWRyss=
-189,256,ZTAwIpiKU3gF69Nmbtch7lTZEiA=,+ZZtCXrAgWeKX5b1PDlODrWRyss=
-181,258,ZTAwIpiKU3gF69Nmbtch7lTZEiA=,+ZZtCXrAgWeKX5b1PDlODrWRyss=
-177,257,ZTAwIpiKU3gF69Nmbtch7lTZEiA=,+ZZtCXrAgWeKX5b1PDlODrWRyss=
-182,258,ZTAwIpiKU3gF69Nmbtch7lTZEiA=,+ZZtCXrAgWeKX5b1PDlODrWRyss=
-177,271,ZTAwIpiKU3gF69Nmbtch7lTZEiA=,+ZZtCXrAgWeKX5b1PDlODrWRyss=
-183,258,ZTAwIpiKU3gF69Nmbtch7lTZEiA=,+ZZtCXrAgWeKX5b1PDlODrWRyss=
-184,258,ZTAwIpiKU3gF69Nmbtch7lTZEiA=,+ZZtCXrAgWeKX5b1PDlODrWRyss=
-185,258,ZTAwIpiKU3gF69Nmbtch7lTZEiA=,+ZZtCXrAgWeKX5b1PDlODrWRyss=
-180,258,ZTAwIpiKU3gF69Nmbtch7lTZEiA=,+ZZtCXrAgWeKX5b1PDlODrWRyss=
-186,258,ZTAwIpiKU3gF69Nmbtch7lTZEiA=,+ZZtCXrAgWeKX5b1PDlODrWRyss=
-187,258,ZTAwIpiKU3gF69Nmbtch7lTZEiA=,+ZZtCXrAgWeKX5b1PDlODrWRyss=
-189,258,ZTAwIpiKU3gF69Nmbtch7lTZEiA=,+ZZtCXrAgWeKX5b1PDlODrWRyss=
-191,258,ZTAwIpiKU3gF69Nmbtch7lTZEiA=,+ZZtCXrAgWeKX5b1PDlODrWRyss=
-192,258,ZTAwIpiKU3gF69Nmbtch7lTZEiA=,+ZZtCXrAgWeKX5b1PDlODrWRyss=
-190,258,ZTAwIpiKU3gF69Nmbtch7lTZEiA=,+ZZtCXrAgWeKX5b1PDlODrWRyss=
-178,271,ZTAwIpiKU3gF69Nmbtch7lTZEiA=,+ZZtCXrAgWeKX5b1PDlODrWRyss=
-180,259,ZTAwIpiKU3gF69Nmbtch7lTZEiA=,+ZZtCXrAgWeKX5b1PDlODrWRyss=
-181,259,ZTAwIpiKU3gF69Nmbtch7lTZEiA=,+ZZtCXrAgWeKX5b1PDlODrWRyss=
-179,271,ZTAwIpiKU3gF69Nmbtch7lTZEiA=,+ZZtCXrAgWeKX5b1PDlODrWRyss=
-180,271,ZTAwIpiKU3gF69Nmbtch7lTZEiA=,+ZZtCXrAgWeKX5b1PDlODrWRyss=
-190,256,ZTAwIpiKU3gF69Nmbtch7lTZEiA=,+ZZtCXrAgWeKX5b1PDlODrWRyss=
-178,258,ZTAwIpiKU3gF69Nmbtch7lTZEiA=,+ZZtCXrAgWeKX5b1PDlODrWRyss=
-182,271,ZTAwIpiKU3gF69Nmbtch7lTZEiA=,+ZZtCXrAgWeKX5b1PDlODrWRyss=
-188,258,ZTAwIpiKU3gF69Nmbtch7lTZEiA=,+ZZtCXrAgWeKX5b1PDlODrWRyss=
-182,259,ZTAwIpiKU3gF69Nmbtch7lTZEiA=,+ZZtCXrAgWeKX5b1PDlODrWRyss=
-185,271,ZTAwIpiKU3gF69Nmbtch7lTZEiA=,+ZZtCXrAgWeKX5b1PDlODrWRyss=
-188,256,ZTAwIpiKU3gF69Nmbtch7lTZEiA=,+ZZtCXrAgWeKX5b1PDlODrWRyss=
-184,271,ZTAwIpiKU3gF69Nmbtch7lTZEiA=,+ZZtCXrAgWeKX5b1PDlODrWRyss=
-181,271,ZTAwIpiKU3gF69Nmbtch7lTZEiA=,+ZZtCXrAgWeKX5b1PDlODrWRyss=
-186,271,ZTAwIpiKU3gF69Nmbtch7lTZEiA=,+ZZtCXrAgWeKX5b1PDlODrWRyss=
-187,271,ZTAwIpiKU3gF69Nmbtch7lTZEiA=,+ZZtCXrAgWeKX5b1PDlODrWRyss=
-190,271,ZTAwIpiKU3gF69Nmbtch7lTZEiA=,+ZZtCXrAgWeKX5b1PDlODrWRyss=
-179,259,ZTAwIpiKU3gF69Nmbtch7lTZEiA=,+ZZtCXrAgWeKX5b1PDlODrWRyss=
-188,271,ZTAwIpiKU3gF69Nmbtch7lTZEiA=,+ZZtCXrAgWeKX5b1PDlODrWRyss=
-191,271,ZTAwIpiKU3gF69Nmbtch7lTZEiA=,+ZZtCXrAgWeKX5b1PDlODrWRyss=
-192,271,ZTAwIpiKU3gF69Nmbtch7lTZEiA=,+ZZtCXrAgWeKX5b1PDlODrWRyss=
-178,259,ZTAwIpiKU3gF69Nmbtch7lTZEiA=,+ZZtCXrAgWeKX5b1PDlODrWRyss=
-183,271,ZTAwIpiKU3gF69Nmbtch7lTZEiA=,+ZZtCXrAgWeKX5b1PDlODrWRyss=
-189,271,ZTAwIpiKU3gF69Nmbtch7lTZEiA=,+ZZtCXrAgWeKX5b1PDlODrWRyss=
-180,270,ZTAwIpiKU3gF69Nmbtch7lTZEiA=,+ZZtCXrAgWeKX5b1PDlODrWRyss=
-178,257,ZTAwIpiKU3gF69Nmbtch7lTZEiA=,+ZZtCXrAgWeKX5b1PDlODrWRyss=
-187,256,ZTAwIpiKU3gF69Nmbtch7lTZEiA=,+ZZtCXrAgWeKX5b1PDlODrWRyss=
-181,270,ZTAwIpiKU3gF69Nmbtch7lTZEiA=,+ZZtCXrAgWeKX5b1PDlODrWRyss=
-179,270,ZTAwIpiKU3gF69Nmbtch7lTZEiA=,+ZZtCXrAgWeKX5b1PDlODrWRyss=
-184,270,ZTAwIpiKU3gF69Nmbtch7lTZEiA=,+ZZtCXrAgWeKX5b1PDlODrWRyss=
-185,270,ZTAwIpiKU3gF69Nmbtch7lTZEiA=,+ZZtCXrAgWeKX5b1PDlODrWRyss=
-178,270,ZTAwIpiKU3gF69Nmbtch7lTZEiA=,+ZZtCXrAgWeKX5b1PDlODrWRyss=
-182,270,ZTAwIpiKU3gF69Nmbtch7lTZEiA=,+ZZtCXrAgWeKX5b1PDlODrWRyss=
-183,270,ZTAwIpiKU3gF69Nmbtch7lTZEiA=,+ZZtCXrAgWeKX5b1PDlODrWRyss=
-188,270,ZTAwIpiKU3gF69Nmbtch7lTZEiA=,+ZZtCXrAgWeKX5b1PDlODrWRyss=
-189,270,ZTAwIpiKU3gF69Nmbtch7lTZEiA=,+ZZtCXrAgWeKX5b1PDlODrWRyss=
-187,270,ZTAwIpiKU3gF69Nmbtch7lTZEiA=,+ZZtCXrAgWeKX5b1PDlODrWRyss=
-191,270,ZTAwIpiKU3gF69Nmbtch7lTZEiA=,+ZZtCXrAgWeKX5b1PDlODrWRyss=
-190,270,ZTAwIpiKU3gF69Nmbtch7lTZEiA=,+ZZtCXrAgWeKX5b1PDlODrWRyss=
-186,270,ZTAwIpiKU3gF69Nmbtch7lTZEiA=,+ZZtCXrAgWeKX5b1PDlODrWRyss=
-192,257,ZTAwIpiKU3gF69Nmbtch7lTZEiA=,+ZZtCXrAgWeKX5b1PDlODrWRyss=
-183,259,ZTAwIpiKU3gF69Nmbtch7lTZEiA=,+ZZtCXrAgWeKX5b1PDlODrWRyss=
-191,257,ZTAwIpiKU3gF69Nmbtch7lTZEiA=,+ZZtCXrAgWeKX5b1PDlODrWRyss=
-191,256,ZTAwIpiKU3gF69Nmbtch7lTZEiA=,+ZZtCXrAgWeKX5b1PDlODrWRyss=
-178,269,ZTAwIpiKU3gF69Nmbtch7lTZEiA=,+ZZtCXrAgWeKX5b1PDlODrWRyss=
-177,269,ZTAwIpiKU3gF69Nmbtch7lTZEiA=,+ZZtCXrAgWeKX5b1PDlODrWRyss=
-192,270,ZTAwIpiKU3gF69Nmbtch7lTZEiA=,+ZZtCXrAgWeKX5b1PDlODrWRyss=
-179,269,ZTAwIpiKU3gF69Nmbtch7lTZEiA=,+ZZtCXrAgWeKX5b1PDlODrWRyss=
-181,269,ZTAwIpiKU3gF69Nmbtch7lTZEiA=,+ZZtCXrAgWeKX5b1PDlODrWRyss=
-182,269,ZTAwIpiKU3gF69Nmbtch7lTZEiA=,+ZZtCXrAgWeKX5b1PDlODrWRyss=
-183,269,ZTAwIpiKU3gF69Nmbtch7lTZEiA=,+ZZtCXrAgWeKX5b1PDlODrWRyss=
-184,269,ZTAwIpiKU3gF69Nmbtch7lTZEiA=,+ZZtCXrAgWeKX5b1PDlODrWRyss=
-185,269,ZTAwIpiKU3gF69Nmbtch7lTZEiA=,+ZZtCXrAgWeKX5b1PDlODrWRyss=
-180,269,ZTAwIpiKU3gF69Nmbtch7lTZEiA=,+ZZtCXrAgWeKX5b1PDlODrWRyss=
-187,269,ZTAwIpiKU3gF69Nmbtch7lTZEiA=,+ZZtCXrAgWeKX5b1PDlODrWRyss=
-188,269,ZTAwIpiKU3gF69Nmbtch7lTZEiA=,+ZZtCXrAgWeKX5b1PDlODrWRyss=
-189,269,ZTAwIpiKU3gF69Nmbtch7lTZEiA=,+ZZtCXrAgWeKX5b1PDlODrWRyss=
-179,257,ZTAwIpiKU3gF69Nmbtch7lTZEiA=,+ZZtCXrAgWeKX5b1PDlODrWRyss=
-186,269,ZTAwIpiKU3gF69Nmbtch7lTZEiA=,+ZZtCXrAgWeKX5b1PDlODrWRyss=
-184,259,ZTAwIpiKU3gF69Nmbtch7lTZEiA=,+ZZtCXrAgWeKX5b1PDlODrWRyss=
-180,257,ZTAwIpiKU3gF69Nmbtch7lTZEiA=,+ZZtCXrAgWeKX5b1PDlODrWRyss=
-190,269,ZTAwIpiKU3gF69Nmbtch7lTZEiA=,+ZZtCXrAgWeKX5b1PDlODrWRyss=
-191,269,ZTAwIpiKU3gF69Nmbtch7lTZEiA=,+ZZtCXrAgWeKX5b1PDlODrWRyss=
-177,256,ZTAwIpiKU3gF69Nmbtch7lTZEiA=,+ZZtCXrAgWeKX5b1PDlODrWRyss=
-177,268,ZTAwIpiKU3gF69Nmbtch7lTZEiA=,+ZZtCXrAgWeKX5b1PDlODrWRyss=
-178,268,ZTAwIpiKU3gF69Nmbtch7lTZEiA=,+ZZtCXrAgWeKX5b1PDlODrWRyss=
-177,259,ZTAwIpiKU3gF69Nmbtch7lTZEiA=,+ZZtCXrAgWeKX5b1PDlODrWRyss=
-183,268,ZTAwIpiKU3gF69Nmbtch7lTZEiA=,+ZZtCXrAgWeKX5b1PDlODrWRyss=
-179,268,ZTAwIpiKU3gF69Nmbtch7lTZEiA=,+ZZtCXrAgWeKX5b1PDlODrWRyss=
-184,268,ZTAwIpiKU3gF69Nmbtch7lTZEiA=,+ZZtCXrAgWeKX5b1PDlODrWRyss=
-180,268,ZTAwIpiKU3gF69Nmbtch7lTZEiA=,+ZZtCXrAgWeKX5b1PDlODrWRyss=
-185,268,ZTAwIpiKU3gF69Nmbtch7lTZEiA=,+ZZtCXrAgWeKX5b1PDlODrWRyss=
-187,268,ZTAwIpiKU3gF69Nmbtch7lTZEiA=,+ZZtCXrAgWeKX5b1PDlODrWRyss=
-182,268,ZTAwIpiKU3gF69Nmbtch7lTZEiA=,+ZZtCXrAgWeKX5b1PDlODrWRyss=
-181,268,ZTAwIpiKU3gF69Nmbtch7lTZEiA=,+ZZtCXrAgWeKX5b1PDlODrWRyss=
-186,268,ZTAwIpiKU3gF69Nmbtch7lTZEiA=,+ZZtCXrAgWeKX5b1PDlODrWRyss=
-190,257,ZTAwIpiKU3gF69Nmbtch7lTZEiA=,+ZZtCXrAgWeKX5b1PDlODrWRyss=
-188,268,ZTAwIpiKU3gF69Nmbtch7lTZEiA=,+ZZtCXrAgWeKX5b1PDlODrWRyss=
-192,269,ZTAwIpiKU3gF69Nmbtch7lTZEiA=,+ZZtCXrAgWeKX5b1PDlODrWRyss=
-190,268,ZTAwIpiKU3gF69Nmbtch7lTZEiA=,+ZZtCXrAgWeKX5b1PDlODrWRyss=
-192,260,ZTAwIpiKU3gF69Nmbtch7lTZEiA=,+ZZtCXrAgWeKX5b1PDlODrWRyss=
-191,268,ZTAwIpiKU3gF69Nmbtch7lTZEiA=,+ZZtCXrAgWeKX5b1PDlODrWRyss=
-178,256,ZTAwIpiKU3gF69Nmbtch7lTZEiA=,+ZZtCXrAgWeKX5b1PDlODrWRyss=
-192,268,ZTAwIpiKU3gF69Nmbtch7lTZEiA=,+ZZtCXrAgWeKX5b1PDlODrWRyss=
-177,267,ZTAwIpiKU3gF69Nmbtch7lTZEiA=,+ZZtCXrAgWeKX5b1PDlODrWRyss=
-178,267,ZTAwIpiKU3gF69Nmbtch7lTZEiA=,+ZZtCXrAgWeKX5b1PDlODrWRyss=
-191,260,ZTAwIpiKU3gF69Nmbtch7lTZEiA=,+ZZtCXrAgWeKX5b1PDlODrWRyss=
-179,267,ZTAwIpiKU3gF69Nmbtch7lTZEiA=,+ZZtCXrAgWeKX5b1PDlODrWRyss=
-180,267,ZTAwIpiKU3gF69Nmbtch7lTZEiA=,+ZZtCXrAgWeKX5b1PDlODrWRyss=
-185,259,ZTAwIpiKU3gF69Nmbtch7lTZEiA=,+ZZtCXrAgWeKX5b1PDlODrWRyss=
-189,268,ZTAwIpiKU3gF69Nmbtch7lTZEiA=,+ZZtCXrAgWeKX5b1PDlODrWRyss=
-181,267,ZTAwIpiKU3gF69Nmbtch7lTZEiA=,+ZZtCXrAgWeKX5b1PDlODrWRyss=
-182,267,ZTAwIpiKU3gF69Nmbtch7lTZEiA=,+ZZtCXrAgWeKX5b1PDlODrWRyss=
-181,257,ZTAwIpiKU3gF69Nmbtch7lTZEiA=,+ZZtCXrAgWeKX5b1PDlODrWRyss=
-183,267,ZTAwIpiKU3gF69Nmbtch7lTZEiA=,+ZZtCXrAgWeKX5b1PDlODrWRyss=
-184,267,ZTAwIpiKU3gF69Nmbtch7lTZEiA=,+ZZtCXrAgWeKX5b1PDlODrWRyss=
-187,267,ZTAwIpiKU3gF69Nmbtch7lTZEiA=,+ZZtCXrAgWeKX5b1PDlODrWRyss=
-186,267,ZTAwIpiKU3gF69Nmbtch7lTZEiA=,+ZZtCXrAgWeKX5b1PDlODrWRyss=
-185,267,ZTAwIpiKU3gF69Nmbtch7lTZEiA=,+ZZtCXrAgWeKX5b1PDlODrWRyss=
-179,256,ZTAwIpiKU3gF69Nmbtch7lTZEiA=,+ZZtCXrAgWeKX5b1PDlODrWRyss=
-190,260,ZTAwIpiKU3gF69Nmbtch7lTZEiA=,+ZZtCXrAgWeKX5b1PDlODrWRyss=
-189,267,ZTAwIpiKU3gF69Nmbtch7lTZEiA=,+ZZtCXrAgWeKX5b1PDlODrWRyss=
-190,267,ZTAwIpiKU3gF69Nmbtch7lTZEiA=,+ZZtCXrAgWeKX5b1PDlODrWRyss=
-186,259,ZTAwIpiKU3gF69Nmbtch7lTZEiA=,+ZZtCXrAgWeKX5b1PDlODrWRyss=
-192,256,ZTAwIpiKU3gF69Nmbtch7lTZEiA=,+ZZtCXrAgWeKX5b1PDlODrWRyss=
-192,267,ZTAwIpiKU3gF69Nmbtch7lTZEiA=,+ZZtCXrAgWeKX5b1PDlODrWRyss=
-188,267,ZTAwIpiKU3gF69Nmbtch7lTZEiA=,+ZZtCXrAgWeKX5b1PDlODrWRyss=
-178,266,ZTAwIpiKU3gF69Nmbtch7lTZEiA=,+ZZtCXrAgWeKX5b1PDlODrWRyss=
-177,266,ZTAwIpiKU3gF69Nmbtch7lTZEiA=,+ZZtCXrAgWeKX5b1PDlODrWRyss=
-182,257,ZTAwIpiKU3gF69Nmbtch7lTZEiA=,+ZZtCXrAgWeKX5b1PDlODrWRyss=
-191,267,ZTAwIpiKU3gF69Nmbtch7lTZEiA=,+ZZtCXrAgWeKX5b1PDlODrWRyss=
-179,266,ZTAwIpiKU3gF69Nmbtch7lTZEiA=,+ZZtCXrAgWeKX5b1PDlODrWRyss=
-189,260,ZTAwIpiKU3gF69Nmbtch7lTZEiA=,+ZZtCXrAgWeKX5b1PDlODrWRyss=
-182,266,ZTAwIpiKU3gF69Nmbtch7lTZEiA=,+ZZtCXrAgWeKX5b1PDlODrWRyss=
-181,266,ZTAwIpiKU3gF69Nmbtch7lTZEiA=,+ZZtCXrAgWeKX5b1PDlODrWRyss=
-180,266,ZTAwIpiKU3gF69Nmbtch7lTZEiA=,+ZZtCXrAgWeKX5b1PDlODrWRyss=
-183,266,ZTAwIpiKU3gF69Nmbtch7lTZEiA=,+ZZtCXrAgWeKX5b1PDlODrWRyss=
-184,266,ZTAwIpiKU3gF69Nmbtch7lTZEiA=,+ZZtCXrAgWeKX5b1PDlODrWRyss=
-185,266,ZTAwIpiKU3gF69Nmbtch7lTZEiA=,+ZZtCXrAgWeKX5b1PDlODrWRyss=
-186,266,ZTAwIpiKU3gF69Nmbtch7lTZEiA=,+ZZtCXrAgWeKX5b1PDlODrWRyss=
-188,260,ZTAwIpiKU3gF69Nmbtch7lTZEiA=,+ZZtCXrAgWeKX5b1PDlODrWRyss=
-187,259,ZTAwIpiKU3gF69Nmbtch7lTZEiA=,+ZZtCXrAgWeKX5b1PDlODrWRyss=
-180,256,ZTAwIpiKU3gF69Nmbtch7lTZEiA=,+ZZtCXrAgWeKX5b1PDlODrWRyss=
-188,266,ZTAwIpiKU3gF69Nmbtch7lTZEiA=,+ZZtCXrAgWeKX5b1PDlODrWRyss=
-189,266,ZTAwIpiKU3gF69Nmbtch7lTZEiA=,+ZZtCXrAgWeKX5b1PDlODrWRyss=
-183,257,ZTAwIpiKU3gF69Nmbtch7lTZEiA=,+ZZtCXrAgWeKX5b1PDlODrWRyss=
-191,266,ZTAwIpiKU3gF69Nmbtch7lTZEiA=,+ZZtCXrAgWeKX5b1PDlODrWRyss=
-190,266,ZTAwIpiKU3gF69Nmbtch7lTZEiA=,+ZZtCXrAgWeKX5b1PDlODrWRyss=
-192,266,ZTAwIpiKU3gF69Nmbtch7lTZEiA=,+ZZtCXrAgWeKX5b1PDlODrWRyss=
-178,265,ZTAwIpiKU3gF69Nmbtch7lTZEiA=,+ZZtCXrAgWeKX5b1PDlODrWRyss=
-187,260,ZTAwIpiKU3gF69Nmbtch7lTZEiA=,+ZZtCXrAgWeKX5b1PDlODrWRyss=
-187,266,ZTAwIpiKU3gF69Nmbtch7lTZEiA=,+ZZtCXrAgWeKX5b1PDlODrWRyss=
-177,265,ZTAwIpiKU3gF69Nmbtch7lTZEiA=,+ZZtCXrAgWeKX5b1PDlODrWRyss=
-182,265,ZTAwIpiKU3gF69Nmbtch7lTZEiA=,+ZZtCXrAgWeKX5b1PDlODrWRyss=
-181,265,ZTAwIpiKU3gF69Nmbtch7lTZEiA=,+ZZtCXrAgWeKX5b1PDlODrWRyss=
-183,265,ZTAwIpiKU3gF69Nmbtch7lTZEiA=,+ZZtCXrAgWeKX5b1PDlODrWRyss=
-180,265,ZTAwIpiKU3gF69Nmbtch7lTZEiA=,+ZZtCXrAgWeKX5b1PDlODrWRyss=
-179,265,ZTAwIpiKU3gF69Nmbtch7lTZEiA=,+ZZtCXrAgWeKX5b1PDlODrWRyss=
-185,265,ZTAwIpiKU3gF69Nmbtch7lTZEiA=,+ZZtCXrAgWeKX5b1PDlODrWRyss=
-181,256,ZTAwIpiKU3gF69Nmbtch7lTZEiA=,+ZZtCXrAgWeKX5b1PDlODrWRyss=
-186,260,ZTAwIpiKU3gF69Nmbtch7lTZEiA=,+ZZtCXrAgWeKX5b1PDlODrWRyss=
-186,265,ZTAwIpiKU3gF69Nmbtch7lTZEiA=,+ZZtCXrAgWeKX5b1PDlODrWRyss=
-188,259,ZTAwIpiKU3gF69Nmbtch7lTZEiA=,+ZZtCXrAgWeKX5b1PDlODrWRyss=
-188,265,ZTAwIpiKU3gF69Nmbtch7lTZEiA=,+ZZtCXrAgWeKX5b1PDlODrWRyss=
-189,265,ZTAwIpiKU3gF69Nmbtch7lTZEiA=,+ZZtCXrAgWeKX5b1PDlODrWRyss=
-187,265,ZTAwIpiKU3gF69Nmbtch7lTZEiA=,+ZZtCXrAgWeKX5b1PDlODrWRyss=
-190,265,ZTAwIpiKU3gF69Nmbtch7lTZEiA=,+ZZtCXrAgWeKX5b1PDlODrWRyss=
-191,265,ZTAwIpiKU3gF69Nmbtch7lTZEiA=,+ZZtCXrAgWeKX5b1PDlODrWRyss=
-185,260,ZTAwIpiKU3gF69Nmbtch7lTZEiA=,+ZZtCXrAgWeKX5b1PDlODrWRyss=
-192,265,ZTAwIpiKU3gF69Nmbtch7lTZEiA=,+ZZtCXrAgWeKX5b1PDlODrWRyss=
-184,265,ZTAwIpiKU3gF69Nmbtch7lTZEiA=,+ZZtCXrAgWeKX5b1PDlODrWRyss=
-177,264,ZTAwIpiKU3gF69Nmbtch7lTZEiA=,+ZZtCXrAgWeKX5b1PDlODrWRyss=
-179,264,ZTAwIpiKU3gF69Nmbtch7lTZEiA=,+ZZtCXrAgWeKX5b1PDlODrWRyss=
-184,257,ZTAwIpiKU3gF69Nmbtch7lTZEiA=,+ZZtCXrAgWeKX5b1PDlODrWRyss=
-180,264,ZTAwIpiKU3gF69Nmbtch7lTZEiA=,+ZZtCXrAgWeKX5b1PDlODrWRyss=
-181,264,ZTAwIpiKU3gF69Nmbtch7lTZEiA=,+ZZtCXrAgWeKX5b1PDlODrWRyss=
-184,260,ZTAwIpiKU3gF69Nmbtch7lTZEiA=,+ZZtCXrAgWeKX5b1PDlODrWRyss=
-178,264,ZTAwIpiKU3gF69Nmbtch7lTZEiA=,+ZZtCXrAgWeKX5b1PDlODrWRyss=
-182,264,ZTAwIpiKU3gF69Nmbtch7lTZEiA=,+ZZtCXrAgWeKX5b1PDlODrWRyss=
-183,264,ZTAwIpiKU3gF69Nmbtch7lTZEiA=,+ZZtCXrAgWeKX5b1PDlODrWRyss=
-185,264,ZTAwIpiKU3gF69Nmbtch7lTZEiA=,+ZZtCXrAgWeKX5b1PDlODrWRyss=
-189,259,ZTAwIpiKU3gF69Nmbtch7lTZEiA=,+ZZtCXrAgWeKX5b1PDlODrWRyss=
-184,264,ZTAwIpiKU3gF69Nmbtch7lTZEiA=,+ZZtCXrAgWeKX5b1PDlODrWRyss=
-183,260,ZTAwIpiKU3gF69Nmbtch7lTZEiA=,+ZZtCXrAgWeKX5b1PDlODrWRyss=
-182,256,ZTAwIpiKU3gF69Nmbtch7lTZEiA=,+ZZtCXrAgWeKX5b1PDlODrWRyss=
-187,264,ZTAwIpiKU3gF69Nmbtch7lTZEiA=,+ZZtCXrAgWeKX5b1PDlODrWRyss=
-189,264,ZTAwIpiKU3gF69Nmbtch7lTZEiA=,+ZZtCXrAgWeKX5b1PDlODrWRyss=
-186,264,ZTAwIpiKU3gF69Nmbtch7lTZEiA=,+ZZtCXrAgWeKX5b1PDlODrWRyss=
-191,264,ZTAwIpiKU3gF69Nmbtch7lTZEiA=,+ZZtCXrAgWeKX5b1PDlODrWRyss=
-185,257,ZTAwIpiKU3gF69Nmbtch7lTZEiA=,+ZZtCXrAgWeKX5b1PDlODrWRyss=
-182,260,ZTAwIpiKU3gF69Nmbtch7lTZEiA=,+ZZtCXrAgWeKX5b1PDlODrWRyss=
-192,264,ZTAwIpiKU3gF69Nmbtch7lTZEiA=,+ZZtCXrAgWeKX5b1PDlODrWRyss=
-190,264,ZTAwIpiKU3gF69Nmbtch7lTZEiA=,+ZZtCXrAgWeKX5b1PDlODrWRyss=
-188,264,ZTAwIpiKU3gF69Nmbtch7lTZEiA=,+ZZtCXrAgWeKX5b1PDlODrWRyss=
-180,263,ZTAwIpiKU3gF69Nmbtch7lTZEiA=,+ZZtCXrAgWeKX5b1PDlODrWRyss=
-179,263,ZTAwIpiKU3gF69Nmbtch7lTZEiA=,+ZZtCXrAgWeKX5b1PDlODrWRyss=
-177,263,ZTAwIpiKU3gF69Nmbtch7lTZEiA=,+ZZtCXrAgWeKX5b1PDlODrWRyss=
-178,263,ZTAwIpiKU3gF69Nmbtch7lTZEiA=,+ZZtCXrAgWeKX5b1PDlODrWRyss=
-181,260,ZTAwIpiKU3gF69Nmbtch7lTZEiA=,+ZZtCXrAgWeKX5b1PDlODrWRyss=
-182,263,ZTAwIpiKU3gF69Nmbtch7lTZEiA=,+ZZtCXrAgWeKX5b1PDlODrWRyss=
-183,256,ZTAwIpiKU3gF69Nmbtch7lTZEiA=,+ZZtCXrAgWeKX5b1PDlODrWRyss=
-181,263,ZTAwIpiKU3gF69Nmbtch7lTZEiA=,+ZZtCXrAgWeKX5b1PDlODrWRyss=
-184,263,ZTAwIpiKU3gF69Nmbtch7lTZEiA=,+ZZtCXrAgWeKX5b1PDlODrWRyss=
-190,259,ZTAwIpiKU3gF69Nmbtch7lTZEiA=,+ZZtCXrAgWeKX5b1PDlODrWRyss=
-183,263,ZTAwIpiKU3gF69Nmbtch7lTZEiA=,+ZZtCXrAgWeKX5b1PDlODrWRyss=
-177,258,ZTAwIpiKU3gF69Nmbtch7lTZEiA=,+ZZtCXrAgWeKX5b1PDlODrWRyss=
-185,263,ZTAwIpiKU3gF69Nmbtch7lTZEiA=,+ZZtCXrAgWeKX5b1PDlODrWRyss=
-186,263,ZTAwIpiKU3gF69Nmbtch7lTZEiA=,+ZZtCXrAgWeKX5b1PDlODrWRyss=
-190,263,ZTAwIpiKU3gF69Nmbtch7lTZEiA=,+ZZtCXrAgWeKX5b1PDlODrWRyss=
-191,263,ZTAwIpiKU3gF69Nmbtch7lTZEiA=,+ZZtCXrAgWeKX5b1PDlODrWRyss=
-186,257,ZTAwIpiKU3gF69Nmbtch7lTZEiA=,+ZZtCXrAgWeKX5b1PDlODrWRyss=
-186,256,ZTAwIpiKU3gF69Nmbtch7lTZEiA=,+ZZtCXrAgWeKX5b1PDlODrWRyss=
-189,263,ZTAwIpiKU3gF69Nmbtch7lTZEiA=,+ZZtCXrAgWeKX5b1PDlODrWRyss=
-187,263,ZTAwIpiKU3gF69Nmbtch7lTZEiA=,+ZZtCXrAgWeKX5b1PDlODrWRyss=
-192,263,ZTAwIpiKU3gF69Nmbtch7lTZEiA=,+ZZtCXrAgWeKX5b1PDlODrWRyss=
-188,263,ZTAwIpiKU3gF69Nmbtch7lTZEiA=,+ZZtCXrAgWeKX5b1PDlODrWRyss=
-178,262,ZTAwIpiKU3gF69Nmbtch7lTZEiA=,+ZZtCXrAgWeKX5b1PDlODrWRyss=
-177,262,ZTAwIpiKU3gF69Nmbtch7lTZEiA=,+ZZtCXrAgWeKX5b1PDlODrWRyss=
-182,262,ZTAwIpiKU3gF69Nmbtch7lTZEiA=,+ZZtCXrAgWeKX5b1PDlODrWRyss=
-181,262,ZTAwIpiKU3gF69Nmbtch7lTZEiA=,+ZZtCXrAgWeKX5b1PDlODrWRyss=
-191,259,ZTAwIpiKU3gF69Nmbtch7lTZEiA=,+ZZtCXrAgWeKX5b1PDlODrWRyss=
-184,256,ZTAwIpiKU3gF69Nmbtch7lTZEiA=,+ZZtCXrAgWeKX5b1PDlODrWRyss=
-179,262,ZTAwIpiKU3gF69Nmbtch7lTZEiA=,+ZZtCXrAgWeKX5b1PDlODrWRyss=
-180,260,ZTAwIpiKU3gF69Nmbtch7lTZEiA=,+ZZtCXrAgWeKX5b1PDlODrWRyss=
-180,262,ZTAwIpiKU3gF69Nmbtch7lTZEiA=,+ZZtCXrAgWeKX5b1PDlODrWRyss=
-183,262,ZTAwIpiKU3gF69Nmbtch7lTZEiA=,+ZZtCXrAgWeKX5b1PDlODrWRyss=
-185,262,ZTAwIpiKU3gF69Nmbtch7lTZEiA=,+ZZtCXrAgWeKX5b1PDlODrWRyss=
-186,262,ZTAwIpiKU3gF69Nmbtch7lTZEiA=,+ZZtCXrAgWeKX5b1PDlODrWRyss=
-188,262,ZTAwIpiKU3gF69Nmbtch7lTZEiA=,+ZZtCXrAgWeKX5b1PDlODrWRyss=
-187,262,ZTAwIpiKU3gF69Nmbtch7lTZEiA=,+ZZtCXrAgWeKX5b1PDlODrWRyss=
-190,262,ZTAwIpiKU3gF69Nmbtch7lTZEiA=,+ZZtCXrAgWeKX5b1PDlODrWRyss=
-184,262,ZTAwIpiKU3gF69Nmbtch7lTZEiA=,+ZZtCXrAgWeKX5b1PDlODrWRyss=
-191,262,ZTAwIpiKU3gF69Nmbtch7lTZEiA=,+ZZtCXrAgWeKX5b1PDlODrWRyss=
-189,262,ZTAwIpiKU3gF69Nmbtch7lTZEiA=,+ZZtCXrAgWeKX5b1PDlODrWRyss=
-192,262,ZTAwIpiKU3gF69Nmbtch7lTZEiA=,+ZZtCXrAgWeKX5b1PDlODrWRyss=
-178,261,ZTAwIpiKU3gF69Nmbtch7lTZEiA=,+ZZtCXrAgWeKX5b1PDlODrWRyss=
-177,261,ZTAwIpiKU3gF69Nmbtch7lTZEiA=,+ZZtCXrAgWeKX5b1PDlODrWRyss=
-179,260,ZTAwIpiKU3gF69Nmbtch7lTZEiA=,+ZZtCXrAgWeKX5b1PDlODrWRyss=
-187,257,ZTAwIpiKU3gF69Nmbtch7lTZEiA=,+ZZtCXrAgWeKX5b1PDlODrWRyss=
-181,261,ZTAwIpiKU3gF69Nmbtch7lTZEiA=,+ZZtCXrAgWeKX5b1PDlODrWRyss=
-179,261,ZTAwIpiKU3gF69Nmbtch7lTZEiA=,+ZZtCXrAgWeKX5b1PDlODrWRyss=
-185,256,ZTAwIpiKU3gF69Nmbtch7lTZEiA=,+ZZtCXrAgWeKX5b1PDlODrWRyss=
-180,261,ZTAwIpiKU3gF69Nmbtch7lTZEiA=,+ZZtCXrAgWeKX5b1PDlODrWRyss=
-182,261,ZTAwIpiKU3gF69Nmbtch7lTZEiA=,+ZZtCXrAgWeKX5b1PDlODrWRyss=
-178,260,ZTAwIpiKU3gF69Nmbtch7lTZEiA=,+ZZtCXrAgWeKX5b1PDlODrWRyss=
-183,261,ZTAwIpiKU3gF69Nmbtch7lTZEiA=,+ZZtCXrAgWeKX5b1PDlODrWRyss=
-192,259,ZTAwIpiKU3gF69Nmbtch7lTZEiA=,+ZZtCXrAgWeKX5b1PDlODrWRyss=
-188,257,ZTAwIpiKU3gF69Nmbtch7lTZEiA=,+ZZtCXrAgWeKX5b1PDlODrWRyss=
-187,261,ZTAwIpiKU3gF69Nmbtch7lTZEiA=,+ZZtCXrAgWeKX5b1PDlODrWRyss=
-184,261,ZTAwIpiKU3gF69Nmbtch7lTZEiA=,+ZZtCXrAgWeKX5b1PDlODrWRyss=
-185,261,ZTAwIpiKU3gF69Nmbtch7lTZEiA=,+ZZtCXrAgWeKX5b1PDlODrWRyss=
-186,261,ZTAwIpiKU3gF69Nmbtch7lTZEiA=,+ZZtCXrAgWeKX5b1PDlODrWRyss=
-188,261,ZTAwIpiKU3gF69Nmbtch7lTZEiA=,+ZZtCXrAgWeKX5b1PDlODrWRyss=
-177,260,ZTAwIpiKU3gF69Nmbtch7lTZEiA=,+ZZtCXrAgWeKX5b1PDlODrWRyss=
-190,261,ZTAwIpiKU3gF69Nmbtch7lTZEiA=,+ZZtCXrAgWeKX5b1PDlODrWRyss=
-189,257,ZTAwIpiKU3gF69Nmbtch7lTZEiA=,+ZZtCXrAgWeKX5b1PDlODrWRyss=
-189,261,ZTAwIpiKU3gF69Nmbtch7lTZEiA=,+ZZtCXrAgWeKX5b1PDlODrWRyss=
-192,261,ZTAwIpiKU3gF69Nmbtch7lTZEiA=,+ZZtCXrAgWeKX5b1PDlODrWRyss=
-177,270,ZTAwIpiKU3gF69Nmbtch7lTZEiA=,+ZZtCXrAgWeKX5b1PDlODrWRyss=
-191,261,ZTAwIpiKU3gF69Nmbtch7lTZEiA=,+ZZtCXrAgWeKX5b1PDlODrWRyss=
-177,287,ZTAwIpiKU3gF69Nmbtch7lTZEiA=,o1AeFIaEVStPc83dGBhLHovMBcs=
-178,287,ZTAwIpiKU3gF69Nmbtch7lTZEiA=,o1AeFIaEVStPc83dGBhLHovMBcs=
-180,287,ZTAwIpiKU3gF69Nmbtch7lTZEiA=,o1AeFIaEVStPc83dGBhLHovMBcs=
-181,287,ZTAwIpiKU3gF69Nmbtch7lTZEiA=,o1AeFIaEVStPc83dGBhLHovMBcs=
-179,287,ZTAwIpiKU3gF69Nmbtch7lTZEiA=,o1AeFIaEVStPc83dGBhLHovMBcs=
-183,287,ZTAwIpiKU3gF69Nmbtch7lTZEiA=,o1AeFIaEVStPc83dGBhLHovMBcs=
-182,287,ZTAwIpiKU3gF69Nmbtch7lTZEiA=,o1AeFIaEVStPc83dGBhLHovMBcs=
-186,287,ZTAwIpiKU3gF69Nmbtch7lTZEiA=,o1AeFIaEVStPc83dGBhLHovMBcs=
-187,287,ZTAwIpiKU3gF69Nmbtch7lTZEiA=,o1AeFIaEVStPc83dGBhLHovMBcs=
-184,287,ZTAwIpiKU3gF69Nmbtch7lTZEiA=,o1AeFIaEVStPc83dGBhLHovMBcs=
-189,272,ZTAwIpiKU3gF69Nmbtch7lTZEiA=,o1AeFIaEVStPc83dGBhLHovMBcs=
-188,287,ZTAwIpiKU3gF69Nmbtch7lTZEiA=,o1AeFIaEVStPc83dGBhLHovMBcs=
-185,287,ZTAwIpiKU3gF69Nmbtch7lTZEiA=,o1AeFIaEVStPc83dGBhLHovMBcs=
-189,287,ZTAwIpiKU3gF69Nmbtch7lTZEiA=,o1AeFIaEVStPc83dGBhLHovMBcs=
-177,273,ZTAwIpiKU3gF69Nmbtch7lTZEiA=,o1AeFIaEVStPc83dGBhLHovMBcs=
-191,287,ZTAwIpiKU3gF69Nmbtch7lTZEiA=,o1AeFIaEVStPc83dGBhLHovMBcs=
-191,273,ZTAwIpiKU3gF69Nmbtch7lTZEiA=,o1AeFIaEVStPc83dGBhLHovMBcs=
-190,287,ZTAwIpiKU3gF69Nmbtch7lTZEiA=,o1AeFIaEVStPc83dGBhLHovMBcs=
-179,273,ZTAwIpiKU3gF69Nmbtch7lTZEiA=,o1AeFIaEVStPc83dGBhLHovMBcs=
-177,286,ZTAwIpiKU3gF69Nmbtch7lTZEiA=,o1AeFIaEVStPc83dGBhLHovMBcs=
-192,287,ZTAwIpiKU3gF69Nmbtch7lTZEiA=,o1AeFIaEVStPc83dGBhLHovMBcs=
-184,273,ZTAwIpiKU3gF69Nmbtch7lTZEiA=,o1AeFIaEVStPc83dGBhLHovMBcs=
-178,274,ZTAwIpiKU3gF69Nmbtch7lTZEiA=,o1AeFIaEVStPc83dGBhLHovMBcs=
-177,274,ZTAwIpiKU3gF69Nmbtch7lTZEiA=,o1AeFIaEVStPc83dGBhLHovMBcs=
-192,275,ZTAwIpiKU3gF69Nmbtch7lTZEiA=,o1AeFIaEVStPc83dGBhLHovMBcs=
-178,273,ZTAwIpiKU3gF69Nmbtch7lTZEiA=,o1AeFIaEVStPc83dGBhLHovMBcs=
-183,273,ZTAwIpiKU3gF69Nmbtch7lTZEiA=,o1AeFIaEVStPc83dGBhLHovMBcs=
-188,273,ZTAwIpiKU3gF69Nmbtch7lTZEiA=,o1AeFIaEVStPc83dGBhLHovMBcs=
-189,273,ZTAwIpiKU3gF69Nmbtch7lTZEiA=,o1AeFIaEVStPc83dGBhLHovMBcs=
-190,273,ZTAwIpiKU3gF69Nmbtch7lTZEiA=,o1AeFIaEVStPc83dGBhLHovMBcs=
-190,272,ZTAwIpiKU3gF69Nmbtch7lTZEiA=,o1AeFIaEVStPc83dGBhLHovMBcs=
-178,286,ZTAwIpiKU3gF69Nmbtch7lTZEiA=,o1AeFIaEVStPc83dGBhLHovMBcs=
-182,273,ZTAwIpiKU3gF69Nmbtch7lTZEiA=,o1AeFIaEVStPc83dGBhLHovMBcs=
-179,286,ZTAwIpiKU3gF69Nmbtch7lTZEiA=,o1AeFIaEVStPc83dGBhLHovMBcs=
-180,286,ZTAwIpiKU3gF69Nmbtch7lTZEiA=,o1AeFIaEVStPc83dGBhLHovMBcs=
-181,286,ZTAwIpiKU3gF69Nmbtch7lTZEiA=,o1AeFIaEVStPc83dGBhLHovMBcs=
-182,286,ZTAwIpiKU3gF69Nmbtch7lTZEiA=,o1AeFIaEVStPc83dGBhLHovMBcs=
-183,286,ZTAwIpiKU3gF69Nmbtch7lTZEiA=,o1AeFIaEVStPc83dGBhLHovMBcs=
-184,286,ZTAwIpiKU3gF69Nmbtch7lTZEiA=,o1AeFIaEVStPc83dGBhLHovMBcs=
-185,286,ZTAwIpiKU3gF69Nmbtch7lTZEiA=,o1AeFIaEVStPc83dGBhLHovMBcs=
-186,286,ZTAwIpiKU3gF69Nmbtch7lTZEiA=,o1AeFIaEVStPc83dGBhLHovMBcs=
-187,286,ZTAwIpiKU3gF69Nmbtch7lTZEiA=,o1AeFIaEVStPc83dGBhLHovMBcs=
-188,286,ZTAwIpiKU3gF69Nmbtch7lTZEiA=,o1AeFIaEVStPc83dGBhLHovMBcs=
-189,286,ZTAwIpiKU3gF69Nmbtch7lTZEiA=,o1AeFIaEVStPc83dGBhLHovMBcs=
-190,286,ZTAwIpiKU3gF69Nmbtch7lTZEiA=,o1AeFIaEVStPc83dGBhLHovMBcs=
-191,286,ZTAwIpiKU3gF69Nmbtch7lTZEiA=,o1AeFIaEVStPc83dGBhLHovMBcs=
-192,286,ZTAwIpiKU3gF69Nmbtch7lTZEiA=,o1AeFIaEVStPc83dGBhLHovMBcs=
-177,285,ZTAwIpiKU3gF69Nmbtch7lTZEiA=,o1AeFIaEVStPc83dGBhLHovMBcs=
-178,285,ZTAwIpiKU3gF69Nmbtch7lTZEiA=,o1AeFIaEVStPc83dGBhLHovMBcs=
-192,273,ZTAwIpiKU3gF69Nmbtch7lTZEiA=,o1AeFIaEVStPc83dGBhLHovMBcs=
-187,273,ZTAwIpiKU3gF69Nmbtch7lTZEiA=,o1AeFIaEVStPc83dGBhLHovMBcs=
-179,285,ZTAwIpiKU3gF69Nmbtch7lTZEiA=,o1AeFIaEVStPc83dGBhLHovMBcs=
-180,285,ZTAwIpiKU3gF69Nmbtch7lTZEiA=,o1AeFIaEVStPc83dGBhLHovMBcs=
-180,274,ZTAwIpiKU3gF69Nmbtch7lTZEiA=,o1AeFIaEVStPc83dGBhLHovMBcs=
-181,285,ZTAwIpiKU3gF69Nmbtch7lTZEiA=,o1AeFIaEVStPc83dGBhLHovMBcs=
-186,273,ZTAwIpiKU3gF69Nmbtch7lTZEiA=,o1AeFIaEVStPc83dGBhLHovMBcs=
-182,285,ZTAwIpiKU3gF69Nmbtch7lTZEiA=,o1AeFIaEVStPc83dGBhLHovMBcs=
-183,285,ZTAwIpiKU3gF69Nmbtch7lTZEiA=,o1AeFIaEVStPc83dGBhLHovMBcs=
-184,285,ZTAwIpiKU3gF69Nmbtch7lTZEiA=,o1AeFIaEVStPc83dGBhLHovMBcs=
-185,285,ZTAwIpiKU3gF69Nmbtch7lTZEiA=,o1AeFIaEVStPc83dGBhLHovMBcs=
-186,285,ZTAwIpiKU3gF69Nmbtch7lTZEiA=,o1AeFIaEVStPc83dGBhLHovMBcs=
-187,285,ZTAwIpiKU3gF69Nmbtch7lTZEiA=,o1AeFIaEVStPc83dGBhLHovMBcs=
-188,285,ZTAwIpiKU3gF69Nmbtch7lTZEiA=,o1AeFIaEVStPc83dGBhLHovMBcs=
-189,285,ZTAwIpiKU3gF69Nmbtch7lTZEiA=,o1AeFIaEVStPc83dGBhLHovMBcs=
-190,285,ZTAwIpiKU3gF69Nmbtch7lTZEiA=,o1AeFIaEVStPc83dGBhLHovMBcs=
-191,285,ZTAwIpiKU3gF69Nmbtch7lTZEiA=,o1AeFIaEVStPc83dGBhLHovMBcs=
-181,273,ZTAwIpiKU3gF69Nmbtch7lTZEiA=,o1AeFIaEVStPc83dGBhLHovMBcs=
-192,285,ZTAwIpiKU3gF69Nmbtch7lTZEiA=,o1AeFIaEVStPc83dGBhLHovMBcs=
-191,272,ZTAwIpiKU3gF69Nmbtch7lTZEiA=,o1AeFIaEVStPc83dGBhLHovMBcs=
-177,284,ZTAwIpiKU3gF69Nmbtch7lTZEiA=,o1AeFIaEVStPc83dGBhLHovMBcs=
-178,284,ZTAwIpiKU3gF69Nmbtch7lTZEiA=,o1AeFIaEVStPc83dGBhLHovMBcs=
-179,284,ZTAwIpiKU3gF69Nmbtch7lTZEiA=,o1AeFIaEVStPc83dGBhLHovMBcs=
-180,284,ZTAwIpiKU3gF69Nmbtch7lTZEiA=,o1AeFIaEVStPc83dGBhLHovMBcs=
-178,272,ZTAwIpiKU3gF69Nmbtch7lTZEiA=,o1AeFIaEVStPc83dGBhLHovMBcs=
-181,284,ZTAwIpiKU3gF69Nmbtch7lTZEiA=,o1AeFIaEVStPc83dGBhLHovMBcs=
-182,284,ZTAwIpiKU3gF69Nmbtch7lTZEiA=,o1AeFIaEVStPc83dGBhLHovMBcs=
-183,284,ZTAwIpiKU3gF69Nmbtch7lTZEiA=,o1AeFIaEVStPc83dGBhLHovMBcs=
-184,284,ZTAwIpiKU3gF69Nmbtch7lTZEiA=,o1AeFIaEVStPc83dGBhLHovMBcs=
-185,284,ZTAwIpiKU3gF69Nmbtch7lTZEiA=,o1AeFIaEVStPc83dGBhLHovMBcs=
-187,284,ZTAwIpiKU3gF69Nmbtch7lTZEiA=,o1AeFIaEVStPc83dGBhLHovMBcs=
-186,284,ZTAwIpiKU3gF69Nmbtch7lTZEiA=,o1AeFIaEVStPc83dGBhLHovMBcs=
-188,284,ZTAwIpiKU3gF69Nmbtch7lTZEiA=,o1AeFIaEVStPc83dGBhLHovMBcs=
-189,284,ZTAwIpiKU3gF69Nmbtch7lTZEiA=,o1AeFIaEVStPc83dGBhLHovMBcs=
-190,284,ZTAwIpiKU3gF69Nmbtch7lTZEiA=,o1AeFIaEVStPc83dGBhLHovMBcs=
-191,284,ZTAwIpiKU3gF69Nmbtch7lTZEiA=,o1AeFIaEVStPc83dGBhLHovMBcs=
-192,284,ZTAwIpiKU3gF69Nmbtch7lTZEiA=,o1AeFIaEVStPc83dGBhLHovMBcs=
-177,283,ZTAwIpiKU3gF69Nmbtch7lTZEiA=,o1AeFIaEVStPc83dGBhLHovMBcs=
-178,283,ZTAwIpiKU3gF69Nmbtch7lTZEiA=,o1AeFIaEVStPc83dGBhLHovMBcs=
-179,283,ZTAwIpiKU3gF69Nmbtch7lTZEiA=,o1AeFIaEVStPc83dGBhLHovMBcs=
-180,283,ZTAwIpiKU3gF69Nmbtch7lTZEiA=,o1AeFIaEVStPc83dGBhLHovMBcs=
-181,283,ZTAwIpiKU3gF69Nmbtch7lTZEiA=,o1AeFIaEVStPc83dGBhLHovMBcs=
-179,272,ZTAwIpiKU3gF69Nmbtch7lTZEiA=,o1AeFIaEVStPc83dGBhLHovMBcs=
-182,283,ZTAwIpiKU3gF69Nmbtch7lTZEiA=,o1AeFIaEVStPc83dGBhLHovMBcs=
-183,283,ZTAwIpiKU3gF69Nmbtch7lTZEiA=,o1AeFIaEVStPc83dGBhLHovMBcs=
-184,283,ZTAwIpiKU3gF69Nmbtch7lTZEiA=,o1AeFIaEVStPc83dGBhLHovMBcs=
-185,283,ZTAwIpiKU3gF69Nmbtch7lTZEiA=,o1AeFIaEVStPc83dGBhLHovMBcs=
-186,283,ZTAwIpiKU3gF69Nmbtch7lTZEiA=,o1AeFIaEVStPc83dGBhLHovMBcs=
-187,283,ZTAwIpiKU3gF69Nmbtch7lTZEiA=,o1AeFIaEVStPc83dGBhLHovMBcs=
-188,283,ZTAwIpiKU3gF69Nmbtch7lTZEiA=,o1AeFIaEVStPc83dGBhLHovMBcs=
-189,283,ZTAwIpiKU3gF69Nmbtch7lTZEiA=,o1AeFIaEVStPc83dGBhLHovMBcs=
-190,283,ZTAwIpiKU3gF69Nmbtch7lTZEiA=,o1AeFIaEVStPc83dGBhLHovMBcs=
-191,283,ZTAwIpiKU3gF69Nmbtch7lTZEiA=,o1AeFIaEVStPc83dGBhLHovMBcs=
-192,283,ZTAwIpiKU3gF69Nmbtch7lTZEiA=,o1AeFIaEVStPc83dGBhLHovMBcs=
-177,282,ZTAwIpiKU3gF69Nmbtch7lTZEiA=,o1AeFIaEVStPc83dGBhLHovMBcs=
-178,282,ZTAwIpiKU3gF69Nmbtch7lTZEiA=,o1AeFIaEVStPc83dGBhLHovMBcs=
-179,282,ZTAwIpiKU3gF69Nmbtch7lTZEiA=,o1AeFIaEVStPc83dGBhLHovMBcs=
-180,282,ZTAwIpiKU3gF69Nmbtch7lTZEiA=,o1AeFIaEVStPc83dGBhLHovMBcs=
-181,282,ZTAwIpiKU3gF69Nmbtch7lTZEiA=,o1AeFIaEVStPc83dGBhLHovMBcs=
-182,282,ZTAwIpiKU3gF69Nmbtch7lTZEiA=,o1AeFIaEVStPc83dGBhLHovMBcs=
-177,272,ZTAwIpiKU3gF69Nmbtch7lTZEiA=,o1AeFIaEVStPc83dGBhLHovMBcs=
-185,273,ZTAwIpiKU3gF69Nmbtch7lTZEiA=,o1AeFIaEVStPc83dGBhLHovMBcs=
-183,282,ZTAwIpiKU3gF69Nmbtch7lTZEiA=,o1AeFIaEVStPc83dGBhLHovMBcs=
-184,282,ZTAwIpiKU3gF69Nmbtch7lTZEiA=,o1AeFIaEVStPc83dGBhLHovMBcs=
-185,282,ZTAwIpiKU3gF69Nmbtch7lTZEiA=,o1AeFIaEVStPc83dGBhLHovMBcs=
-186,282,ZTAwIpiKU3gF69Nmbtch7lTZEiA=,o1AeFIaEVStPc83dGBhLHovMBcs=
-187,282,ZTAwIpiKU3gF69Nmbtch7lTZEiA=,o1AeFIaEVStPc83dGBhLHovMBcs=
-188,282,ZTAwIpiKU3gF69Nmbtch7lTZEiA=,o1AeFIaEVStPc83dGBhLHovMBcs=
-189,282,ZTAwIpiKU3gF69Nmbtch7lTZEiA=,o1AeFIaEVStPc83dGBhLHovMBcs=
-190,282,ZTAwIpiKU3gF69Nmbtch7lTZEiA=,o1AeFIaEVStPc83dGBhLHovMBcs=
-192,282,ZTAwIpiKU3gF69Nmbtch7lTZEiA=,o1AeFIaEVStPc83dGBhLHovMBcs=
-177,281,ZTAwIpiKU3gF69Nmbtch7lTZEiA=,o1AeFIaEVStPc83dGBhLHovMBcs=
-191,282,ZTAwIpiKU3gF69Nmbtch7lTZEiA=,o1AeFIaEVStPc83dGBhLHovMBcs=
-178,281,ZTAwIpiKU3gF69Nmbtch7lTZEiA=,o1AeFIaEVStPc83dGBhLHovMBcs=
-179,281,ZTAwIpiKU3gF69Nmbtch7lTZEiA=,o1AeFIaEVStPc83dGBhLHovMBcs=
-180,281,ZTAwIpiKU3gF69Nmbtch7lTZEiA=,o1AeFIaEVStPc83dGBhLHovMBcs=
-181,281,ZTAwIpiKU3gF69Nmbtch7lTZEiA=,o1AeFIaEVStPc83dGBhLHovMBcs=
-182,281,ZTAwIpiKU3gF69Nmbtch7lTZEiA=,o1AeFIaEVStPc83dGBhLHovMBcs=
-183,281,ZTAwIpiKU3gF69Nmbtch7lTZEiA=,o1AeFIaEVStPc83dGBhLHovMBcs=
-180,273,ZTAwIpiKU3gF69Nmbtch7lTZEiA=,o1AeFIaEVStPc83dGBhLHovMBcs=
-180,272,ZTAwIpiKU3gF69Nmbtch7lTZEiA=,o1AeFIaEVStPc83dGBhLHovMBcs=
-184,281,ZTAwIpiKU3gF69Nmbtch7lTZEiA=,o1AeFIaEVStPc83dGBhLHovMBcs=
-185,281,ZTAwIpiKU3gF69Nmbtch7lTZEiA=,o1AeFIaEVStPc83dGBhLHovMBcs=
-179,274,ZTAwIpiKU3gF69Nmbtch7lTZEiA=,o1AeFIaEVStPc83dGBhLHovMBcs=
-186,281,ZTAwIpiKU3gF69Nmbtch7lTZEiA=,o1AeFIaEVStPc83dGBhLHovMBcs=
-188,281,ZTAwIpiKU3gF69Nmbtch7lTZEiA=,o1AeFIaEVStPc83dGBhLHovMBcs=
-189,281,ZTAwIpiKU3gF69Nmbtch7lTZEiA=,o1AeFIaEVStPc83dGBhLHovMBcs=
-187,281,ZTAwIpiKU3gF69Nmbtch7lTZEiA=,o1AeFIaEVStPc83dGBhLHovMBcs=
-191,281,ZTAwIpiKU3gF69Nmbtch7lTZEiA=,o1AeFIaEVStPc83dGBhLHovMBcs=
-192,281,ZTAwIpiKU3gF69Nmbtch7lTZEiA=,o1AeFIaEVStPc83dGBhLHovMBcs=
-190,281,ZTAwIpiKU3gF69Nmbtch7lTZEiA=,o1AeFIaEVStPc83dGBhLHovMBcs=
-177,280,ZTAwIpiKU3gF69Nmbtch7lTZEiA=,o1AeFIaEVStPc83dGBhLHovMBcs=
-178,280,ZTAwIpiKU3gF69Nmbtch7lTZEiA=,o1AeFIaEVStPc83dGBhLHovMBcs=
-179,280,ZTAwIpiKU3gF69Nmbtch7lTZEiA=,o1AeFIaEVStPc83dGBhLHovMBcs=
-180,280,ZTAwIpiKU3gF69Nmbtch7lTZEiA=,o1AeFIaEVStPc83dGBhLHovMBcs=
-181,280,ZTAwIpiKU3gF69Nmbtch7lTZEiA=,o1AeFIaEVStPc83dGBhLHovMBcs=
-182,280,ZTAwIpiKU3gF69Nmbtch7lTZEiA=,o1AeFIaEVStPc83dGBhLHovMBcs=
-183,280,ZTAwIpiKU3gF69Nmbtch7lTZEiA=,o1AeFIaEVStPc83dGBhLHovMBcs=
-184,280,ZTAwIpiKU3gF69Nmbtch7lTZEiA=,o1AeFIaEVStPc83dGBhLHovMBcs=
-182,272,ZTAwIpiKU3gF69Nmbtch7lTZEiA=,o1AeFIaEVStPc83dGBhLHovMBcs=
-185,280,ZTAwIpiKU3gF69Nmbtch7lTZEiA=,o1AeFIaEVStPc83dGBhLHovMBcs=
-186,280,ZTAwIpiKU3gF69Nmbtch7lTZEiA=,o1AeFIaEVStPc83dGBhLHovMBcs=
-187,280,ZTAwIpiKU3gF69Nmbtch7lTZEiA=,o1AeFIaEVStPc83dGBhLHovMBcs=
-188,280,ZTAwIpiKU3gF69Nmbtch7lTZEiA=,o1AeFIaEVStPc83dGBhLHovMBcs=
-189,280,ZTAwIpiKU3gF69Nmbtch7lTZEiA=,o1AeFIaEVStPc83dGBhLHovMBcs=
-190,280,ZTAwIpiKU3gF69Nmbtch7lTZEiA=,o1AeFIaEVStPc83dGBhLHovMBcs=
-191,280,ZTAwIpiKU3gF69Nmbtch7lTZEiA=,o1AeFIaEVStPc83dGBhLHovMBcs=
-192,280,ZTAwIpiKU3gF69Nmbtch7lTZEiA=,o1AeFIaEVStPc83dGBhLHovMBcs=
-177,279,ZTAwIpiKU3gF69Nmbtch7lTZEiA=,o1AeFIaEVStPc83dGBhLHovMBcs=
-178,279,ZTAwIpiKU3gF69Nmbtch7lTZEiA=,o1AeFIaEVStPc83dGBhLHovMBcs=
-179,279,ZTAwIpiKU3gF69Nmbtch7lTZEiA=,o1AeFIaEVStPc83dGBhLHovMBcs=
-180,279,ZTAwIpiKU3gF69Nmbtch7lTZEiA=,o1AeFIaEVStPc83dGBhLHovMBcs=
-182,279,ZTAwIpiKU3gF69Nmbtch7lTZEiA=,o1AeFIaEVStPc83dGBhLHovMBcs=
-181,279,ZTAwIpiKU3gF69Nmbtch7lTZEiA=,o1AeFIaEVStPc83dGBhLHovMBcs=
-183,279,ZTAwIpiKU3gF69Nmbtch7lTZEiA=,o1AeFIaEVStPc83dGBhLHovMBcs=
-184,279,ZTAwIpiKU3gF69Nmbtch7lTZEiA=,o1AeFIaEVStPc83dGBhLHovMBcs=
-185,279,ZTAwIpiKU3gF69Nmbtch7lTZEiA=,o1AeFIaEVStPc83dGBhLHovMBcs=
-183,272,ZTAwIpiKU3gF69Nmbtch7lTZEiA=,o1AeFIaEVStPc83dGBhLHovMBcs=
-187,274,ZTAwIpiKU3gF69Nmbtch7lTZEiA=,o1AeFIaEVStPc83dGBhLHovMBcs=
-186,279,ZTAwIpiKU3gF69Nmbtch7lTZEiA=,o1AeFIaEVStPc83dGBhLHovMBcs=
-187,279,ZTAwIpiKU3gF69Nmbtch7lTZEiA=,o1AeFIaEVStPc83dGBhLHovMBcs=
-188,279,ZTAwIpiKU3gF69Nmbtch7lTZEiA=,o1AeFIaEVStPc83dGBhLHovMBcs=
-189,279,ZTAwIpiKU3gF69Nmbtch7lTZEiA=,o1AeFIaEVStPc83dGBhLHovMBcs=
-190,279,ZTAwIpiKU3gF69Nmbtch7lTZEiA=,o1AeFIaEVStPc83dGBhLHovMBcs=
-191,279,ZTAwIpiKU3gF69Nmbtch7lTZEiA=,o1AeFIaEVStPc83dGBhLHovMBcs=
-192,279,ZTAwIpiKU3gF69Nmbtch7lTZEiA=,o1AeFIaEVStPc83dGBhLHovMBcs=
-177,278,ZTAwIpiKU3gF69Nmbtch7lTZEiA=,o1AeFIaEVStPc83dGBhLHovMBcs=
-178,278,ZTAwIpiKU3gF69Nmbtch7lTZEiA=,o1AeFIaEVStPc83dGBhLHovMBcs=
-179,278,ZTAwIpiKU3gF69Nmbtch7lTZEiA=,o1AeFIaEVStPc83dGBhLHovMBcs=
-180,278,ZTAwIpiKU3gF69Nmbtch7lTZEiA=,o1AeFIaEVStPc83dGBhLHovMBcs=
-181,278,ZTAwIpiKU3gF69Nmbtch7lTZEiA=,o1AeFIaEVStPc83dGBhLHovMBcs=
-182,278,ZTAwIpiKU3gF69Nmbtch7lTZEiA=,o1AeFIaEVStPc83dGBhLHovMBcs=
-183,278,ZTAwIpiKU3gF69Nmbtch7lTZEiA=,o1AeFIaEVStPc83dGBhLHovMBcs=
-184,278,ZTAwIpiKU3gF69Nmbtch7lTZEiA=,o1AeFIaEVStPc83dGBhLHovMBcs=
-185,278,ZTAwIpiKU3gF69Nmbtch7lTZEiA=,o1AeFIaEVStPc83dGBhLHovMBcs=
-186,278,ZTAwIpiKU3gF69Nmbtch7lTZEiA=,o1AeFIaEVStPc83dGBhLHovMBcs=
-184,272,ZTAwIpiKU3gF69Nmbtch7lTZEiA=,o1AeFIaEVStPc83dGBhLHovMBcs=
-181,274,ZTAwIpiKU3gF69Nmbtch7lTZEiA=,o1AeFIaEVStPc83dGBhLHovMBcs=
-187,278,ZTAwIpiKU3gF69Nmbtch7lTZEiA=,o1AeFIaEVStPc83dGBhLHovMBcs=
-188,278,ZTAwIpiKU3gF69Nmbtch7lTZEiA=,o1AeFIaEVStPc83dGBhLHovMBcs=
-189,278,ZTAwIpiKU3gF69Nmbtch7lTZEiA=,o1AeFIaEVStPc83dGBhLHovMBcs=
-190,278,ZTAwIpiKU3gF69Nmbtch7lTZEiA=,o1AeFIaEVStPc83dGBhLHovMBcs=
-191,278,ZTAwIpiKU3gF69Nmbtch7lTZEiA=,o1AeFIaEVStPc83dGBhLHovMBcs=
-192,278,ZTAwIpiKU3gF69Nmbtch7lTZEiA=,o1AeFIaEVStPc83dGBhLHovMBcs=
-177,277,ZTAwIpiKU3gF69Nmbtch7lTZEiA=,o1AeFIaEVStPc83dGBhLHovMBcs=
-178,277,ZTAwIpiKU3gF69Nmbtch7lTZEiA=,o1AeFIaEVStPc83dGBhLHovMBcs=
-179,277,ZTAwIpiKU3gF69Nmbtch7lTZEiA=,o1AeFIaEVStPc83dGBhLHovMBcs=
-180,277,ZTAwIpiKU3gF69Nmbtch7lTZEiA=,o1AeFIaEVStPc83dGBhLHovMBcs=
-181,277,ZTAwIpiKU3gF69Nmbtch7lTZEiA=,o1AeFIaEVStPc83dGBhLHovMBcs=
-182,277,ZTAwIpiKU3gF69Nmbtch7lTZEiA=,o1AeFIaEVStPc83dGBhLHovMBcs=
-183,277,ZTAwIpiKU3gF69Nmbtch7lTZEiA=,o1AeFIaEVStPc83dGBhLHovMBcs=
-184,277,ZTAwIpiKU3gF69Nmbtch7lTZEiA=,o1AeFIaEVStPc83dGBhLHovMBcs=
-185,277,ZTAwIpiKU3gF69Nmbtch7lTZEiA=,o1AeFIaEVStPc83dGBhLHovMBcs=
-191,275,ZTAwIpiKU3gF69Nmbtch7lTZEiA=,o1AeFIaEVStPc83dGBhLHovMBcs=
-183,274,ZTAwIpiKU3gF69Nmbtch7lTZEiA=,o1AeFIaEVStPc83dGBhLHovMBcs=
-187,277,ZTAwIpiKU3gF69Nmbtch7lTZEiA=,o1AeFIaEVStPc83dGBhLHovMBcs=
-185,272,ZTAwIpiKU3gF69Nmbtch7lTZEiA=,o1AeFIaEVStPc83dGBhLHovMBcs=
-189,274,ZTAwIpiKU3gF69Nmbtch7lTZEiA=,o1AeFIaEVStPc83dGBhLHovMBcs=
-181,272,ZTAwIpiKU3gF69Nmbtch7lTZEiA=,o1AeFIaEVStPc83dGBhLHovMBcs=
-189,277,ZTAwIpiKU3gF69Nmbtch7lTZEiA=,o1AeFIaEVStPc83dGBhLHovMBcs=
-190,277,ZTAwIpiKU3gF69Nmbtch7lTZEiA=,o1AeFIaEVStPc83dGBhLHovMBcs=
-191,277,ZTAwIpiKU3gF69Nmbtch7lTZEiA=,o1AeFIaEVStPc83dGBhLHovMBcs=
-192,277,ZTAwIpiKU3gF69Nmbtch7lTZEiA=,o1AeFIaEVStPc83dGBhLHovMBcs=
-186,272,ZTAwIpiKU3gF69Nmbtch7lTZEiA=,o1AeFIaEVStPc83dGBhLHovMBcs=
-177,276,ZTAwIpiKU3gF69Nmbtch7lTZEiA=,o1AeFIaEVStPc83dGBhLHovMBcs=
-179,276,ZTAwIpiKU3gF69Nmbtch7lTZEiA=,o1AeFIaEVStPc83dGBhLHovMBcs=
-178,276,ZTAwIpiKU3gF69Nmbtch7lTZEiA=,o1AeFIaEVStPc83dGBhLHovMBcs=
-180,276,ZTAwIpiKU3gF69Nmbtch7lTZEiA=,o1AeFIaEVStPc83dGBhLHovMBcs=
-190,275,ZTAwIpiKU3gF69Nmbtch7lTZEiA=,o1AeFIaEVStPc83dGBhLHovMBcs=
-189,275,ZTAwIpiKU3gF69Nmbtch7lTZEiA=,o1AeFIaEVStPc83dGBhLHovMBcs=
-192,274,ZTAwIpiKU3gF69Nmbtch7lTZEiA=,o1AeFIaEVStPc83dGBhLHovMBcs=
-184,274,ZTAwIpiKU3gF69Nmbtch7lTZEiA=,o1AeFIaEVStPc83dGBhLHovMBcs=
-182,274,ZTAwIpiKU3gF69Nmbtch7lTZEiA=,o1AeFIaEVStPc83dGBhLHovMBcs=
-186,277,ZTAwIpiKU3gF69Nmbtch7lTZEiA=,o1AeFIaEVStPc83dGBhLHovMBcs=
-181,276,ZTAwIpiKU3gF69Nmbtch7lTZEiA=,o1AeFIaEVStPc83dGBhLHovMBcs=
-183,276,ZTAwIpiKU3gF69Nmbtch7lTZEiA=,o1AeFIaEVStPc83dGBhLHovMBcs=
-186,276,ZTAwIpiKU3gF69Nmbtch7lTZEiA=,o1AeFIaEVStPc83dGBhLHovMBcs=
-182,276,ZTAwIpiKU3gF69Nmbtch7lTZEiA=,o1AeFIaEVStPc83dGBhLHovMBcs=
-188,275,ZTAwIpiKU3gF69Nmbtch7lTZEiA=,o1AeFIaEVStPc83dGBhLHovMBcs=
-188,272,ZTAwIpiKU3gF69Nmbtch7lTZEiA=,o1AeFIaEVStPc83dGBhLHovMBcs=
-188,274,ZTAwIpiKU3gF69Nmbtch7lTZEiA=,o1AeFIaEVStPc83dGBhLHovMBcs=
-187,272,ZTAwIpiKU3gF69Nmbtch7lTZEiA=,o1AeFIaEVStPc83dGBhLHovMBcs=
-190,274,ZTAwIpiKU3gF69Nmbtch7lTZEiA=,o1AeFIaEVStPc83dGBhLHovMBcs=
-189,276,ZTAwIpiKU3gF69Nmbtch7lTZEiA=,o1AeFIaEVStPc83dGBhLHovMBcs=
-184,276,ZTAwIpiKU3gF69Nmbtch7lTZEiA=,o1AeFIaEVStPc83dGBhLHovMBcs=
-191,276,ZTAwIpiKU3gF69Nmbtch7lTZEiA=,o1AeFIaEVStPc83dGBhLHovMBcs=
-192,276,ZTAwIpiKU3gF69Nmbtch7lTZEiA=,o1AeFIaEVStPc83dGBhLHovMBcs=
-191,274,ZTAwIpiKU3gF69Nmbtch7lTZEiA=,o1AeFIaEVStPc83dGBhLHovMBcs=
-177,275,ZTAwIpiKU3gF69Nmbtch7lTZEiA=,o1AeFIaEVStPc83dGBhLHovMBcs=
-186,274,ZTAwIpiKU3gF69Nmbtch7lTZEiA=,o1AeFIaEVStPc83dGBhLHovMBcs=
-179,275,ZTAwIpiKU3gF69Nmbtch7lTZEiA=,o1AeFIaEVStPc83dGBhLHovMBcs=
-185,276,ZTAwIpiKU3gF69Nmbtch7lTZEiA=,o1AeFIaEVStPc83dGBhLHovMBcs=
-180,275,ZTAwIpiKU3gF69Nmbtch7lTZEiA=,o1AeFIaEVStPc83dGBhLHovMBcs=
-187,276,ZTAwIpiKU3gF69Nmbtch7lTZEiA=,o1AeFIaEVStPc83dGBhLHovMBcs=
-185,274,ZTAwIpiKU3gF69Nmbtch7lTZEiA=,o1AeFIaEVStPc83dGBhLHovMBcs=
-190,276,ZTAwIpiKU3gF69Nmbtch7lTZEiA=,o1AeFIaEVStPc83dGBhLHovMBcs=
-192,272,ZTAwIpiKU3gF69Nmbtch7lTZEiA=,o1AeFIaEVStPc83dGBhLHovMBcs=
-188,276,ZTAwIpiKU3gF69Nmbtch7lTZEiA=,o1AeFIaEVStPc83dGBhLHovMBcs=
-188,277,ZTAwIpiKU3gF69Nmbtch7lTZEiA=,o1AeFIaEVStPc83dGBhLHovMBcs=
-183,275,ZTAwIpiKU3gF69Nmbtch7lTZEiA=,o1AeFIaEVStPc83dGBhLHovMBcs=
-184,275,ZTAwIpiKU3gF69Nmbtch7lTZEiA=,o1AeFIaEVStPc83dGBhLHovMBcs=
-178,275,ZTAwIpiKU3gF69Nmbtch7lTZEiA=,o1AeFIaEVStPc83dGBhLHovMBcs=
-182,275,ZTAwIpiKU3gF69Nmbtch7lTZEiA=,o1AeFIaEVStPc83dGBhLHovMBcs=
-181,275,ZTAwIpiKU3gF69Nmbtch7lTZEiA=,o1AeFIaEVStPc83dGBhLHovMBcs=
-187,275,ZTAwIpiKU3gF69Nmbtch7lTZEiA=,o1AeFIaEVStPc83dGBhLHovMBcs=
-186,275,ZTAwIpiKU3gF69Nmbtch7lTZEiA=,o1AeFIaEVStPc83dGBhLHovMBcs=
-185,275,ZTAwIpiKU3gF69Nmbtch7lTZEiA=,o1AeFIaEVStPc83dGBhLHovMBcs=
