23,-77,bF5J1gR/nLnn7gprGCu3J1aJULM=,N/NwGfxFs2wL+YqV4Dm6rGufD5A=
21,-80,bF5J1gR/nLnn7gprGCu3J1aJULM=,N/NwGfxFs2wL+YqV4Dm6rGufD5A=
22,-77,bF5J1gR/nLnn7gprGCu3J1aJULM=,N/NwGfxFs2wL+YqV4Dm6rGufD5A=
22,-78,bF5J1gR/nLnn7gprGCu3J1aJULM=,N/NwGfxFs2wL+YqV4Dm6rGufD5A=
21,-78,bF5J1gR/nLnn7gprGCu3J1aJULM=,N/NwGfxFs2wL+YqV4Dm6rGufD5A=
19,-80,bF5J1gR/nLnn7gprGCu3J1aJULM=,N/NwGfxFs2wL+YqV4Dm6rGufD5A=
21,-77,bF5J1gR/nLnn7gprGCu3J1aJULM=,N/NwGfxFs2wL+YqV4Dm6rGufD5A=
19,-77,bF5J1gR/nLnn7gprGCu3J1aJULM=,N/NwGfxFs2wL+YqV4Dm6rGufD5A=
21,-79,bF5J1gR/nLnn7gprGCu3J1aJULM=,N/NwGfxFs2wL+YqV4Dm6rGufD5A=
20,-79,bF5J1gR/nLnn7gprGCu3J1aJULM=,N/NwGfxFs2wL+YqV4Dm6rGufD5A=
20,-77,bF5J1gR/nLnn7gprGCu3J1aJULM=,N/NwGfxFs2wL+YqV4Dm6rGufD5A=
17,-80,bF5J1gR/nLnn7gprGCu3J1aJULM=,N/NwGfxFs2wL+YqV4Dm6rGufD5A=
18,-77,bF5J1gR/nLnn7gprGCu3J1aJULM=,N/NwGfxFs2wL+YqV4Dm6rGufD5A=
20,-78,bF5J1gR/nLnn7gprGCu3J1aJULM=,N/NwGfxFs2wL+YqV4Dm6rGufD5A=
23,-65,bF5J1gR/nLnn7gprGCu3J1aJULM=,N/NwGfxFs2wL+YqV4Dm6rGufD5A=
20,-65,bF5J1gR/nLnn7gprGCu3J1aJULM=,N/NwGfxFs2wL+YqV4Dm6rGufD5A=
17,-65,bF5J1gR/nLnn7gprGCu3J1aJULM=,N/NwGfxFs2wL+YqV4Dm6rGufD5A=
20,-80,bF5J1gR/nLnn7gprGCu3J1aJULM=,N/NwGfxFs2wL+YqV4Dm6rGufD5A=
17,-77,bF5J1gR/nLnn7gprGCu3J1aJULM=,N/NwGfxFs2wL+YqV4Dm6rGufD5A=
31,-66,bF5J1gR/nLnn7gprGCu3J1aJULM=,N/NwGfxFs2wL+YqV4Dm6rGufD5A=
28,-66,bF5J1gR/nLnn7gprGCu3J1aJULM=,N/NwGfxFs2wL+YqV4Dm6rGufD5A=
19,-66,bF5J1gR/nLnn7gprGCu3J1aJULM=,N/NwGfxFs2wL+YqV4Dm6rGufD5A=
18,-66,bF5J1gR/nLnn7gprGCu3J1aJULM=,N/NwGfxFs2wL+YqV4Dm6rGufD5A=
19,-78,bF5J1gR/nLnn7gprGCu3J1aJULM=,N/NwGfxFs2wL+YqV4Dm6rGufD5A=
31,-67,bF5J1gR/nLnn7gprGCu3J1aJULM=,N/NwGfxFs2wL+YqV4Dm6rGufD5A=
19,-79,bF5J1gR/nLnn7gprGCu3J1aJULM=,N/NwGfxFs2wL+YqV4Dm6rGufD5A=
18,-78,bF5J1gR/nLnn7gprGCu3J1aJULM=,N/NwGfxFs2wL+YqV4Dm6rGufD5A=
30,-67,bF5J1gR/nLnn7gprGCu3J1aJULM=,N/NwGfxFs2wL+YqV4Dm6rGufD5A=
29,-67,bF5J1gR/nLnn7gprGCu3J1aJULM=,N/NwGfxFs2wL+YqV4Dm6rGufD5A=
30,-65,bF5J1gR/nLnn7gprGCu3J1aJULM=,N/NwGfxFs2wL+YqV4Dm6rGufD5A=
27,-67,bF5J1gR/nLnn7gprGCu3J1aJULM=,N/NwGfxFs2wL+YqV4Dm6rGufD5A=
26,-67,bF5J1gR/nLnn7gprGCu3J1aJULM=,N/NwGfxFs2wL+YqV4Dm6rGufD5A=
25,-67,bF5J1gR/nLnn7gprGCu3J1aJULM=,N/NwGfxFs2wL+YqV4Dm6rGufD5A=
19,-67,bF5J1gR/nLnn7gprGCu3J1aJULM=,N/NwGfxFs2wL+YqV4Dm6rGufD5A=
31,-68,bF5J1gR/nLnn7gprGCu3J1aJULM=,N/NwGfxFs2wL+YqV4Dm6rGufD5A=
18,-79,bF5J1gR/nLnn7gprGCu3J1aJULM=,N/NwGfxFs2wL+YqV4Dm6rGufD5A=
17,-78,bF5J1gR/nLnn7gprGCu3J1aJULM=,N/NwGfxFs2wL+YqV4Dm6rGufD5A=
30,-68,bF5J1gR/nLnn7gprGCu3J1aJULM=,N/NwGfxFs2wL+YqV4Dm6rGufD5A=
29,-68,bF5J1gR/nLnn7gprGCu3J1aJULM=,N/NwGfxFs2wL+YqV4Dm6rGufD5A=
28,-68,bF5J1gR/nLnn7gprGCu3J1aJULM=,N/NwGfxFs2wL+YqV4Dm6rGufD5A=
27,-68,bF5J1gR/nLnn7gprGCu3J1aJULM=,N/NwGfxFs2wL+YqV4Dm6rGufD5A=
26,-68,bF5J1gR/nLnn7gprGCu3J1aJULM=,N/NwGfxFs2wL+YqV4Dm6rGufD5A=
25,-68,bF5J1gR/nLnn7gprGCu3J1aJULM=,N/NwGfxFs2wL+YqV4Dm6rGufD5A=
25,-66,bF5J1gR/nLnn7gprGCu3J1aJULM=,N/NwGfxFs2wL+YqV4Dm6rGufD5A=
21,-68,bF5J1gR/nLnn7gprGCu3J1aJULM=,N/NwGfxFs2wL+YqV4Dm6rGufD5A=
17,-79,bF5J1gR/nLnn7gprGCu3J1aJULM=,N/NwGfxFs2wL+YqV4Dm6rGufD5A=
18,-80,bF5J1gR/nLnn7gprGCu3J1aJULM=,N/NwGfxFs2wL+YqV4Dm6rGufD5A=
24,-67,bF5J1gR/nLnn7gprGCu3J1aJULM=,N/NwGfxFs2wL+YqV4Dm6rGufD5A=
31,-65,bF5J1gR/nLnn7gprGCu3J1aJULM=,N/NwGfxFs2wL+YqV4Dm6rGufD5A=
28,-65,bF5J1gR/nLnn7gprGCu3J1aJULM=,N/NwGfxFs2wL+YqV4Dm6rGufD5A=
29,-65,bF5J1gR/nLnn7gprGCu3J1aJULM=,N/NwGfxFs2wL+YqV4Dm6rGufD5A=
31,-69,bF5J1gR/nLnn7gprGCu3J1aJULM=,N/NwGfxFs2wL+YqV4Dm6rGufD5A=
16,-76,bF5J1gR/nLnn7gprGCu3J1aJULM=,N/NwGfxFs2wL+YqV4Dm6rGufD5A=
16,-75,bF5J1gR/nLnn7gprGCu3J1aJULM=,N/NwGfxFs2wL+YqV4Dm6rGufD5A=
16,-69,bF5J1gR/nLnn7gprGCu3J1aJULM=,N/NwGfxFs2wL+YqV4Dm6rGufD5A=
16,-77,bF5J1gR/nLnn7gprGCu3J1aJULM=,N/NwGfxFs2wL+YqV4Dm6rGufD5A=
16,-79,bF5J1gR/nLnn7gprGCu3J1aJULM=,N/NwGfxFs2wL+YqV4Dm6rGufD5A=
16,-67,bF5J1gR/nLnn7gprGCu3J1aJULM=,N/NwGfxFs2wL+YqV4Dm6rGufD5A=
16,-80,bF5J1gR/nLnn7gprGCu3J1aJULM=,N/NwGfxFs2wL+YqV4Dm6rGufD5A=
16,-65,bF5J1gR/nLnn7gprGCu3J1aJULM=,N/NwGfxFs2wL+YqV4Dm6rGufD5A=
30,-66,bF5J1gR/nLnn7gprGCu3J1aJULM=,N/NwGfxFs2wL+YqV4Dm6rGufD5A=
31,-78,bF5J1gR/nLnn7gprGCu3J1aJULM=,N/NwGfxFs2wL+YqV4Dm6rGufD5A=
30,-80,bF5J1gR/nLnn7gprGCu3J1aJULM=,N/NwGfxFs2wL+YqV4Dm6rGufD5A=
22,-65,bF5J1gR/nLnn7gprGCu3J1aJULM=,N/NwGfxFs2wL+YqV4Dm6rGufD5A=
31,-79,bF5J1gR/nLnn7gprGCu3J1aJULM=,N/NwGfxFs2wL+YqV4Dm6rGufD5A=
31,-80,bF5J1gR/nLnn7gprGCu3J1aJULM=,N/NwGfxFs2wL+YqV4Dm6rGufD5A=
19,-65,bF5J1gR/nLnn7gprGCu3J1aJULM=,N/NwGfxFs2wL+YqV4Dm6rGufD5A=
25,-65,bF5J1gR/nLnn7gprGCu3J1aJULM=,N/NwGfxFs2wL+YqV4Dm6rGufD5A=
24,-68,bF5J1gR/nLnn7gprGCu3J1aJULM=,N/NwGfxFs2wL+YqV4Dm6rGufD5A=
30,-79,bF5J1gR/nLnn7gprGCu3J1aJULM=,N/NwGfxFs2wL+YqV4Dm6rGufD5A=
18,-65,bF5J1gR/nLnn7gprGCu3J1aJULM=,N/NwGfxFs2wL+YqV4Dm6rGufD5A=
30,-69,bF5J1gR/nLnn7gprGCu3J1aJULM=,N/NwGfxFs2wL+YqV4Dm6rGufD5A=
20,-66,bF5J1gR/nLnn7gprGCu3J1aJULM=,N/NwGfxFs2wL+YqV4Dm6rGufD5A=
24,-65,bF5J1gR/nLnn7gprGCu3J1aJULM=,N/NwGfxFs2wL+YqV4Dm6rGufD5A=
20,-67,bF5J1gR/nLnn7gprGCu3J1aJULM=,N/NwGfxFs2wL+YqV4Dm6rGufD5A=
28,-67,bF5J1gR/nLnn7gprGCu3J1aJULM=,N/NwGfxFs2wL+YqV4Dm6rGufD5A=
20,-68,bF5J1gR/nLnn7gprGCu3J1aJULM=,N/NwGfxFs2wL+YqV4Dm6rGufD5A=
29,-69,bF5J1gR/nLnn7gprGCu3J1aJULM=,N/NwGfxFs2wL+YqV4Dm6rGufD5A=
22,-67,bF5J1gR/nLnn7gprGCu3J1aJULM=,N/NwGfxFs2wL+YqV4Dm6rGufD5A=
27,-65,bF5J1gR/nLnn7gprGCu3J1aJULM=,N/NwGfxFs2wL+YqV4Dm6rGufD5A=
29,-66,bF5J1gR/nLnn7gprGCu3J1aJULM=,N/NwGfxFs2wL+YqV4Dm6rGufD5A=
21,-65,bF5J1gR/nLnn7gprGCu3J1aJULM=,N/NwGfxFs2wL+YqV4Dm6rGufD5A=
28,-69,bF5J1gR/nLnn7gprGCu3J1aJULM=,N/NwGfxFs2wL+YqV4Dm6rGufD5A=
27,-69,bF5J1gR/nLnn7gprGCu3J1aJULM=,N/NwGfxFs2wL+YqV4Dm6rGufD5A=
26,-69,bF5J1gR/nLnn7gprGCu3J1aJULM=,N/NwGfxFs2wL+YqV4Dm6rGufD5A=
25,-69,bF5J1gR/nLnn7gprGCu3J1aJULM=,N/NwGfxFs2wL+YqV4Dm6rGufD5A=
27,-66,bF5J1gR/nLnn7gprGCu3J1aJULM=,N/NwGfxFs2wL+YqV4Dm6rGufD5A=
21,-69,bF5J1gR/nLnn7gprGCu3J1aJULM=,N/NwGfxFs2wL+YqV4Dm6rGufD5A=
16,-71,bF5J1gR/nLnn7gprGCu3J1aJULM=,N/NwGfxFs2wL+YqV4Dm6rGufD5A=
19,-68,bF5J1gR/nLnn7gprGCu3J1aJULM=,N/NwGfxFs2wL+YqV4Dm6rGufD5A=
30,-78,bF5J1gR/nLnn7gprGCu3J1aJULM=,N/NwGfxFs2wL+YqV4Dm6rGufD5A=
29,-80,bF5J1gR/nLnn7gprGCu3J1aJULM=,N/NwGfxFs2wL+YqV4Dm6rGufD5A=
29,-79,bF5J1gR/nLnn7gprGCu3J1aJULM=,N/NwGfxFs2wL+YqV4Dm6rGufD5A=
30,-70,bF5J1gR/nLnn7gprGCu3J1aJULM=,N/NwGfxFs2wL+YqV4Dm6rGufD5A=
29,-70,bF5J1gR/nLnn7gprGCu3J1aJULM=,N/NwGfxFs2wL+YqV4Dm6rGufD5A=
31,-70,bF5J1gR/nLnn7gprGCu3J1aJULM=,N/NwGfxFs2wL+YqV4Dm6rGufD5A=
28,-70,bF5J1gR/nLnn7gprGCu3J1aJULM=,N/NwGfxFs2wL+YqV4Dm6rGufD5A=
27,-70,bF5J1gR/nLnn7gprGCu3J1aJULM=,N/NwGfxFs2wL+YqV4Dm6rGufD5A=
26,-70,bF5J1gR/nLnn7gprGCu3J1aJULM=,N/NwGfxFs2wL+YqV4Dm6rGufD5A=
17,-68,bF5J1gR/nLnn7gprGCu3J1aJULM=,N/NwGfxFs2wL+YqV4Dm6rGufD5A=
24,-66,bF5J1gR/nLnn7gprGCu3J1aJULM=,N/NwGfxFs2wL+YqV4Dm6rGufD5A=
18,-69,bF5J1gR/nLnn7gprGCu3J1aJULM=,N/NwGfxFs2wL+YqV4Dm6rGufD5A=
16,-74,bF5J1gR/nLnn7gprGCu3J1aJULM=,N/NwGfxFs2wL+YqV4Dm6rGufD5A=
16,-73,bF5J1gR/nLnn7gprGCu3J1aJULM=,N/NwGfxFs2wL+YqV4Dm6rGufD5A=
17,-67,bF5J1gR/nLnn7gprGCu3J1aJULM=,N/NwGfxFs2wL+YqV4Dm6rGufD5A=
16,-78,bF5J1gR/nLnn7gprGCu3J1aJULM=,N/NwGfxFs2wL+YqV4Dm6rGufD5A=
16,-72,bF5J1gR/nLnn7gprGCu3J1aJULM=,N/NwGfxFs2wL+YqV4Dm6rGufD5A=
28,-80,bF5J1gR/nLnn7gprGCu3J1aJULM=,N/NwGfxFs2wL+YqV4Dm6rGufD5A=
29,-78,bF5J1gR/nLnn7gprGCu3J1aJULM=,N/NwGfxFs2wL+YqV4Dm6rGufD5A=
28,-79,bF5J1gR/nLnn7gprGCu3J1aJULM=,N/NwGfxFs2wL+YqV4Dm6rGufD5A=
31,-71,bF5J1gR/nLnn7gprGCu3J1aJULM=,N/NwGfxFs2wL+YqV4Dm6rGufD5A=
30,-71,bF5J1gR/nLnn7gprGCu3J1aJULM=,N/NwGfxFs2wL+YqV4Dm6rGufD5A=
29,-71,bF5J1gR/nLnn7gprGCu3J1aJULM=,N/NwGfxFs2wL+YqV4Dm6rGufD5A=
28,-71,bF5J1gR/nLnn7gprGCu3J1aJULM=,N/NwGfxFs2wL+YqV4Dm6rGufD5A=
27,-71,bF5J1gR/nLnn7gprGCu3J1aJULM=,N/NwGfxFs2wL+YqV4Dm6rGufD5A=
26,-71,bF5J1gR/nLnn7gprGCu3J1aJULM=,N/NwGfxFs2wL+YqV4Dm6rGufD5A=
25,-71,bF5J1gR/nLnn7gprGCu3J1aJULM=,N/NwGfxFs2wL+YqV4Dm6rGufD5A=
23,-68,bF5J1gR/nLnn7gprGCu3J1aJULM=,N/NwGfxFs2wL+YqV4Dm6rGufD5A=
16,-70,bF5J1gR/nLnn7gprGCu3J1aJULM=,N/NwGfxFs2wL+YqV4Dm6rGufD5A=
23,-67,bF5J1gR/nLnn7gprGCu3J1aJULM=,N/NwGfxFs2wL+YqV4Dm6rGufD5A=
24,-70,bF5J1gR/nLnn7gprGCu3J1aJULM=,N/NwGfxFs2wL+YqV4Dm6rGufD5A=
21,-66,bF5J1gR/nLnn7gprGCu3J1aJULM=,N/NwGfxFs2wL+YqV4Dm6rGufD5A=
26,-66,bF5J1gR/nLnn7gprGCu3J1aJULM=,N/NwGfxFs2wL+YqV4Dm6rGufD5A=
26,-65,bF5J1gR/nLnn7gprGCu3J1aJULM=,N/NwGfxFs2wL+YqV4Dm6rGufD5A=
17,-71,bF5J1gR/nLnn7gprGCu3J1aJULM=,N/NwGfxFs2wL+YqV4Dm6rGufD5A=
27,-80,bF5J1gR/nLnn7gprGCu3J1aJULM=,N/NwGfxFs2wL+YqV4Dm6rGufD5A=
28,-78,bF5J1gR/nLnn7gprGCu3J1aJULM=,N/NwGfxFs2wL+YqV4Dm6rGufD5A=
27,-79,bF5J1gR/nLnn7gprGCu3J1aJULM=,N/NwGfxFs2wL+YqV4Dm6rGufD5A=
31,-72,bF5J1gR/nLnn7gprGCu3J1aJULM=,N/NwGfxFs2wL+YqV4Dm6rGufD5A=
30,-72,bF5J1gR/nLnn7gprGCu3J1aJULM=,N/NwGfxFs2wL+YqV4Dm6rGufD5A=
29,-72,bF5J1gR/nLnn7gprGCu3J1aJULM=,N/NwGfxFs2wL+YqV4Dm6rGufD5A=
28,-72,bF5J1gR/nLnn7gprGCu3J1aJULM=,N/NwGfxFs2wL+YqV4Dm6rGufD5A=
27,-72,bF5J1gR/nLnn7gprGCu3J1aJULM=,N/NwGfxFs2wL+YqV4Dm6rGufD5A=
26,-72,bF5J1gR/nLnn7gprGCu3J1aJULM=,N/NwGfxFs2wL+YqV4Dm6rGufD5A=
25,-72,bF5J1gR/nLnn7gprGCu3J1aJULM=,N/NwGfxFs2wL+YqV4Dm6rGufD5A=
24,-72,bF5J1gR/nLnn7gprGCu3J1aJULM=,N/NwGfxFs2wL+YqV4Dm6rGufD5A=
21,-67,bF5J1gR/nLnn7gprGCu3J1aJULM=,N/NwGfxFs2wL+YqV4Dm6rGufD5A=
24,-69,bF5J1gR/nLnn7gprGCu3J1aJULM=,N/NwGfxFs2wL+YqV4Dm6rGufD5A=
25,-70,bF5J1gR/nLnn7gprGCu3J1aJULM=,N/NwGfxFs2wL+YqV4Dm6rGufD5A=
18,-68,bF5J1gR/nLnn7gprGCu3J1aJULM=,N/NwGfxFs2wL+YqV4Dm6rGufD5A=
17,-69,bF5J1gR/nLnn7gprGCu3J1aJULM=,N/NwGfxFs2wL+YqV4Dm6rGufD5A=
19,-70,bF5J1gR/nLnn7gprGCu3J1aJULM=,N/NwGfxFs2wL+YqV4Dm6rGufD5A=
19,-69,bF5J1gR/nLnn7gprGCu3J1aJULM=,N/NwGfxFs2wL+YqV4Dm6rGufD5A=
26,-80,bF5J1gR/nLnn7gprGCu3J1aJULM=,N/NwGfxFs2wL+YqV4Dm6rGufD5A=
27,-78,bF5J1gR/nLnn7gprGCu3J1aJULM=,N/NwGfxFs2wL+YqV4Dm6rGufD5A=
26,-79,bF5J1gR/nLnn7gprGCu3J1aJULM=,N/NwGfxFs2wL+YqV4Dm6rGufD5A=
31,-73,bF5J1gR/nLnn7gprGCu3J1aJULM=,N/NwGfxFs2wL+YqV4Dm6rGufD5A=
30,-73,bF5J1gR/nLnn7gprGCu3J1aJULM=,N/NwGfxFs2wL+YqV4Dm6rGufD5A=
29,-73,bF5J1gR/nLnn7gprGCu3J1aJULM=,N/NwGfxFs2wL+YqV4Dm6rGufD5A=
28,-73,bF5J1gR/nLnn7gprGCu3J1aJULM=,N/NwGfxFs2wL+YqV4Dm6rGufD5A=
27,-73,bF5J1gR/nLnn7gprGCu3J1aJULM=,N/NwGfxFs2wL+YqV4Dm6rGufD5A=
18,-67,bF5J1gR/nLnn7gprGCu3J1aJULM=,N/NwGfxFs2wL+YqV4Dm6rGufD5A=
26,-73,bF5J1gR/nLnn7gprGCu3J1aJULM=,N/NwGfxFs2wL+YqV4Dm6rGufD5A=
24,-73,bF5J1gR/nLnn7gprGCu3J1aJULM=,N/NwGfxFs2wL+YqV4Dm6rGufD5A=
23,-73,bF5J1gR/nLnn7gprGCu3J1aJULM=,N/NwGfxFs2wL+YqV4Dm6rGufD5A=
23,-69,bF5J1gR/nLnn7gprGCu3J1aJULM=,N/NwGfxFs2wL+YqV4Dm6rGufD5A=
25,-73,bF5J1gR/nLnn7gprGCu3J1aJULM=,N/NwGfxFs2wL+YqV4Dm6rGufD5A=
23,-71,bF5J1gR/nLnn7gprGCu3J1aJULM=,N/NwGfxFs2wL+YqV4Dm6rGufD5A=
17,-72,bF5J1gR/nLnn7gprGCu3J1aJULM=,N/NwGfxFs2wL+YqV4Dm6rGufD5A=
17,-70,bF5J1gR/nLnn7gprGCu3J1aJULM=,N/NwGfxFs2wL+YqV4Dm6rGufD5A=
17,-73,bF5J1gR/nLnn7gprGCu3J1aJULM=,N/NwGfxFs2wL+YqV4Dm6rGufD5A=
25,-80,bF5J1gR/nLnn7gprGCu3J1aJULM=,N/NwGfxFs2wL+YqV4Dm6rGufD5A=
26,-78,bF5J1gR/nLnn7gprGCu3J1aJULM=,N/NwGfxFs2wL+YqV4Dm6rGufD5A=
25,-79,bF5J1gR/nLnn7gprGCu3J1aJULM=,N/NwGfxFs2wL+YqV4Dm6rGufD5A=
31,-74,bF5J1gR/nLnn7gprGCu3J1aJULM=,N/NwGfxFs2wL+YqV4Dm6rGufD5A=
30,-74,bF5J1gR/nLnn7gprGCu3J1aJULM=,N/NwGfxFs2wL+YqV4Dm6rGufD5A=
29,-74,bF5J1gR/nLnn7gprGCu3J1aJULM=,N/NwGfxFs2wL+YqV4Dm6rGufD5A=
28,-74,bF5J1gR/nLnn7gprGCu3J1aJULM=,N/NwGfxFs2wL+YqV4Dm6rGufD5A=
26,-74,bF5J1gR/nLnn7gprGCu3J1aJULM=,N/NwGfxFs2wL+YqV4Dm6rGufD5A=
25,-74,bF5J1gR/nLnn7gprGCu3J1aJULM=,N/NwGfxFs2wL+YqV4Dm6rGufD5A=
24,-74,bF5J1gR/nLnn7gprGCu3J1aJULM=,N/NwGfxFs2wL+YqV4Dm6rGufD5A=
27,-74,bF5J1gR/nLnn7gprGCu3J1aJULM=,N/NwGfxFs2wL+YqV4Dm6rGufD5A=
22,-66,bF5J1gR/nLnn7gprGCu3J1aJULM=,N/NwGfxFs2wL+YqV4Dm6rGufD5A=
22,-74,bF5J1gR/nLnn7gprGCu3J1aJULM=,N/NwGfxFs2wL+YqV4Dm6rGufD5A=
20,-69,bF5J1gR/nLnn7gprGCu3J1aJULM=,N/NwGfxFs2wL+YqV4Dm6rGufD5A=
18,-71,bF5J1gR/nLnn7gprGCu3J1aJULM=,N/NwGfxFs2wL+YqV4Dm6rGufD5A=
19,-74,bF5J1gR/nLnn7gprGCu3J1aJULM=,N/NwGfxFs2wL+YqV4Dm6rGufD5A=
18,-74,bF5J1gR/nLnn7gprGCu3J1aJULM=,N/NwGfxFs2wL+YqV4Dm6rGufD5A=
17,-74,bF5J1gR/nLnn7gprGCu3J1aJULM=,N/NwGfxFs2wL+YqV4Dm6rGufD5A=
24,-80,bF5J1gR/nLnn7gprGCu3J1aJULM=,N/NwGfxFs2wL+YqV4Dm6rGufD5A=
24,-79,bF5J1gR/nLnn7gprGCu3J1aJULM=,N/NwGfxFs2wL+YqV4Dm6rGufD5A=
25,-78,bF5J1gR/nLnn7gprGCu3J1aJULM=,N/NwGfxFs2wL+YqV4Dm6rGufD5A=
31,-75,bF5J1gR/nLnn7gprGCu3J1aJULM=,N/NwGfxFs2wL+YqV4Dm6rGufD5A=
30,-75,bF5J1gR/nLnn7gprGCu3J1aJULM=,N/NwGfxFs2wL+YqV4Dm6rGufD5A=
29,-75,bF5J1gR/nLnn7gprGCu3J1aJULM=,N/NwGfxFs2wL+YqV4Dm6rGufD5A=
28,-75,bF5J1gR/nLnn7gprGCu3J1aJULM=,N/NwGfxFs2wL+YqV4Dm6rGufD5A=
27,-75,bF5J1gR/nLnn7gprGCu3J1aJULM=,N/NwGfxFs2wL+YqV4Dm6rGufD5A=
26,-75,bF5J1gR/nLnn7gprGCu3J1aJULM=,N/NwGfxFs2wL+YqV4Dm6rGufD5A=
25,-75,bF5J1gR/nLnn7gprGCu3J1aJULM=,N/NwGfxFs2wL+YqV4Dm6rGufD5A=
24,-75,bF5J1gR/nLnn7gprGCu3J1aJULM=,N/NwGfxFs2wL+YqV4Dm6rGufD5A=
18,-73,bF5J1gR/nLnn7gprGCu3J1aJULM=,N/NwGfxFs2wL+YqV4Dm6rGufD5A=
23,-72,bF5J1gR/nLnn7gprGCu3J1aJULM=,N/NwGfxFs2wL+YqV4Dm6rGufD5A=
23,-66,bF5J1gR/nLnn7gprGCu3J1aJULM=,N/NwGfxFs2wL+YqV4Dm6rGufD5A=
18,-72,bF5J1gR/nLnn7gprGCu3J1aJULM=,N/NwGfxFs2wL+YqV4Dm6rGufD5A=
22,-70,bF5J1gR/nLnn7gprGCu3J1aJULM=,N/NwGfxFs2wL+YqV4Dm6rGufD5A=
18,-75,bF5J1gR/nLnn7gprGCu3J1aJULM=,N/NwGfxFs2wL+YqV4Dm6rGufD5A=
17,-75,bF5J1gR/nLnn7gprGCu3J1aJULM=,N/NwGfxFs2wL+YqV4Dm6rGufD5A=
23,-80,bF5J1gR/nLnn7gprGCu3J1aJULM=,N/NwGfxFs2wL+YqV4Dm6rGufD5A=
24,-78,bF5J1gR/nLnn7gprGCu3J1aJULM=,N/NwGfxFs2wL+YqV4Dm6rGufD5A=
23,-79,bF5J1gR/nLnn7gprGCu3J1aJULM=,N/NwGfxFs2wL+YqV4Dm6rGufD5A=
31,-76,bF5J1gR/nLnn7gprGCu3J1aJULM=,N/NwGfxFs2wL+YqV4Dm6rGufD5A=
30,-76,bF5J1gR/nLnn7gprGCu3J1aJULM=,N/NwGfxFs2wL+YqV4Dm6rGufD5A=
29,-76,bF5J1gR/nLnn7gprGCu3J1aJULM=,N/NwGfxFs2wL+YqV4Dm6rGufD5A=
28,-76,bF5J1gR/nLnn7gprGCu3J1aJULM=,N/NwGfxFs2wL+YqV4Dm6rGufD5A=
27,-76,bF5J1gR/nLnn7gprGCu3J1aJULM=,N/NwGfxFs2wL+YqV4Dm6rGufD5A=
26,-76,bF5J1gR/nLnn7gprGCu3J1aJULM=,N/NwGfxFs2wL+YqV4Dm6rGufD5A=
25,-76,bF5J1gR/nLnn7gprGCu3J1aJULM=,N/NwGfxFs2wL+YqV4Dm6rGufD5A=
24,-76,bF5J1gR/nLnn7gprGCu3J1aJULM=,N/NwGfxFs2wL+YqV4Dm6rGufD5A=
22,-73,bF5J1gR/nLnn7gprGCu3J1aJULM=,N/NwGfxFs2wL+YqV4Dm6rGufD5A=
22,-76,bF5J1gR/nLnn7gprGCu3J1aJULM=,N/NwGfxFs2wL+YqV4Dm6rGufD5A=
22,-68,bF5J1gR/nLnn7gprGCu3J1aJULM=,N/NwGfxFs2wL+YqV4Dm6rGufD5A=
20,-71,bF5J1gR/nLnn7gprGCu3J1aJULM=,N/NwGfxFs2wL+YqV4Dm6rGufD5A=
19,-76,bF5J1gR/nLnn7gprGCu3J1aJULM=,N/NwGfxFs2wL+YqV4Dm6rGufD5A=
18,-76,bF5J1gR/nLnn7gprGCu3J1aJULM=,N/NwGfxFs2wL+YqV4Dm6rGufD5A=
17,-76,bF5J1gR/nLnn7gprGCu3J1aJULM=,N/NwGfxFs2wL+YqV4Dm6rGufD5A=
22,-80,bF5J1gR/nLnn7gprGCu3J1aJULM=,N/NwGfxFs2wL+YqV4Dm6rGufD5A=
23,-78,bF5J1gR/nLnn7gprGCu3J1aJULM=,N/NwGfxFs2wL+YqV4Dm6rGufD5A=
22,-79,bF5J1gR/nLnn7gprGCu3J1aJULM=,N/NwGfxFs2wL+YqV4Dm6rGufD5A=
31,-77,bF5J1gR/nLnn7gprGCu3J1aJULM=,N/NwGfxFs2wL+YqV4Dm6rGufD5A=
30,-77,bF5J1gR/nLnn7gprGCu3J1aJULM=,N/NwGfxFs2wL+YqV4Dm6rGufD5A=
29,-77,bF5J1gR/nLnn7gprGCu3J1aJULM=,N/NwGfxFs2wL+YqV4Dm6rGufD5A=
28,-77,bF5J1gR/nLnn7gprGCu3J1aJULM=,N/NwGfxFs2wL+YqV4Dm6rGufD5A=
27,-77,bF5J1gR/nLnn7gprGCu3J1aJULM=,N/NwGfxFs2wL+YqV4Dm6rGufD5A=
26,-77,bF5J1gR/nLnn7gprGCu3J1aJULM=,N/NwGfxFs2wL+YqV4Dm6rGufD5A=
25,-77,bF5J1gR/nLnn7gprGCu3J1aJULM=,N/NwGfxFs2wL+YqV4Dm6rGufD5A=
24,-77,bF5J1gR/nLnn7gprGCu3J1aJULM=,N/NwGfxFs2wL+YqV4Dm6rGufD5A=
21,-73,bF5J1gR/nLnn7gprGCu3J1aJULM=,N/NwGfxFs2wL+YqV4Dm6rGufD5A=
18,-70,bF5J1gR/nLnn7gprGCu3J1aJULM=,N/NwGfxFs2wL+YqV4Dm6rGufD5A=
22,-75,bF5J1gR/nLnn7gprGCu3J1aJULM=,N/NwGfxFs2wL+YqV4Dm6rGufD5A=
20,-72,bF5J1gR/nLnn7gprGCu3J1aJULM=,N/NwGfxFs2wL+YqV4Dm6rGufD5A=
19,-73,bF5J1gR/nLnn7gprGCu3J1aJULM=,N/NwGfxFs2wL+YqV4Dm6rGufD5A=
20,-73,bF5J1gR/nLnn7gprGCu3J1aJULM=,N/NwGfxFs2wL+YqV4Dm6rGufD5A=
21,-75,bF5J1gR/nLnn7gprGCu3J1aJULM=,N/NwGfxFs2wL+YqV4Dm6rGufD5A=
22,-69,bF5J1gR/nLnn7gprGCu3J1aJULM=,N/NwGfxFs2wL+YqV4Dm6rGufD5A=
19,-75,bF5J1gR/nLnn7gprGCu3J1aJULM=,N/NwGfxFs2wL+YqV4Dm6rGufD5A=
23,-75,bF5J1gR/nLnn7gprGCu3J1aJULM=,N/NwGfxFs2wL+YqV4Dm6rGufD5A=
21,-71,bF5J1gR/nLnn7gprGCu3J1aJULM=,N/NwGfxFs2wL+YqV4Dm6rGufD5A=
23,-70,bF5J1gR/nLnn7gprGCu3J1aJULM=,N/NwGfxFs2wL+YqV4Dm6rGufD5A=
19,-72,bF5J1gR/nLnn7gprGCu3J1aJULM=,N/NwGfxFs2wL+YqV4Dm6rGufD5A=
20,-70,bF5J1gR/nLnn7gprGCu3J1aJULM=,N/NwGfxFs2wL+YqV4Dm6rGufD5A=
24,-71,bF5J1gR/nLnn7gprGCu3J1aJULM=,N/NwGfxFs2wL+YqV4Dm6rGufD5A=
21,-74,bF5J1gR/nLnn7gprGCu3J1aJULM=,N/NwGfxFs2wL+YqV4Dm6rGufD5A=
21,-70,bF5J1gR/nLnn7gprGCu3J1aJULM=,N/NwGfxFs2wL+YqV4Dm6rGufD5A=
21,-72,bF5J1gR/nLnn7gprGCu3J1aJULM=,N/NwGfxFs2wL+YqV4Dm6rGufD5A=
23,-74,bF5J1gR/nLnn7gprGCu3J1aJULM=,N/NwGfxFs2wL+YqV4Dm6rGufD5A=
20,-74,bF5J1gR/nLnn7gprGCu3J1aJULM=,N/NwGfxFs2wL+YqV4Dm6rGufD5A=
23,-76,bF5J1gR/nLnn7gprGCu3J1aJULM=,N/NwGfxFs2wL+YqV4Dm6rGufD5A=
22,-72,bF5J1gR/nLnn7gprGCu3J1aJULM=,N/NwGfxFs2wL+YqV4Dm6rGufD5A=
21,-76,bF5J1gR/nLnn7gprGCu3J1aJULM=,N/NwGfxFs2wL+YqV4Dm6rGufD5A=
20,-75,bF5J1gR/nLnn7gprGCu3J1aJULM=,N/NwGfxFs2wL+YqV4Dm6rGufD5A=
20,-76,bF5J1gR/nLnn7gprGCu3J1aJULM=,N/NwGfxFs2wL+YqV4Dm6rGufD5A=
19,-71,bF5J1gR/nLnn7gprGCu3J1aJULM=,N/NwGfxFs2wL+YqV4Dm6rGufD5A=
22,-71,bF5J1gR/nLnn7gprGCu3J1aJULM=,N/NwGfxFs2wL+YqV4Dm6rGufD5A=
17,-66,bF5J1gR/nLnn7gprGCu3J1aJULM=,N/NwGfxFs2wL+YqV4Dm6rGufD5A=
16,-68,bF5J1gR/nLnn7gprGCu3J1aJULM=,N/NwGfxFs2wL+YqV4Dm6rGufD5A=
16,-66,bF5J1gR/nLnn7gprGCu3J1aJULM=,N/NwGfxFs2wL+YqV4Dm6rGufD5A=
21,-96,FODBZljf2uoFrKWkXHAkee+FWpM=,jrpsVatQezmYY10SdLO+RZjXb2k=
22,-93,FODBZljf2uoFrKWkXHAkee+FWpM=,jrpsVatQezmYY10SdLO+RZjXb2k=
22,-94,FODBZljf2uoFrKWkXHAkee+FWpM=,jrpsVatQezmYY10SdLO+RZjXb2k=
19,-96,FODBZljf2uoFrKWkXHAkee+FWpM=,jrpsVatQezmYY10SdLO+RZjXb2k=
21,-93,FODBZljf2uoFrKWkXHAkee+FWpM=,jrpsVatQezmYY10SdLO+RZjXb2k=
21,-94,FODBZljf2uoFrKWkXHAkee+FWpM=,jrpsVatQezmYY10SdLO+RZjXb2k=
20,-93,FODBZljf2uoFrKWkXHAkee+FWpM=,jrpsVatQezmYY10SdLO+RZjXb2k=
21,-95,FODBZljf2uoFrKWkXHAkee+FWpM=,jrpsVatQezmYY10SdLO+RZjXb2k=
19,-93,FODBZljf2uoFrKWkXHAkee+FWpM=,jrpsVatQezmYY10SdLO+RZjXb2k=
20,-95,FODBZljf2uoFrKWkXHAkee+FWpM=,jrpsVatQezmYY10SdLO+RZjXb2k=
17,-96,FODBZljf2uoFrKWkXHAkee+FWpM=,jrpsVatQezmYY10SdLO+RZjXb2k=
23,-93,FODBZljf2uoFrKWkXHAkee+FWpM=,jrpsVatQezmYY10SdLO+RZjXb2k=
31,-81,FODBZljf2uoFrKWkXHAkee+FWpM=,jrpsVatQezmYY10SdLO+RZjXb2k=
30,-81,FODBZljf2uoFrKWkXHAkee+FWpM=,jrpsVatQezmYY10SdLO+RZjXb2k=
20,-94,FODBZljf2uoFrKWkXHAkee+FWpM=,jrpsVatQezmYY10SdLO+RZjXb2k=
29,-81,FODBZljf2uoFrKWkXHAkee+FWpM=,jrpsVatQezmYY10SdLO+RZjXb2k=
28,-81,FODBZljf2uoFrKWkXHAkee+FWpM=,jrpsVatQezmYY10SdLO+RZjXb2k=
27,-81,FODBZljf2uoFrKWkXHAkee+FWpM=,jrpsVatQezmYY10SdLO+RZjXb2k=
24,-93,FODBZljf2uoFrKWkXHAkee+FWpM=,jrpsVatQezmYY10SdLO+RZjXb2k=
26,-81,FODBZljf2uoFrKWkXHAkee+FWpM=,jrpsVatQezmYY10SdLO+RZjXb2k=
25,-93,FODBZljf2uoFrKWkXHAkee+FWpM=,jrpsVatQezmYY10SdLO+RZjXb2k=
18,-93,FODBZljf2uoFrKWkXHAkee+FWpM=,jrpsVatQezmYY10SdLO+RZjXb2k=
26,-93,FODBZljf2uoFrKWkXHAkee+FWpM=,jrpsVatQezmYY10SdLO+RZjXb2k=
27,-93,FODBZljf2uoFrKWkXHAkee+FWpM=,jrpsVatQezmYY10SdLO+RZjXb2k=
20,-81,FODBZljf2uoFrKWkXHAkee+FWpM=,jrpsVatQezmYY10SdLO+RZjXb2k=
28,-93,FODBZljf2uoFrKWkXHAkee+FWpM=,jrpsVatQezmYY10SdLO+RZjXb2k=
18,-81,FODBZljf2uoFrKWkXHAkee+FWpM=,jrpsVatQezmYY10SdLO+RZjXb2k=
17,-81,FODBZljf2uoFrKWkXHAkee+FWpM=,jrpsVatQezmYY10SdLO+RZjXb2k=
19,-81,FODBZljf2uoFrKWkXHAkee+FWpM=,jrpsVatQezmYY10SdLO+RZjXb2k=
20,-96,FODBZljf2uoFrKWkXHAkee+FWpM=,jrpsVatQezmYY10SdLO+RZjXb2k=
16,-81,FODBZljf2uoFrKWkXHAkee+FWpM=,jrpsVatQezmYY10SdLO+RZjXb2k=
17,-93,FODBZljf2uoFrKWkXHAkee+FWpM=,jrpsVatQezmYY10SdLO+RZjXb2k=
19,-94,FODBZljf2uoFrKWkXHAkee+FWpM=,jrpsVatQezmYY10SdLO+RZjXb2k=
31,-82,FODBZljf2uoFrKWkXHAkee+FWpM=,jrpsVatQezmYY10SdLO+RZjXb2k=
30,-82,FODBZljf2uoFrKWkXHAkee+FWpM=,jrpsVatQezmYY10SdLO+RZjXb2k=
29,-82,FODBZljf2uoFrKWkXHAkee+FWpM=,jrpsVatQezmYY10SdLO+RZjXb2k=
28,-82,FODBZljf2uoFrKWkXHAkee+FWpM=,jrpsVatQezmYY10SdLO+RZjXb2k=
27,-82,FODBZljf2uoFrKWkXHAkee+FWpM=,jrpsVatQezmYY10SdLO+RZjXb2k=
24,-81,FODBZljf2uoFrKWkXHAkee+FWpM=,jrpsVatQezmYY10SdLO+RZjXb2k=
25,-81,FODBZljf2uoFrKWkXHAkee+FWpM=,jrpsVatQezmYY10SdLO+RZjXb2k=
19,-82,FODBZljf2uoFrKWkXHAkee+FWpM=,jrpsVatQezmYY10SdLO+RZjXb2k=
18,-82,FODBZljf2uoFrKWkXHAkee+FWpM=,jrpsVatQezmYY10SdLO+RZjXb2k=
17,-82,FODBZljf2uoFrKWkXHAkee+FWpM=,jrpsVatQezmYY10SdLO+RZjXb2k=
16,-82,FODBZljf2uoFrKWkXHAkee+FWpM=,jrpsVatQezmYY10SdLO+RZjXb2k=
31,-83,FODBZljf2uoFrKWkXHAkee+FWpM=,jrpsVatQezmYY10SdLO+RZjXb2k=
19,-95,FODBZljf2uoFrKWkXHAkee+FWpM=,jrpsVatQezmYY10SdLO+RZjXb2k=
18,-94,FODBZljf2uoFrKWkXHAkee+FWpM=,jrpsVatQezmYY10SdLO+RZjXb2k=
30,-83,FODBZljf2uoFrKWkXHAkee+FWpM=,jrpsVatQezmYY10SdLO+RZjXb2k=
29,-83,FODBZljf2uoFrKWkXHAkee+FWpM=,jrpsVatQezmYY10SdLO+RZjXb2k=
16,-96,FODBZljf2uoFrKWkXHAkee+FWpM=,jrpsVatQezmYY10SdLO+RZjXb2k=
28,-83,FODBZljf2uoFrKWkXHAkee+FWpM=,jrpsVatQezmYY10SdLO+RZjXb2k=
26,-83,FODBZljf2uoFrKWkXHAkee+FWpM=,jrpsVatQezmYY10SdLO+RZjXb2k=
29,-93,FODBZljf2uoFrKWkXHAkee+FWpM=,jrpsVatQezmYY10SdLO+RZjXb2k=
20,-82,FODBZljf2uoFrKWkXHAkee+FWpM=,jrpsVatQezmYY10SdLO+RZjXb2k=
23,-81,FODBZljf2uoFrKWkXHAkee+FWpM=,jrpsVatQezmYY10SdLO+RZjXb2k=
25,-82,FODBZljf2uoFrKWkXHAkee+FWpM=,jrpsVatQezmYY10SdLO+RZjXb2k=
21,-81,FODBZljf2uoFrKWkXHAkee+FWpM=,jrpsVatQezmYY10SdLO+RZjXb2k=
19,-83,FODBZljf2uoFrKWkXHAkee+FWpM=,jrpsVatQezmYY10SdLO+RZjXb2k=
18,-83,FODBZljf2uoFrKWkXHAkee+FWpM=,jrpsVatQezmYY10SdLO+RZjXb2k=
17,-83,FODBZljf2uoFrKWkXHAkee+FWpM=,jrpsVatQezmYY10SdLO+RZjXb2k=
16,-83,FODBZljf2uoFrKWkXHAkee+FWpM=,jrpsVatQezmYY10SdLO+RZjXb2k=
31,-84,FODBZljf2uoFrKWkXHAkee+FWpM=,jrpsVatQezmYY10SdLO+RZjXb2k=
18,-95,FODBZljf2uoFrKWkXHAkee+FWpM=,jrpsVatQezmYY10SdLO+RZjXb2k=
17,-94,FODBZljf2uoFrKWkXHAkee+FWpM=,jrpsVatQezmYY10SdLO+RZjXb2k=
30,-84,FODBZljf2uoFrKWkXHAkee+FWpM=,jrpsVatQezmYY10SdLO+RZjXb2k=
29,-84,FODBZljf2uoFrKWkXHAkee+FWpM=,jrpsVatQezmYY10SdLO+RZjXb2k=
28,-84,FODBZljf2uoFrKWkXHAkee+FWpM=,jrpsVatQezmYY10SdLO+RZjXb2k=
20,-83,FODBZljf2uoFrKWkXHAkee+FWpM=,jrpsVatQezmYY10SdLO+RZjXb2k=
26,-82,FODBZljf2uoFrKWkXHAkee+FWpM=,jrpsVatQezmYY10SdLO+RZjXb2k=
22,-81,FODBZljf2uoFrKWkXHAkee+FWpM=,jrpsVatQezmYY10SdLO+RZjXb2k=
27,-83,FODBZljf2uoFrKWkXHAkee+FWpM=,jrpsVatQezmYY10SdLO+RZjXb2k=
21,-83,FODBZljf2uoFrKWkXHAkee+FWpM=,jrpsVatQezmYY10SdLO+RZjXb2k=
21,-84,FODBZljf2uoFrKWkXHAkee+FWpM=,jrpsVatQezmYY10SdLO+RZjXb2k=
20,-84,FODBZljf2uoFrKWkXHAkee+FWpM=,jrpsVatQezmYY10SdLO+RZjXb2k=
19,-84,FODBZljf2uoFrKWkXHAkee+FWpM=,jrpsVatQezmYY10SdLO+RZjXb2k=
18,-84,FODBZljf2uoFrKWkXHAkee+FWpM=,jrpsVatQezmYY10SdLO+RZjXb2k=
17,-84,FODBZljf2uoFrKWkXHAkee+FWpM=,jrpsVatQezmYY10SdLO+RZjXb2k=
16,-84,FODBZljf2uoFrKWkXHAkee+FWpM=,jrpsVatQezmYY10SdLO+RZjXb2k=
17,-95,FODBZljf2uoFrKWkXHAkee+FWpM=,jrpsVatQezmYY10SdLO+RZjXb2k=
16,-95,FODBZljf2uoFrKWkXHAkee+FWpM=,jrpsVatQezmYY10SdLO+RZjXb2k=
18,-96,FODBZljf2uoFrKWkXHAkee+FWpM=,jrpsVatQezmYY10SdLO+RZjXb2k=
16,-93,FODBZljf2uoFrKWkXHAkee+FWpM=,jrpsVatQezmYY10SdLO+RZjXb2k=
31,-96,FODBZljf2uoFrKWkXHAkee+FWpM=,jrpsVatQezmYY10SdLO+RZjXb2k=
16,-94,FODBZljf2uoFrKWkXHAkee+FWpM=,jrpsVatQezmYY10SdLO+RZjXb2k=
30,-96,FODBZljf2uoFrKWkXHAkee+FWpM=,jrpsVatQezmYY10SdLO+RZjXb2k=
31,-95,FODBZljf2uoFrKWkXHAkee+FWpM=,jrpsVatQezmYY10SdLO+RZjXb2k=
31,-85,FODBZljf2uoFrKWkXHAkee+FWpM=,jrpsVatQezmYY10SdLO+RZjXb2k=
30,-95,FODBZljf2uoFrKWkXHAkee+FWpM=,jrpsVatQezmYY10SdLO+RZjXb2k=
30,-85,FODBZljf2uoFrKWkXHAkee+FWpM=,jrpsVatQezmYY10SdLO+RZjXb2k=
29,-85,FODBZljf2uoFrKWkXHAkee+FWpM=,jrpsVatQezmYY10SdLO+RZjXb2k=
28,-85,FODBZljf2uoFrKWkXHAkee+FWpM=,jrpsVatQezmYY10SdLO+RZjXb2k=
25,-83,FODBZljf2uoFrKWkXHAkee+FWpM=,jrpsVatQezmYY10SdLO+RZjXb2k=
26,-84,FODBZljf2uoFrKWkXHAkee+FWpM=,jrpsVatQezmYY10SdLO+RZjXb2k=
27,-85,FODBZljf2uoFrKWkXHAkee+FWpM=,jrpsVatQezmYY10SdLO+RZjXb2k=
22,-84,FODBZljf2uoFrKWkXHAkee+FWpM=,jrpsVatQezmYY10SdLO+RZjXb2k=
22,-85,FODBZljf2uoFrKWkXHAkee+FWpM=,jrpsVatQezmYY10SdLO+RZjXb2k=
21,-85,FODBZljf2uoFrKWkXHAkee+FWpM=,jrpsVatQezmYY10SdLO+RZjXb2k=
20,-85,FODBZljf2uoFrKWkXHAkee+FWpM=,jrpsVatQezmYY10SdLO+RZjXb2k=
19,-85,FODBZljf2uoFrKWkXHAkee+FWpM=,jrpsVatQezmYY10SdLO+RZjXb2k=
18,-85,FODBZljf2uoFrKWkXHAkee+FWpM=,jrpsVatQezmYY10SdLO+RZjXb2k=
17,-85,FODBZljf2uoFrKWkXHAkee+FWpM=,jrpsVatQezmYY10SdLO+RZjXb2k=
29,-96,FODBZljf2uoFrKWkXHAkee+FWpM=,jrpsVatQezmYY10SdLO+RZjXb2k=
16,-85,FODBZljf2uoFrKWkXHAkee+FWpM=,jrpsVatQezmYY10SdLO+RZjXb2k=
23,-85,FODBZljf2uoFrKWkXHAkee+FWpM=,jrpsVatQezmYY10SdLO+RZjXb2k=
29,-95,FODBZljf2uoFrKWkXHAkee+FWpM=,jrpsVatQezmYY10SdLO+RZjXb2k=
31,-86,FODBZljf2uoFrKWkXHAkee+FWpM=,jrpsVatQezmYY10SdLO+RZjXb2k=
30,-86,FODBZljf2uoFrKWkXHAkee+FWpM=,jrpsVatQezmYY10SdLO+RZjXb2k=
29,-86,FODBZljf2uoFrKWkXHAkee+FWpM=,jrpsVatQezmYY10SdLO+RZjXb2k=
28,-86,FODBZljf2uoFrKWkXHAkee+FWpM=,jrpsVatQezmYY10SdLO+RZjXb2k=
24,-82,FODBZljf2uoFrKWkXHAkee+FWpM=,jrpsVatQezmYY10SdLO+RZjXb2k=
24,-83,FODBZljf2uoFrKWkXHAkee+FWpM=,jrpsVatQezmYY10SdLO+RZjXb2k=
27,-86,FODBZljf2uoFrKWkXHAkee+FWpM=,jrpsVatQezmYY10SdLO+RZjXb2k=
24,-86,FODBZljf2uoFrKWkXHAkee+FWpM=,jrpsVatQezmYY10SdLO+RZjXb2k=
23,-86,FODBZljf2uoFrKWkXHAkee+FWpM=,jrpsVatQezmYY10SdLO+RZjXb2k=
22,-86,FODBZljf2uoFrKWkXHAkee+FWpM=,jrpsVatQezmYY10SdLO+RZjXb2k=
21,-86,FODBZljf2uoFrKWkXHAkee+FWpM=,jrpsVatQezmYY10SdLO+RZjXb2k=
20,-86,FODBZljf2uoFrKWkXHAkee+FWpM=,jrpsVatQezmYY10SdLO+RZjXb2k=
19,-86,FODBZljf2uoFrKWkXHAkee+FWpM=,jrpsVatQezmYY10SdLO+RZjXb2k=
18,-86,FODBZljf2uoFrKWkXHAkee+FWpM=,jrpsVatQezmYY10SdLO+RZjXb2k=
17,-86,FODBZljf2uoFrKWkXHAkee+FWpM=,jrpsVatQezmYY10SdLO+RZjXb2k=
16,-86,FODBZljf2uoFrKWkXHAkee+FWpM=,jrpsVatQezmYY10SdLO+RZjXb2k=
28,-96,FODBZljf2uoFrKWkXHAkee+FWpM=,jrpsVatQezmYY10SdLO+RZjXb2k=
29,-94,FODBZljf2uoFrKWkXHAkee+FWpM=,jrpsVatQezmYY10SdLO+RZjXb2k=
28,-95,FODBZljf2uoFrKWkXHAkee+FWpM=,jrpsVatQezmYY10SdLO+RZjXb2k=
31,-87,FODBZljf2uoFrKWkXHAkee+FWpM=,jrpsVatQezmYY10SdLO+RZjXb2k=
30,-87,FODBZljf2uoFrKWkXHAkee+FWpM=,jrpsVatQezmYY10SdLO+RZjXb2k=
29,-87,FODBZljf2uoFrKWkXHAkee+FWpM=,jrpsVatQezmYY10SdLO+RZjXb2k=
28,-87,FODBZljf2uoFrKWkXHAkee+FWpM=,jrpsVatQezmYY10SdLO+RZjXb2k=
27,-84,FODBZljf2uoFrKWkXHAkee+FWpM=,jrpsVatQezmYY10SdLO+RZjXb2k=
24,-87,FODBZljf2uoFrKWkXHAkee+FWpM=,jrpsVatQezmYY10SdLO+RZjXb2k=
23,-87,FODBZljf2uoFrKWkXHAkee+FWpM=,jrpsVatQezmYY10SdLO+RZjXb2k=
22,-87,FODBZljf2uoFrKWkXHAkee+FWpM=,jrpsVatQezmYY10SdLO+RZjXb2k=
21,-87,FODBZljf2uoFrKWkXHAkee+FWpM=,jrpsVatQezmYY10SdLO+RZjXb2k=
20,-87,FODBZljf2uoFrKWkXHAkee+FWpM=,jrpsVatQezmYY10SdLO+RZjXb2k=
19,-87,FODBZljf2uoFrKWkXHAkee+FWpM=,jrpsVatQezmYY10SdLO+RZjXb2k=
18,-87,FODBZljf2uoFrKWkXHAkee+FWpM=,jrpsVatQezmYY10SdLO+RZjXb2k=
17,-87,FODBZljf2uoFrKWkXHAkee+FWpM=,jrpsVatQezmYY10SdLO+RZjXb2k=
16,-87,FODBZljf2uoFrKWkXHAkee+FWpM=,jrpsVatQezmYY10SdLO+RZjXb2k=
27,-96,FODBZljf2uoFrKWkXHAkee+FWpM=,jrpsVatQezmYY10SdLO+RZjXb2k=
28,-94,FODBZljf2uoFrKWkXHAkee+FWpM=,jrpsVatQezmYY10SdLO+RZjXb2k=
27,-95,FODBZljf2uoFrKWkXHAkee+FWpM=,jrpsVatQezmYY10SdLO+RZjXb2k=
31,-88,FODBZljf2uoFrKWkXHAkee+FWpM=,jrpsVatQezmYY10SdLO+RZjXb2k=
30,-88,FODBZljf2uoFrKWkXHAkee+FWpM=,jrpsVatQezmYY10SdLO+RZjXb2k=
21,-82,FODBZljf2uoFrKWkXHAkee+FWpM=,jrpsVatQezmYY10SdLO+RZjXb2k=
28,-88,FODBZljf2uoFrKWkXHAkee+FWpM=,jrpsVatQezmYY10SdLO+RZjXb2k=
30,-93,FODBZljf2uoFrKWkXHAkee+FWpM=,jrpsVatQezmYY10SdLO+RZjXb2k=
31,-93,FODBZljf2uoFrKWkXHAkee+FWpM=,jrpsVatQezmYY10SdLO+RZjXb2k=
22,-95,FODBZljf2uoFrKWkXHAkee+FWpM=,jrpsVatQezmYY10SdLO+RZjXb2k=
23,-94,FODBZljf2uoFrKWkXHAkee+FWpM=,jrpsVatQezmYY10SdLO+RZjXb2k=
22,-96,FODBZljf2uoFrKWkXHAkee+FWpM=,jrpsVatQezmYY10SdLO+RZjXb2k=
16,-92,FODBZljf2uoFrKWkXHAkee+FWpM=,jrpsVatQezmYY10SdLO+RZjXb2k=
17,-92,FODBZljf2uoFrKWkXHAkee+FWpM=,jrpsVatQezmYY10SdLO+RZjXb2k=
18,-92,FODBZljf2uoFrKWkXHAkee+FWpM=,jrpsVatQezmYY10SdLO+RZjXb2k=
19,-92,FODBZljf2uoFrKWkXHAkee+FWpM=,jrpsVatQezmYY10SdLO+RZjXb2k=
20,-92,FODBZljf2uoFrKWkXHAkee+FWpM=,jrpsVatQezmYY10SdLO+RZjXb2k=
21,-92,FODBZljf2uoFrKWkXHAkee+FWpM=,jrpsVatQezmYY10SdLO+RZjXb2k=
22,-92,FODBZljf2uoFrKWkXHAkee+FWpM=,jrpsVatQezmYY10SdLO+RZjXb2k=
23,-92,FODBZljf2uoFrKWkXHAkee+FWpM=,jrpsVatQezmYY10SdLO+RZjXb2k=
24,-92,FODBZljf2uoFrKWkXHAkee+FWpM=,jrpsVatQezmYY10SdLO+RZjXb2k=
25,-92,FODBZljf2uoFrKWkXHAkee+FWpM=,jrpsVatQezmYY10SdLO+RZjXb2k=
26,-92,FODBZljf2uoFrKWkXHAkee+FWpM=,jrpsVatQezmYY10SdLO+RZjXb2k=
27,-92,FODBZljf2uoFrKWkXHAkee+FWpM=,jrpsVatQezmYY10SdLO+RZjXb2k=
28,-92,FODBZljf2uoFrKWkXHAkee+FWpM=,jrpsVatQezmYY10SdLO+RZjXb2k=
29,-88,FODBZljf2uoFrKWkXHAkee+FWpM=,jrpsVatQezmYY10SdLO+RZjXb2k=
25,-88,FODBZljf2uoFrKWkXHAkee+FWpM=,jrpsVatQezmYY10SdLO+RZjXb2k=
24,-88,FODBZljf2uoFrKWkXHAkee+FWpM=,jrpsVatQezmYY10SdLO+RZjXb2k=
23,-88,FODBZljf2uoFrKWkXHAkee+FWpM=,jrpsVatQezmYY10SdLO+RZjXb2k=
22,-88,FODBZljf2uoFrKWkXHAkee+FWpM=,jrpsVatQezmYY10SdLO+RZjXb2k=
21,-88,FODBZljf2uoFrKWkXHAkee+FWpM=,jrpsVatQezmYY10SdLO+RZjXb2k=
20,-88,FODBZljf2uoFrKWkXHAkee+FWpM=,jrpsVatQezmYY10SdLO+RZjXb2k=
19,-88,FODBZljf2uoFrKWkXHAkee+FWpM=,jrpsVatQezmYY10SdLO+RZjXb2k=
18,-88,FODBZljf2uoFrKWkXHAkee+FWpM=,jrpsVatQezmYY10SdLO+RZjXb2k=
17,-88,FODBZljf2uoFrKWkXHAkee+FWpM=,jrpsVatQezmYY10SdLO+RZjXb2k=
16,-88,FODBZljf2uoFrKWkXHAkee+FWpM=,jrpsVatQezmYY10SdLO+RZjXb2k=
26,-96,FODBZljf2uoFrKWkXHAkee+FWpM=,jrpsVatQezmYY10SdLO+RZjXb2k=
27,-94,FODBZljf2uoFrKWkXHAkee+FWpM=,jrpsVatQezmYY10SdLO+RZjXb2k=
26,-95,FODBZljf2uoFrKWkXHAkee+FWpM=,jrpsVatQezmYY10SdLO+RZjXb2k=
25,-87,FODBZljf2uoFrKWkXHAkee+FWpM=,jrpsVatQezmYY10SdLO+RZjXb2k=
25,-86,FODBZljf2uoFrKWkXHAkee+FWpM=,jrpsVatQezmYY10SdLO+RZjXb2k=
29,-89,FODBZljf2uoFrKWkXHAkee+FWpM=,jrpsVatQezmYY10SdLO+RZjXb2k=
28,-89,FODBZljf2uoFrKWkXHAkee+FWpM=,jrpsVatQezmYY10SdLO+RZjXb2k=
26,-85,FODBZljf2uoFrKWkXHAkee+FWpM=,jrpsVatQezmYY10SdLO+RZjXb2k=
26,-89,FODBZljf2uoFrKWkXHAkee+FWpM=,jrpsVatQezmYY10SdLO+RZjXb2k=
25,-89,FODBZljf2uoFrKWkXHAkee+FWpM=,jrpsVatQezmYY10SdLO+RZjXb2k=
24,-89,FODBZljf2uoFrKWkXHAkee+FWpM=,jrpsVatQezmYY10SdLO+RZjXb2k=
23,-89,FODBZljf2uoFrKWkXHAkee+FWpM=,jrpsVatQezmYY10SdLO+RZjXb2k=
22,-89,FODBZljf2uoFrKWkXHAkee+FWpM=,jrpsVatQezmYY10SdLO+RZjXb2k=
20,-89,FODBZljf2uoFrKWkXHAkee+FWpM=,jrpsVatQezmYY10SdLO+RZjXb2k=
21,-89,FODBZljf2uoFrKWkXHAkee+FWpM=,jrpsVatQezmYY10SdLO+RZjXb2k=
19,-89,FODBZljf2uoFrKWkXHAkee+FWpM=,jrpsVatQezmYY10SdLO+RZjXb2k=
18,-89,FODBZljf2uoFrKWkXHAkee+FWpM=,jrpsVatQezmYY10SdLO+RZjXb2k=
17,-89,FODBZljf2uoFrKWkXHAkee+FWpM=,jrpsVatQezmYY10SdLO+RZjXb2k=
25,-96,FODBZljf2uoFrKWkXHAkee+FWpM=,jrpsVatQezmYY10SdLO+RZjXb2k=
16,-89,FODBZljf2uoFrKWkXHAkee+FWpM=,jrpsVatQezmYY10SdLO+RZjXb2k=
25,-95,FODBZljf2uoFrKWkXHAkee+FWpM=,jrpsVatQezmYY10SdLO+RZjXb2k=
26,-94,FODBZljf2uoFrKWkXHAkee+FWpM=,jrpsVatQezmYY10SdLO+RZjXb2k=
30,-90,FODBZljf2uoFrKWkXHAkee+FWpM=,jrpsVatQezmYY10SdLO+RZjXb2k=
30,-89,FODBZljf2uoFrKWkXHAkee+FWpM=,jrpsVatQezmYY10SdLO+RZjXb2k=
25,-85,FODBZljf2uoFrKWkXHAkee+FWpM=,jrpsVatQezmYY10SdLO+RZjXb2k=
26,-90,FODBZljf2uoFrKWkXHAkee+FWpM=,jrpsVatQezmYY10SdLO+RZjXb2k=
27,-87,FODBZljf2uoFrKWkXHAkee+FWpM=,jrpsVatQezmYY10SdLO+RZjXb2k=
25,-90,FODBZljf2uoFrKWkXHAkee+FWpM=,jrpsVatQezmYY10SdLO+RZjXb2k=
24,-90,FODBZljf2uoFrKWkXHAkee+FWpM=,jrpsVatQezmYY10SdLO+RZjXb2k=
23,-90,FODBZljf2uoFrKWkXHAkee+FWpM=,jrpsVatQezmYY10SdLO+RZjXb2k=
22,-90,FODBZljf2uoFrKWkXHAkee+FWpM=,jrpsVatQezmYY10SdLO+RZjXb2k=
21,-90,FODBZljf2uoFrKWkXHAkee+FWpM=,jrpsVatQezmYY10SdLO+RZjXb2k=
20,-90,FODBZljf2uoFrKWkXHAkee+FWpM=,jrpsVatQezmYY10SdLO+RZjXb2k=
19,-90,FODBZljf2uoFrKWkXHAkee+FWpM=,jrpsVatQezmYY10SdLO+RZjXb2k=
17,-90,FODBZljf2uoFrKWkXHAkee+FWpM=,jrpsVatQezmYY10SdLO+RZjXb2k=
16,-90,FODBZljf2uoFrKWkXHAkee+FWpM=,jrpsVatQezmYY10SdLO+RZjXb2k=
18,-90,FODBZljf2uoFrKWkXHAkee+FWpM=,jrpsVatQezmYY10SdLO+RZjXb2k=
24,-96,FODBZljf2uoFrKWkXHAkee+FWpM=,jrpsVatQezmYY10SdLO+RZjXb2k=
25,-94,FODBZljf2uoFrKWkXHAkee+FWpM=,jrpsVatQezmYY10SdLO+RZjXb2k=
24,-95,FODBZljf2uoFrKWkXHAkee+FWpM=,jrpsVatQezmYY10SdLO+RZjXb2k=
24,-84,FODBZljf2uoFrKWkXHAkee+FWpM=,jrpsVatQezmYY10SdLO+RZjXb2k=
30,-91,FODBZljf2uoFrKWkXHAkee+FWpM=,jrpsVatQezmYY10SdLO+RZjXb2k=
29,-91,FODBZljf2uoFrKWkXHAkee+FWpM=,jrpsVatQezmYY10SdLO+RZjXb2k=
28,-91,FODBZljf2uoFrKWkXHAkee+FWpM=,jrpsVatQezmYY10SdLO+RZjXb2k=
25,-84,FODBZljf2uoFrKWkXHAkee+FWpM=,jrpsVatQezmYY10SdLO+RZjXb2k=
25,-91,FODBZljf2uoFrKWkXHAkee+FWpM=,jrpsVatQezmYY10SdLO+RZjXb2k=
24,-91,FODBZljf2uoFrKWkXHAkee+FWpM=,jrpsVatQezmYY10SdLO+RZjXb2k=
23,-91,FODBZljf2uoFrKWkXHAkee+FWpM=,jrpsVatQezmYY10SdLO+RZjXb2k=
22,-91,FODBZljf2uoFrKWkXHAkee+FWpM=,jrpsVatQezmYY10SdLO+RZjXb2k=
20,-91,FODBZljf2uoFrKWkXHAkee+FWpM=,jrpsVatQezmYY10SdLO+RZjXb2k=
19,-91,FODBZljf2uoFrKWkXHAkee+FWpM=,jrpsVatQezmYY10SdLO+RZjXb2k=
18,-91,FODBZljf2uoFrKWkXHAkee+FWpM=,jrpsVatQezmYY10SdLO+RZjXb2k=
21,-91,FODBZljf2uoFrKWkXHAkee+FWpM=,jrpsVatQezmYY10SdLO+RZjXb2k=
17,-91,FODBZljf2uoFrKWkXHAkee+FWpM=,jrpsVatQezmYY10SdLO+RZjXb2k=
16,-91,FODBZljf2uoFrKWkXHAkee+FWpM=,jrpsVatQezmYY10SdLO+RZjXb2k=
23,-96,FODBZljf2uoFrKWkXHAkee+FWpM=,jrpsVatQezmYY10SdLO+RZjXb2k=
24,-94,FODBZljf2uoFrKWkXHAkee+FWpM=,jrpsVatQezmYY10SdLO+RZjXb2k=
23,-95,FODBZljf2uoFrKWkXHAkee+FWpM=,jrpsVatQezmYY10SdLO+RZjXb2k=
31,-92,FODBZljf2uoFrKWkXHAkee+FWpM=,jrpsVatQezmYY10SdLO+RZjXb2k=
30,-92,FODBZljf2uoFrKWkXHAkee+FWpM=,jrpsVatQezmYY10SdLO+RZjXb2k=
28,-90,FODBZljf2uoFrKWkXHAkee+FWpM=,jrpsVatQezmYY10SdLO+RZjXb2k=
27,-89,FODBZljf2uoFrKWkXHAkee+FWpM=,jrpsVatQezmYY10SdLO+RZjXb2k=
27,-90,FODBZljf2uoFrKWkXHAkee+FWpM=,jrpsVatQezmYY10SdLO+RZjXb2k=
30,-94,FODBZljf2uoFrKWkXHAkee+FWpM=,jrpsVatQezmYY10SdLO+RZjXb2k=
31,-89,FODBZljf2uoFrKWkXHAkee+FWpM=,jrpsVatQezmYY10SdLO+RZjXb2k=
31,-90,FODBZljf2uoFrKWkXHAkee+FWpM=,jrpsVatQezmYY10SdLO+RZjXb2k=
31,-94,FODBZljf2uoFrKWkXHAkee+FWpM=,jrpsVatQezmYY10SdLO+RZjXb2k=
24,-85,FODBZljf2uoFrKWkXHAkee+FWpM=,jrpsVatQezmYY10SdLO+RZjXb2k=
26,-91,FODBZljf2uoFrKWkXHAkee+FWpM=,jrpsVatQezmYY10SdLO+RZjXb2k=
29,-92,FODBZljf2uoFrKWkXHAkee+FWpM=,jrpsVatQezmYY10SdLO+RZjXb2k=
23,-83,FODBZljf2uoFrKWkXHAkee+FWpM=,jrpsVatQezmYY10SdLO+RZjXb2k=
27,-88,FODBZljf2uoFrKWkXHAkee+FWpM=,jrpsVatQezmYY10SdLO+RZjXb2k=
31,-91,FODBZljf2uoFrKWkXHAkee+FWpM=,jrpsVatQezmYY10SdLO+RZjXb2k=
23,-82,FODBZljf2uoFrKWkXHAkee+FWpM=,jrpsVatQezmYY10SdLO+RZjXb2k=
27,-91,FODBZljf2uoFrKWkXHAkee+FWpM=,jrpsVatQezmYY10SdLO+RZjXb2k=
26,-88,FODBZljf2uoFrKWkXHAkee+FWpM=,jrpsVatQezmYY10SdLO+RZjXb2k=
26,-87,FODBZljf2uoFrKWkXHAkee+FWpM=,jrpsVatQezmYY10SdLO+RZjXb2k=
26,-86,FODBZljf2uoFrKWkXHAkee+FWpM=,jrpsVatQezmYY10SdLO+RZjXb2k=
22,-82,FODBZljf2uoFrKWkXHAkee+FWpM=,jrpsVatQezmYY10SdLO+RZjXb2k=
23,-84,FODBZljf2uoFrKWkXHAkee+FWpM=,jrpsVatQezmYY10SdLO+RZjXb2k=
29,-90,FODBZljf2uoFrKWkXHAkee+FWpM=,jrpsVatQezmYY10SdLO+RZjXb2k=
22,-83,FODBZljf2uoFrKWkXHAkee+FWpM=,jrpsVatQezmYY10SdLO+RZjXb2k=
5,-96,B6xFCgO0EY7cDXRfiNa59nxhoQU=,uhOoq+D0x/C4JR2N0++CJFCvXpA=
7,-93,B6xFCgO0EY7cDXRfiNa59nxhoQU=,uhOoq+D0x/C4JR2N0++CJFCvXpA=
6,-94,B6xFCgO0EY7cDXRfiNa59nxhoQU=,uhOoq+D0x/C4JR2N0++CJFCvXpA=
6,-93,B6xFCgO0EY7cDXRfiNa59nxhoQU=,uhOoq+D0x/C4JR2N0++CJFCvXpA=
5,-94,B6xFCgO0EY7cDXRfiNa59nxhoQU=,uhOoq+D0x/C4JR2N0++CJFCvXpA=
3,-96,B6xFCgO0EY7cDXRfiNa59nxhoQU=,uhOoq+D0x/C4JR2N0++CJFCvXpA=
4,-93,B6xFCgO0EY7cDXRfiNa59nxhoQU=,uhOoq+D0x/C4JR2N0++CJFCvXpA=
5,-93,B6xFCgO0EY7cDXRfiNa59nxhoQU=,uhOoq+D0x/C4JR2N0++CJFCvXpA=
3,-93,B6xFCgO0EY7cDXRfiNa59nxhoQU=,uhOoq+D0x/C4JR2N0++CJFCvXpA=
5,-95,B6xFCgO0EY7cDXRfiNa59nxhoQU=,uhOoq+D0x/C4JR2N0++CJFCvXpA=
4,-95,B6xFCgO0EY7cDXRfiNa59nxhoQU=,uhOoq+D0x/C4JR2N0++CJFCvXpA=
1,-96,B6xFCgO0EY7cDXRfiNa59nxhoQU=,uhOoq+D0x/C4JR2N0++CJFCvXpA=
4,-94,B6xFCgO0EY7cDXRfiNa59nxhoQU=,uhOoq+D0x/C4JR2N0++CJFCvXpA=
2,-93,B6xFCgO0EY7cDXRfiNa59nxhoQU=,uhOoq+D0x/C4JR2N0++CJFCvXpA=
1,-93,B6xFCgO0EY7cDXRfiNa59nxhoQU=,uhOoq+D0x/C4JR2N0++CJFCvXpA=
4,-96,B6xFCgO0EY7cDXRfiNa59nxhoQU=,uhOoq+D0x/C4JR2N0++CJFCvXpA=
3,-94,B6xFCgO0EY7cDXRfiNa59nxhoQU=,uhOoq+D0x/C4JR2N0++CJFCvXpA=
14,-82,B6xFCgO0EY7cDXRfiNa59nxhoQU=,uhOoq+D0x/C4JR2N0++CJFCvXpA=
12,-82,B6xFCgO0EY7cDXRfiNa59nxhoQU=,uhOoq+D0x/C4JR2N0++CJFCvXpA=
13,-82,B6xFCgO0EY7cDXRfiNa59nxhoQU=,uhOoq+D0x/C4JR2N0++CJFCvXpA=
11,-82,B6xFCgO0EY7cDXRfiNa59nxhoQU=,uhOoq+D0x/C4JR2N0++CJFCvXpA=
10,-82,B6xFCgO0EY7cDXRfiNa59nxhoQU=,uhOoq+D0x/C4JR2N0++CJFCvXpA=
9,-82,B6xFCgO0EY7cDXRfiNa59nxhoQU=,uhOoq+D0x/C4JR2N0++CJFCvXpA=
8,-82,B6xFCgO0EY7cDXRfiNa59nxhoQU=,uhOoq+D0x/C4JR2N0++CJFCvXpA=
7,-82,B6xFCgO0EY7cDXRfiNa59nxhoQU=,uhOoq+D0x/C4JR2N0++CJFCvXpA=
6,-82,B6xFCgO0EY7cDXRfiNa59nxhoQU=,uhOoq+D0x/C4JR2N0++CJFCvXpA=
5,-82,B6xFCgO0EY7cDXRfiNa59nxhoQU=,uhOoq+D0x/C4JR2N0++CJFCvXpA=
4,-82,B6xFCgO0EY7cDXRfiNa59nxhoQU=,uhOoq+D0x/C4JR2N0++CJFCvXpA=
3,-82,B6xFCgO0EY7cDXRfiNa59nxhoQU=,uhOoq+D0x/C4JR2N0++CJFCvXpA=
1,-82,B6xFCgO0EY7cDXRfiNa59nxhoQU=,uhOoq+D0x/C4JR2N0++CJFCvXpA=
3,-95,B6xFCgO0EY7cDXRfiNa59nxhoQU=,uhOoq+D0x/C4JR2N0++CJFCvXpA=
2,-82,B6xFCgO0EY7cDXRfiNa59nxhoQU=,uhOoq+D0x/C4JR2N0++CJFCvXpA=
2,-94,B6xFCgO0EY7cDXRfiNa59nxhoQU=,uhOoq+D0x/C4JR2N0++CJFCvXpA=
14,-83,B6xFCgO0EY7cDXRfiNa59nxhoQU=,uhOoq+D0x/C4JR2N0++CJFCvXpA=
13,-83,B6xFCgO0EY7cDXRfiNa59nxhoQU=,uhOoq+D0x/C4JR2N0++CJFCvXpA=
12,-83,B6xFCgO0EY7cDXRfiNa59nxhoQU=,uhOoq+D0x/C4JR2N0++CJFCvXpA=
11,-83,B6xFCgO0EY7cDXRfiNa59nxhoQU=,uhOoq+D0x/C4JR2N0++CJFCvXpA=
9,-83,B6xFCgO0EY7cDXRfiNa59nxhoQU=,uhOoq+D0x/C4JR2N0++CJFCvXpA=
10,-83,B6xFCgO0EY7cDXRfiNa59nxhoQU=,uhOoq+D0x/C4JR2N0++CJFCvXpA=
8,-83,B6xFCgO0EY7cDXRfiNa59nxhoQU=,uhOoq+D0x/C4JR2N0++CJFCvXpA=
7,-83,B6xFCgO0EY7cDXRfiNa59nxhoQU=,uhOoq+D0x/C4JR2N0++CJFCvXpA=
6,-83,B6xFCgO0EY7cDXRfiNa59nxhoQU=,uhOoq+D0x/C4JR2N0++CJFCvXpA=
5,-83,B6xFCgO0EY7cDXRfiNa59nxhoQU=,uhOoq+D0x/C4JR2N0++CJFCvXpA=
4,-83,B6xFCgO0EY7cDXRfiNa59nxhoQU=,uhOoq+D0x/C4JR2N0++CJFCvXpA=
3,-83,B6xFCgO0EY7cDXRfiNa59nxhoQU=,uhOoq+D0x/C4JR2N0++CJFCvXpA=
2,-83,B6xFCgO0EY7cDXRfiNa59nxhoQU=,uhOoq+D0x/C4JR2N0++CJFCvXpA=
1,-83,B6xFCgO0EY7cDXRfiNa59nxhoQU=,uhOoq+D0x/C4JR2N0++CJFCvXpA=
2,-95,B6xFCgO0EY7cDXRfiNa59nxhoQU=,uhOoq+D0x/C4JR2N0++CJFCvXpA=
1,-94,B6xFCgO0EY7cDXRfiNa59nxhoQU=,uhOoq+D0x/C4JR2N0++CJFCvXpA=
14,-84,B6xFCgO0EY7cDXRfiNa59nxhoQU=,uhOoq+D0x/C4JR2N0++CJFCvXpA=
13,-84,B6xFCgO0EY7cDXRfiNa59nxhoQU=,uhOoq+D0x/C4JR2N0++CJFCvXpA=
12,-84,B6xFCgO0EY7cDXRfiNa59nxhoQU=,uhOoq+D0x/C4JR2N0++CJFCvXpA=
11,-84,B6xFCgO0EY7cDXRfiNa59nxhoQU=,uhOoq+D0x/C4JR2N0++CJFCvXpA=
10,-84,B6xFCgO0EY7cDXRfiNa59nxhoQU=,uhOoq+D0x/C4JR2N0++CJFCvXpA=
9,-84,B6xFCgO0EY7cDXRfiNa59nxhoQU=,uhOoq+D0x/C4JR2N0++CJFCvXpA=
8,-84,B6xFCgO0EY7cDXRfiNa59nxhoQU=,uhOoq+D0x/C4JR2N0++CJFCvXpA=
7,-84,B6xFCgO0EY7cDXRfiNa59nxhoQU=,uhOoq+D0x/C4JR2N0++CJFCvXpA=
6,-84,B6xFCgO0EY7cDXRfiNa59nxhoQU=,uhOoq+D0x/C4JR2N0++CJFCvXpA=
5,-84,B6xFCgO0EY7cDXRfiNa59nxhoQU=,uhOoq+D0x/C4JR2N0++CJFCvXpA=
4,-84,B6xFCgO0EY7cDXRfiNa59nxhoQU=,uhOoq+D0x/C4JR2N0++CJFCvXpA=
3,-84,B6xFCgO0EY7cDXRfiNa59nxhoQU=,uhOoq+D0x/C4JR2N0++CJFCvXpA=
2,-84,B6xFCgO0EY7cDXRfiNa59nxhoQU=,uhOoq+D0x/C4JR2N0++CJFCvXpA=
1,-84,B6xFCgO0EY7cDXRfiNa59nxhoQU=,uhOoq+D0x/C4JR2N0++CJFCvXpA=
2,-96,B6xFCgO0EY7cDXRfiNa59nxhoQU=,uhOoq+D0x/C4JR2N0++CJFCvXpA=
14,-96,B6xFCgO0EY7cDXRfiNa59nxhoQU=,uhOoq+D0x/C4JR2N0++CJFCvXpA=
14,-85,B6xFCgO0EY7cDXRfiNa59nxhoQU=,uhOoq+D0x/C4JR2N0++CJFCvXpA=
12,-85,B6xFCgO0EY7cDXRfiNa59nxhoQU=,uhOoq+D0x/C4JR2N0++CJFCvXpA=
13,-85,B6xFCgO0EY7cDXRfiNa59nxhoQU=,uhOoq+D0x/C4JR2N0++CJFCvXpA=
10,-85,B6xFCgO0EY7cDXRfiNa59nxhoQU=,uhOoq+D0x/C4JR2N0++CJFCvXpA=
11,-85,B6xFCgO0EY7cDXRfiNa59nxhoQU=,uhOoq+D0x/C4JR2N0++CJFCvXpA=
9,-85,B6xFCgO0EY7cDXRfiNa59nxhoQU=,uhOoq+D0x/C4JR2N0++CJFCvXpA=
8,-85,B6xFCgO0EY7cDXRfiNa59nxhoQU=,uhOoq+D0x/C4JR2N0++CJFCvXpA=
7,-85,B6xFCgO0EY7cDXRfiNa59nxhoQU=,uhOoq+D0x/C4JR2N0++CJFCvXpA=
6,-85,B6xFCgO0EY7cDXRfiNa59nxhoQU=,uhOoq+D0x/C4JR2N0++CJFCvXpA=
5,-85,B6xFCgO0EY7cDXRfiNa59nxhoQU=,uhOoq+D0x/C4JR2N0++CJFCvXpA=
4,-85,B6xFCgO0EY7cDXRfiNa59nxhoQU=,uhOoq+D0x/C4JR2N0++CJFCvXpA=
3,-85,B6xFCgO0EY7cDXRfiNa59nxhoQU=,uhOoq+D0x/C4JR2N0++CJFCvXpA=
2,-85,B6xFCgO0EY7cDXRfiNa59nxhoQU=,uhOoq+D0x/C4JR2N0++CJFCvXpA=
1,-85,B6xFCgO0EY7cDXRfiNa59nxhoQU=,uhOoq+D0x/C4JR2N0++CJFCvXpA=
13,-96,B6xFCgO0EY7cDXRfiNa59nxhoQU=,uhOoq+D0x/C4JR2N0++CJFCvXpA=
14,-94,B6xFCgO0EY7cDXRfiNa59nxhoQU=,uhOoq+D0x/C4JR2N0++CJFCvXpA=
13,-95,B6xFCgO0EY7cDXRfiNa59nxhoQU=,uhOoq+D0x/C4JR2N0++CJFCvXpA=
14,-86,B6xFCgO0EY7cDXRfiNa59nxhoQU=,uhOoq+D0x/C4JR2N0++CJFCvXpA=
13,-86,B6xFCgO0EY7cDXRfiNa59nxhoQU=,uhOoq+D0x/C4JR2N0++CJFCvXpA=
12,-86,B6xFCgO0EY7cDXRfiNa59nxhoQU=,uhOoq+D0x/C4JR2N0++CJFCvXpA=
11,-86,B6xFCgO0EY7cDXRfiNa59nxhoQU=,uhOoq+D0x/C4JR2N0++CJFCvXpA=
10,-86,B6xFCgO0EY7cDXRfiNa59nxhoQU=,uhOoq+D0x/C4JR2N0++CJFCvXpA=
9,-86,B6xFCgO0EY7cDXRfiNa59nxhoQU=,uhOoq+D0x/C4JR2N0++CJFCvXpA=
8,-86,B6xFCgO0EY7cDXRfiNa59nxhoQU=,uhOoq+D0x/C4JR2N0++CJFCvXpA=
7,-86,B6xFCgO0EY7cDXRfiNa59nxhoQU=,uhOoq+D0x/C4JR2N0++CJFCvXpA=
6,-86,B6xFCgO0EY7cDXRfiNa59nxhoQU=,uhOoq+D0x/C4JR2N0++CJFCvXpA=
5,-86,B6xFCgO0EY7cDXRfiNa59nxhoQU=,uhOoq+D0x/C4JR2N0++CJFCvXpA=
4,-86,B6xFCgO0EY7cDXRfiNa59nxhoQU=,uhOoq+D0x/C4JR2N0++CJFCvXpA=
3,-86,B6xFCgO0EY7cDXRfiNa59nxhoQU=,uhOoq+D0x/C4JR2N0++CJFCvXpA=
2,-86,B6xFCgO0EY7cDXRfiNa59nxhoQU=,uhOoq+D0x/C4JR2N0++CJFCvXpA=
1,-86,B6xFCgO0EY7cDXRfiNa59nxhoQU=,uhOoq+D0x/C4JR2N0++CJFCvXpA=
12,-96,B6xFCgO0EY7cDXRfiNa59nxhoQU=,uhOoq+D0x/C4JR2N0++CJFCvXpA=
13,-94,B6xFCgO0EY7cDXRfiNa59nxhoQU=,uhOoq+D0x/C4JR2N0++CJFCvXpA=
12,-95,B6xFCgO0EY7cDXRfiNa59nxhoQU=,uhOoq+D0x/C4JR2N0++CJFCvXpA=
14,-87,B6xFCgO0EY7cDXRfiNa59nxhoQU=,uhOoq+D0x/C4JR2N0++CJFCvXpA=
13,-87,B6xFCgO0EY7cDXRfiNa59nxhoQU=,uhOoq+D0x/C4JR2N0++CJFCvXpA=
12,-87,B6xFCgO0EY7cDXRfiNa59nxhoQU=,uhOoq+D0x/C4JR2N0++CJFCvXpA=
11,-87,B6xFCgO0EY7cDXRfiNa59nxhoQU=,uhOoq+D0x/C4JR2N0++CJFCvXpA=
10,-87,B6xFCgO0EY7cDXRfiNa59nxhoQU=,uhOoq+D0x/C4JR2N0++CJFCvXpA=
9,-87,B6xFCgO0EY7cDXRfiNa59nxhoQU=,uhOoq+D0x/C4JR2N0++CJFCvXpA=
8,-87,B6xFCgO0EY7cDXRfiNa59nxhoQU=,uhOoq+D0x/C4JR2N0++CJFCvXpA=
7,-87,B6xFCgO0EY7cDXRfiNa59nxhoQU=,uhOoq+D0x/C4JR2N0++CJFCvXpA=
6,-87,B6xFCgO0EY7cDXRfiNa59nxhoQU=,uhOoq+D0x/C4JR2N0++CJFCvXpA=
5,-87,B6xFCgO0EY7cDXRfiNa59nxhoQU=,uhOoq+D0x/C4JR2N0++CJFCvXpA=
4,-87,B6xFCgO0EY7cDXRfiNa59nxhoQU=,uhOoq+D0x/C4JR2N0++CJFCvXpA=
3,-87,B6xFCgO0EY7cDXRfiNa59nxhoQU=,uhOoq+D0x/C4JR2N0++CJFCvXpA=
2,-87,B6xFCgO0EY7cDXRfiNa59nxhoQU=,uhOoq+D0x/C4JR2N0++CJFCvXpA=
1,-87,B6xFCgO0EY7cDXRfiNa59nxhoQU=,uhOoq+D0x/C4JR2N0++CJFCvXpA=
11,-96,B6xFCgO0EY7cDXRfiNa59nxhoQU=,uhOoq+D0x/C4JR2N0++CJFCvXpA=
12,-94,B6xFCgO0EY7cDXRfiNa59nxhoQU=,uhOoq+D0x/C4JR2N0++CJFCvXpA=
11,-95,B6xFCgO0EY7cDXRfiNa59nxhoQU=,uhOoq+D0x/C4JR2N0++CJFCvXpA=
14,-88,B6xFCgO0EY7cDXRfiNa59nxhoQU=,uhOoq+D0x/C4JR2N0++CJFCvXpA=
13,-88,B6xFCgO0EY7cDXRfiNa59nxhoQU=,uhOoq+D0x/C4JR2N0++CJFCvXpA=
12,-88,B6xFCgO0EY7cDXRfiNa59nxhoQU=,uhOoq+D0x/C4JR2N0++CJFCvXpA=
11,-88,B6xFCgO0EY7cDXRfiNa59nxhoQU=,uhOoq+D0x/C4JR2N0++CJFCvXpA=
10,-88,B6xFCgO0EY7cDXRfiNa59nxhoQU=,uhOoq+D0x/C4JR2N0++CJFCvXpA=
9,-88,B6xFCgO0EY7cDXRfiNa59nxhoQU=,uhOoq+D0x/C4JR2N0++CJFCvXpA=
8,-88,B6xFCgO0EY7cDXRfiNa59nxhoQU=,uhOoq+D0x/C4JR2N0++CJFCvXpA=
7,-88,B6xFCgO0EY7cDXRfiNa59nxhoQU=,uhOoq+D0x/C4JR2N0++CJFCvXpA=
6,-88,B6xFCgO0EY7cDXRfiNa59nxhoQU=,uhOoq+D0x/C4JR2N0++CJFCvXpA=
5,-88,B6xFCgO0EY7cDXRfiNa59nxhoQU=,uhOoq+D0x/C4JR2N0++CJFCvXpA=
4,-88,B6xFCgO0EY7cDXRfiNa59nxhoQU=,uhOoq+D0x/C4JR2N0++CJFCvXpA=
3,-88,B6xFCgO0EY7cDXRfiNa59nxhoQU=,uhOoq+D0x/C4JR2N0++CJFCvXpA=
2,-88,B6xFCgO0EY7cDXRfiNa59nxhoQU=,uhOoq+D0x/C4JR2N0++CJFCvXpA=
1,-88,B6xFCgO0EY7cDXRfiNa59nxhoQU=,uhOoq+D0x/C4JR2N0++CJFCvXpA=
10,-96,B6xFCgO0EY7cDXRfiNa59nxhoQU=,uhOoq+D0x/C4JR2N0++CJFCvXpA=
10,-95,B6xFCgO0EY7cDXRfiNa59nxhoQU=,uhOoq+D0x/C4JR2N0++CJFCvXpA=
11,-94,B6xFCgO0EY7cDXRfiNa59nxhoQU=,uhOoq+D0x/C4JR2N0++CJFCvXpA=
14,-89,B6xFCgO0EY7cDXRfiNa59nxhoQU=,uhOoq+D0x/C4JR2N0++CJFCvXpA=
13,-89,B6xFCgO0EY7cDXRfiNa59nxhoQU=,uhOoq+D0x/C4JR2N0++CJFCvXpA=
12,-89,B6xFCgO0EY7cDXRfiNa59nxhoQU=,uhOoq+D0x/C4JR2N0++CJFCvXpA=
11,-89,B6xFCgO0EY7cDXRfiNa59nxhoQU=,uhOoq+D0x/C4JR2N0++CJFCvXpA=
10,-89,B6xFCgO0EY7cDXRfiNa59nxhoQU=,uhOoq+D0x/C4JR2N0++CJFCvXpA=
9,-89,B6xFCgO0EY7cDXRfiNa59nxhoQU=,uhOoq+D0x/C4JR2N0++CJFCvXpA=
8,-89,B6xFCgO0EY7cDXRfiNa59nxhoQU=,uhOoq+D0x/C4JR2N0++CJFCvXpA=
7,-89,B6xFCgO0EY7cDXRfiNa59nxhoQU=,uhOoq+D0x/C4JR2N0++CJFCvXpA=
6,-89,B6xFCgO0EY7cDXRfiNa59nxhoQU=,uhOoq+D0x/C4JR2N0++CJFCvXpA=
5,-89,B6xFCgO0EY7cDXRfiNa59nxhoQU=,uhOoq+D0x/C4JR2N0++CJFCvXpA=
4,-89,B6xFCgO0EY7cDXRfiNa59nxhoQU=,uhOoq+D0x/C4JR2N0++CJFCvXpA=
3,-89,B6xFCgO0EY7cDXRfiNa59nxhoQU=,uhOoq+D0x/C4JR2N0++CJFCvXpA=
1,-89,B6xFCgO0EY7cDXRfiNa59nxhoQU=,uhOoq+D0x/C4JR2N0++CJFCvXpA=
2,-89,B6xFCgO0EY7cDXRfiNa59nxhoQU=,uhOoq+D0x/C4JR2N0++CJFCvXpA=
9,-96,B6xFCgO0EY7cDXRfiNa59nxhoQU=,uhOoq+D0x/C4JR2N0++CJFCvXpA=
10,-94,B6xFCgO0EY7cDXRfiNa59nxhoQU=,uhOoq+D0x/C4JR2N0++CJFCvXpA=
13,-90,B6xFCgO0EY7cDXRfiNa59nxhoQU=,uhOoq+D0x/C4JR2N0++CJFCvXpA=
12,-90,B6xFCgO0EY7cDXRfiNa59nxhoQU=,uhOoq+D0x/C4JR2N0++CJFCvXpA=
14,-90,B6xFCgO0EY7cDXRfiNa59nxhoQU=,uhOoq+D0x/C4JR2N0++CJFCvXpA=
11,-90,B6xFCgO0EY7cDXRfiNa59nxhoQU=,uhOoq+D0x/C4JR2N0++CJFCvXpA=
9,-95,B6xFCgO0EY7cDXRfiNa59nxhoQU=,uhOoq+D0x/C4JR2N0++CJFCvXpA=
10,-90,B6xFCgO0EY7cDXRfiNa59nxhoQU=,uhOoq+D0x/C4JR2N0++CJFCvXpA=
9,-90,B6xFCgO0EY7cDXRfiNa59nxhoQU=,uhOoq+D0x/C4JR2N0++CJFCvXpA=
8,-90,B6xFCgO0EY7cDXRfiNa59nxhoQU=,uhOoq+D0x/C4JR2N0++CJFCvXpA=
6,-90,B6xFCgO0EY7cDXRfiNa59nxhoQU=,uhOoq+D0x/C4JR2N0++CJFCvXpA=
7,-90,B6xFCgO0EY7cDXRfiNa59nxhoQU=,uhOoq+D0x/C4JR2N0++CJFCvXpA=
4,-90,B6xFCgO0EY7cDXRfiNa59nxhoQU=,uhOoq+D0x/C4JR2N0++CJFCvXpA=
3,-90,B6xFCgO0EY7cDXRfiNa59nxhoQU=,uhOoq+D0x/C4JR2N0++CJFCvXpA=
5,-90,B6xFCgO0EY7cDXRfiNa59nxhoQU=,uhOoq+D0x/C4JR2N0++CJFCvXpA=
2,-90,B6xFCgO0EY7cDXRfiNa59nxhoQU=,uhOoq+D0x/C4JR2N0++CJFCvXpA=
1,-90,B6xFCgO0EY7cDXRfiNa59nxhoQU=,uhOoq+D0x/C4JR2N0++CJFCvXpA=
8,-96,B6xFCgO0EY7cDXRfiNa59nxhoQU=,uhOoq+D0x/C4JR2N0++CJFCvXpA=
9,-94,B6xFCgO0EY7cDXRfiNa59nxhoQU=,uhOoq+D0x/C4JR2N0++CJFCvXpA=
8,-95,B6xFCgO0EY7cDXRfiNa59nxhoQU=,uhOoq+D0x/C4JR2N0++CJFCvXpA=
13,-91,B6xFCgO0EY7cDXRfiNa59nxhoQU=,uhOoq+D0x/C4JR2N0++CJFCvXpA=
14,-91,B6xFCgO0EY7cDXRfiNa59nxhoQU=,uhOoq+D0x/C4JR2N0++CJFCvXpA=
12,-91,B6xFCgO0EY7cDXRfiNa59nxhoQU=,uhOoq+D0x/C4JR2N0++CJFCvXpA=
11,-91,B6xFCgO0EY7cDXRfiNa59nxhoQU=,uhOoq+D0x/C4JR2N0++CJFCvXpA=
10,-91,B6xFCgO0EY7cDXRfiNa59nxhoQU=,uhOoq+D0x/C4JR2N0++CJFCvXpA=
9,-91,B6xFCgO0EY7cDXRfiNa59nxhoQU=,uhOoq+D0x/C4JR2N0++CJFCvXpA=
8,-91,B6xFCgO0EY7cDXRfiNa59nxhoQU=,uhOoq+D0x/C4JR2N0++CJFCvXpA=
7,-91,B6xFCgO0EY7cDXRfiNa59nxhoQU=,uhOoq+D0x/C4JR2N0++CJFCvXpA=
5,-91,B6xFCgO0EY7cDXRfiNa59nxhoQU=,uhOoq+D0x/C4JR2N0++CJFCvXpA=
6,-91,B6xFCgO0EY7cDXRfiNa59nxhoQU=,uhOoq+D0x/C4JR2N0++CJFCvXpA=
4,-91,B6xFCgO0EY7cDXRfiNa59nxhoQU=,uhOoq+D0x/C4JR2N0++CJFCvXpA=
3,-91,B6xFCgO0EY7cDXRfiNa59nxhoQU=,uhOoq+D0x/C4JR2N0++CJFCvXpA=
2,-91,B6xFCgO0EY7cDXRfiNa59nxhoQU=,uhOoq+D0x/C4JR2N0++CJFCvXpA=
1,-91,B6xFCgO0EY7cDXRfiNa59nxhoQU=,uhOoq+D0x/C4JR2N0++CJFCvXpA=
7,-96,B6xFCgO0EY7cDXRfiNa59nxhoQU=,uhOoq+D0x/C4JR2N0++CJFCvXpA=
8,-94,B6xFCgO0EY7cDXRfiNa59nxhoQU=,uhOoq+D0x/C4JR2N0++CJFCvXpA=
7,-95,B6xFCgO0EY7cDXRfiNa59nxhoQU=,uhOoq+D0x/C4JR2N0++CJFCvXpA=
14,-92,B6xFCgO0EY7cDXRfiNa59nxhoQU=,uhOoq+D0x/C4JR2N0++CJFCvXpA=
13,-92,B6xFCgO0EY7cDXRfiNa59nxhoQU=,uhOoq+D0x/C4JR2N0++CJFCvXpA=
12,-92,B6xFCgO0EY7cDXRfiNa59nxhoQU=,uhOoq+D0x/C4JR2N0++CJFCvXpA=
10,-92,B6xFCgO0EY7cDXRfiNa59nxhoQU=,uhOoq+D0x/C4JR2N0++CJFCvXpA=
11,-92,B6xFCgO0EY7cDXRfiNa59nxhoQU=,uhOoq+D0x/C4JR2N0++CJFCvXpA=
8,-92,B6xFCgO0EY7cDXRfiNa59nxhoQU=,uhOoq+D0x/C4JR2N0++CJFCvXpA=
9,-92,B6xFCgO0EY7cDXRfiNa59nxhoQU=,uhOoq+D0x/C4JR2N0++CJFCvXpA=
7,-92,B6xFCgO0EY7cDXRfiNa59nxhoQU=,uhOoq+D0x/C4JR2N0++CJFCvXpA=
4,-92,B6xFCgO0EY7cDXRfiNa59nxhoQU=,uhOoq+D0x/C4JR2N0++CJFCvXpA=
6,-92,B6xFCgO0EY7cDXRfiNa59nxhoQU=,uhOoq+D0x/C4JR2N0++CJFCvXpA=
5,-92,B6xFCgO0EY7cDXRfiNa59nxhoQU=,uhOoq+D0x/C4JR2N0++CJFCvXpA=
3,-92,B6xFCgO0EY7cDXRfiNa59nxhoQU=,uhOoq+D0x/C4JR2N0++CJFCvXpA=
1,-92,B6xFCgO0EY7cDXRfiNa59nxhoQU=,uhOoq+D0x/C4JR2N0++CJFCvXpA=
2,-92,B6xFCgO0EY7cDXRfiNa59nxhoQU=,uhOoq+D0x/C4JR2N0++CJFCvXpA=
6,-96,B6xFCgO0EY7cDXRfiNa59nxhoQU=,uhOoq+D0x/C4JR2N0++CJFCvXpA=
7,-94,B6xFCgO0EY7cDXRfiNa59nxhoQU=,uhOoq+D0x/C4JR2N0++CJFCvXpA=
6,-95,B6xFCgO0EY7cDXRfiNa59nxhoQU=,uhOoq+D0x/C4JR2N0++CJFCvXpA=
14,-93,B6xFCgO0EY7cDXRfiNa59nxhoQU=,uhOoq+D0x/C4JR2N0++CJFCvXpA=
13,-93,B6xFCgO0EY7cDXRfiNa59nxhoQU=,uhOoq+D0x/C4JR2N0++CJFCvXpA=
12,-93,B6xFCgO0EY7cDXRfiNa59nxhoQU=,uhOoq+D0x/C4JR2N0++CJFCvXpA=
11,-93,B6xFCgO0EY7cDXRfiNa59nxhoQU=,uhOoq+D0x/C4JR2N0++CJFCvXpA=
10,-93,B6xFCgO0EY7cDXRfiNa59nxhoQU=,uhOoq+D0x/C4JR2N0++CJFCvXpA=
9,-93,B6xFCgO0EY7cDXRfiNa59nxhoQU=,uhOoq+D0x/C4JR2N0++CJFCvXpA=
8,-93,B6xFCgO0EY7cDXRfiNa59nxhoQU=,uhOoq+D0x/C4JR2N0++CJFCvXpA=
0,-92,B6xFCgO0EY7cDXRfiNa59nxhoQU=,uhOoq+D0x/C4JR2N0++CJFCvXpA=
0,-91,B6xFCgO0EY7cDXRfiNa59nxhoQU=,uhOoq+D0x/C4JR2N0++CJFCvXpA=
0,-90,B6xFCgO0EY7cDXRfiNa59nxhoQU=,uhOoq+D0x/C4JR2N0++CJFCvXpA=
0,-89,B6xFCgO0EY7cDXRfiNa59nxhoQU=,uhOoq+D0x/C4JR2N0++CJFCvXpA=
0,-88,B6xFCgO0EY7cDXRfiNa59nxhoQU=,uhOoq+D0x/C4JR2N0++CJFCvXpA=
0,-86,B6xFCgO0EY7cDXRfiNa59nxhoQU=,uhOoq+D0x/C4JR2N0++CJFCvXpA=
0,-87,B6xFCgO0EY7cDXRfiNa59nxhoQU=,uhOoq+D0x/C4JR2N0++CJFCvXpA=
0,-85,B6xFCgO0EY7cDXRfiNa59nxhoQU=,uhOoq+D0x/C4JR2N0++CJFCvXpA=
0,-93,B6xFCgO0EY7cDXRfiNa59nxhoQU=,uhOoq+D0x/C4JR2N0++CJFCvXpA=
0,-84,B6xFCgO0EY7cDXRfiNa59nxhoQU=,uhOoq+D0x/C4JR2N0++CJFCvXpA=
0,-83,B6xFCgO0EY7cDXRfiNa59nxhoQU=,uhOoq+D0x/C4JR2N0++CJFCvXpA=
0,-82,B6xFCgO0EY7cDXRfiNa59nxhoQU=,uhOoq+D0x/C4JR2N0++CJFCvXpA=
0,-96,B6xFCgO0EY7cDXRfiNa59nxhoQU=,uhOoq+D0x/C4JR2N0++CJFCvXpA=
15,-92,B6xFCgO0EY7cDXRfiNa59nxhoQU=,uhOoq+D0x/C4JR2N0++CJFCvXpA=
15,-91,B6xFCgO0EY7cDXRfiNa59nxhoQU=,uhOoq+D0x/C4JR2N0++CJFCvXpA=
15,-90,B6xFCgO0EY7cDXRfiNa59nxhoQU=,uhOoq+D0x/C4JR2N0++CJFCvXpA=
15,-89,B6xFCgO0EY7cDXRfiNa59nxhoQU=,uhOoq+D0x/C4JR2N0++CJFCvXpA=
15,-88,B6xFCgO0EY7cDXRfiNa59nxhoQU=,uhOoq+D0x/C4JR2N0++CJFCvXpA=
15,-87,B6xFCgO0EY7cDXRfiNa59nxhoQU=,uhOoq+D0x/C4JR2N0++CJFCvXpA=
15,-86,B6xFCgO0EY7cDXRfiNa59nxhoQU=,uhOoq+D0x/C4JR2N0++CJFCvXpA=
15,-85,B6xFCgO0EY7cDXRfiNa59nxhoQU=,uhOoq+D0x/C4JR2N0++CJFCvXpA=
15,-96,B6xFCgO0EY7cDXRfiNa59nxhoQU=,uhOoq+D0x/C4JR2N0++CJFCvXpA=
15,-84,B6xFCgO0EY7cDXRfiNa59nxhoQU=,uhOoq+D0x/C4JR2N0++CJFCvXpA=
15,-83,B6xFCgO0EY7cDXRfiNa59nxhoQU=,uhOoq+D0x/C4JR2N0++CJFCvXpA=
15,-82,B6xFCgO0EY7cDXRfiNa59nxhoQU=,uhOoq+D0x/C4JR2N0++CJFCvXpA=
0,-95,B6xFCgO0EY7cDXRfiNa59nxhoQU=,uhOoq+D0x/C4JR2N0++CJFCvXpA=
14,-95,B6xFCgO0EY7cDXRfiNa59nxhoQU=,uhOoq+D0x/C4JR2N0++CJFCvXpA=
15,-93,B6xFCgO0EY7cDXRfiNa59nxhoQU=,uhOoq+D0x/C4JR2N0++CJFCvXpA=
15,-95,B6xFCgO0EY7cDXRfiNa59nxhoQU=,uhOoq+D0x/C4JR2N0++CJFCvXpA=
14,-81,B6xFCgO0EY7cDXRfiNa59nxhoQU=,uhOoq+D0x/C4JR2N0++CJFCvXpA=
12,-81,B6xFCgO0EY7cDXRfiNa59nxhoQU=,uhOoq+D0x/C4JR2N0++CJFCvXpA=
15,-81,B6xFCgO0EY7cDXRfiNa59nxhoQU=,uhOoq+D0x/C4JR2N0++CJFCvXpA=
13,-81,B6xFCgO0EY7cDXRfiNa59nxhoQU=,uhOoq+D0x/C4JR2N0++CJFCvXpA=
11,-81,B6xFCgO0EY7cDXRfiNa59nxhoQU=,uhOoq+D0x/C4JR2N0++CJFCvXpA=
8,-81,B6xFCgO0EY7cDXRfiNa59nxhoQU=,uhOoq+D0x/C4JR2N0++CJFCvXpA=
9,-81,B6xFCgO0EY7cDXRfiNa59nxhoQU=,uhOoq+D0x/C4JR2N0++CJFCvXpA=
10,-81,B6xFCgO0EY7cDXRfiNa59nxhoQU=,uhOoq+D0x/C4JR2N0++CJFCvXpA=
7,-81,B6xFCgO0EY7cDXRfiNa59nxhoQU=,uhOoq+D0x/C4JR2N0++CJFCvXpA=
5,-81,B6xFCgO0EY7cDXRfiNa59nxhoQU=,uhOoq+D0x/C4JR2N0++CJFCvXpA=
6,-81,B6xFCgO0EY7cDXRfiNa59nxhoQU=,uhOoq+D0x/C4JR2N0++CJFCvXpA=
4,-81,B6xFCgO0EY7cDXRfiNa59nxhoQU=,uhOoq+D0x/C4JR2N0++CJFCvXpA=
3,-81,B6xFCgO0EY7cDXRfiNa59nxhoQU=,uhOoq+D0x/C4JR2N0++CJFCvXpA=
2,-81,B6xFCgO0EY7cDXRfiNa59nxhoQU=,uhOoq+D0x/C4JR2N0++CJFCvXpA=
1,-81,B6xFCgO0EY7cDXRfiNa59nxhoQU=,uhOoq+D0x/C4JR2N0++CJFCvXpA=
1,-95,B6xFCgO0EY7cDXRfiNa59nxhoQU=,uhOoq+D0x/C4JR2N0++CJFCvXpA=
15,-94,B6xFCgO0EY7cDXRfiNa59nxhoQU=,uhOoq+D0x/C4JR2N0++CJFCvXpA=
0,-94,B6xFCgO0EY7cDXRfiNa59nxhoQU=,uhOoq+D0x/C4JR2N0++CJFCvXpA=
0,-81,B6xFCgO0EY7cDXRfiNa59nxhoQU=,uhOoq+D0x/C4JR2N0++CJFCvXpA=
6,-77,WoRJ2y+/NlmOsrh2oS1CDAybCrg=,U8Z8xUuwhSRSVysSAOgi6OmzCFM=
5,-80,WoRJ2y+/NlmOsrh2oS1CDAybCrg=,U8Z8xUuwhSRSVysSAOgi6OmzCFM=
6,-78,4m38xtPDikEtasxeRgfVn4EmjeI=,U8Z8xUuwhSRSVysSAOgi6OmzCFM=
3,-80,4m38xtPDikEtasxeRgfVn4EmjeI=,U8Z8xUuwhSRSVysSAOgi6OmzCFM=
5,-77,v7/+HHH0uRBex6mtrkmlrDSCXDs=,U8Z8xUuwhSRSVysSAOgi6OmzCFM=
7,-77,v7/+HHH0uRBex6mtrkmlrDSCXDs=,U8Z8xUuwhSRSVysSAOgi6OmzCFM=
5,-78,v7/+HHH0uRBex6mtrkmlrDSCXDs=,U8Z8xUuwhSRSVysSAOgi6OmzCFM=
3,-77,v7/+HHH0uRBex6mtrkmlrDSCXDs=,U8Z8xUuwhSRSVysSAOgi6OmzCFM=
4,-77,v7/+HHH0uRBex6mtrkmlrDSCXDs=,U8Z8xUuwhSRSVysSAOgi6OmzCFM=
8,-77,v7/+HHH0uRBex6mtrkmlrDSCXDs=,U8Z8xUuwhSRSVysSAOgi6OmzCFM=
4,-79,v7/+HHH0uRBex6mtrkmlrDSCXDs=,U8Z8xUuwhSRSVysSAOgi6OmzCFM=
2,-77,v7/+HHH0uRBex6mtrkmlrDSCXDs=,U8Z8xUuwhSRSVysSAOgi6OmzCFM=
5,-79,v7/+HHH0uRBex6mtrkmlrDSCXDs=,U8Z8xUuwhSRSVysSAOgi6OmzCFM=
15,-65,v7/+HHH0uRBex6mtrkmlrDSCXDs=,U8Z8xUuwhSRSVysSAOgi6OmzCFM=
9,-77,v7/+HHH0uRBex6mtrkmlrDSCXDs=,U8Z8xUuwhSRSVysSAOgi6OmzCFM=
4,-78,v7/+HHH0uRBex6mtrkmlrDSCXDs=,U8Z8xUuwhSRSVysSAOgi6OmzCFM=
10,-77,v7/+HHH0uRBex6mtrkmlrDSCXDs=,U8Z8xUuwhSRSVysSAOgi6OmzCFM=
11,-65,v7/+HHH0uRBex6mtrkmlrDSCXDs=,U8Z8xUuwhSRSVysSAOgi6OmzCFM=
5,-65,v7/+HHH0uRBex6mtrkmlrDSCXDs=,U8Z8xUuwhSRSVysSAOgi6OmzCFM=
14,-65,v7/+HHH0uRBex6mtrkmlrDSCXDs=,U8Z8xUuwhSRSVysSAOgi6OmzCFM=
6,-65,v7/+HHH0uRBex6mtrkmlrDSCXDs=,U8Z8xUuwhSRSVysSAOgi6OmzCFM=
1,-80,v7/+HHH0uRBex6mtrkmlrDSCXDs=,U8Z8xUuwhSRSVysSAOgi6OmzCFM=
11,-77,v7/+HHH0uRBex6mtrkmlrDSCXDs=,U8Z8xUuwhSRSVysSAOgi6OmzCFM=
4,-65,v7/+HHH0uRBex6mtrkmlrDSCXDs=,U8Z8xUuwhSRSVysSAOgi6OmzCFM=
12,-65,v7/+HHH0uRBex6mtrkmlrDSCXDs=,U8Z8xUuwhSRSVysSAOgi6OmzCFM=
1,-77,v7/+HHH0uRBex6mtrkmlrDSCXDs=,U8Z8xUuwhSRSVysSAOgi6OmzCFM=
4,-80,v7/+HHH0uRBex6mtrkmlrDSCXDs=,U8Z8xUuwhSRSVysSAOgi6OmzCFM=
3,-78,v7/+HHH0uRBex6mtrkmlrDSCXDs=,U8Z8xUuwhSRSVysSAOgi6OmzCFM=
13,-65,v7/+HHH0uRBex6mtrkmlrDSCXDs=,U8Z8xUuwhSRSVysSAOgi6OmzCFM=
13,-66,v7/+HHH0uRBex6mtrkmlrDSCXDs=,U8Z8xUuwhSRSVysSAOgi6OmzCFM=
10,-65,v7/+HHH0uRBex6mtrkmlrDSCXDs=,U8Z8xUuwhSRSVysSAOgi6OmzCFM=
12,-66,v7/+HHH0uRBex6mtrkmlrDSCXDs=,U8Z8xUuwhSRSVysSAOgi6OmzCFM=
3,-65,v7/+HHH0uRBex6mtrkmlrDSCXDs=,U8Z8xUuwhSRSVysSAOgi6OmzCFM=
0,-65,v7/+HHH0uRBex6mtrkmlrDSCXDs=,U8Z8xUuwhSRSVysSAOgi6OmzCFM=
14,-66,v7/+HHH0uRBex6mtrkmlrDSCXDs=,U8Z8xUuwhSRSVysSAOgi6OmzCFM=
9,-66,v7/+HHH0uRBex6mtrkmlrDSCXDs=,U8Z8xUuwhSRSVysSAOgi6OmzCFM=
12,-77,v7/+HHH0uRBex6mtrkmlrDSCXDs=,U8Z8xUuwhSRSVysSAOgi6OmzCFM=
7,-65,v7/+HHH0uRBex6mtrkmlrDSCXDs=,U8Z8xUuwhSRSVysSAOgi6OmzCFM=
11,-66,v7/+HHH0uRBex6mtrkmlrDSCXDs=,U8Z8xUuwhSRSVysSAOgi6OmzCFM=
10,-66,v7/+HHH0uRBex6mtrkmlrDSCXDs=,U8Z8xUuwhSRSVysSAOgi6OmzCFM=
15,-66,v7/+HHH0uRBex6mtrkmlrDSCXDs=,U8Z8xUuwhSRSVysSAOgi6OmzCFM=
9,-65,v7/+HHH0uRBex6mtrkmlrDSCXDs=,U8Z8xUuwhSRSVysSAOgi6OmzCFM=
5,-66,v7/+HHH0uRBex6mtrkmlrDSCXDs=,U8Z8xUuwhSRSVysSAOgi6OmzCFM=
7,-66,v7/+HHH0uRBex6mtrkmlrDSCXDs=,U8Z8xUuwhSRSVysSAOgi6OmzCFM=
3,-79,v7/+HHH0uRBex6mtrkmlrDSCXDs=,U8Z8xUuwhSRSVysSAOgi6OmzCFM=
2,-78,v7/+HHH0uRBex6mtrkmlrDSCXDs=,U8Z8xUuwhSRSVysSAOgi6OmzCFM=
4,-66,v7/+HHH0uRBex6mtrkmlrDSCXDs=,U8Z8xUuwhSRSVysSAOgi6OmzCFM=
15,-67,v7/+HHH0uRBex6mtrkmlrDSCXDs=,U8Z8xUuwhSRSVysSAOgi6OmzCFM=
2,-65,v7/+HHH0uRBex6mtrkmlrDSCXDs=,U8Z8xUuwhSRSVysSAOgi6OmzCFM=
13,-77,v7/+HHH0uRBex6mtrkmlrDSCXDs=,U8Z8xUuwhSRSVysSAOgi6OmzCFM=
1,-65,v7/+HHH0uRBex6mtrkmlrDSCXDs=,U8Z8xUuwhSRSVysSAOgi6OmzCFM=
8,-65,v7/+HHH0uRBex6mtrkmlrDSCXDs=,U8Z8xUuwhSRSVysSAOgi6OmzCFM=
12,-67,v7/+HHH0uRBex6mtrkmlrDSCXDs=,U8Z8xUuwhSRSVysSAOgi6OmzCFM=
8,-66,v7/+HHH0uRBex6mtrkmlrDSCXDs=,U8Z8xUuwhSRSVysSAOgi6OmzCFM=
14,-67,v7/+HHH0uRBex6mtrkmlrDSCXDs=,U8Z8xUuwhSRSVysSAOgi6OmzCFM=
13,-67,v7/+HHH0uRBex6mtrkmlrDSCXDs=,U8Z8xUuwhSRSVysSAOgi6OmzCFM=
10,-67,v7/+HHH0uRBex6mtrkmlrDSCXDs=,U8Z8xUuwhSRSVysSAOgi6OmzCFM=
7,-67,v7/+HHH0uRBex6mtrkmlrDSCXDs=,U8Z8xUuwhSRSVysSAOgi6OmzCFM=
3,-66,v7/+HHH0uRBex6mtrkmlrDSCXDs=,U8Z8xUuwhSRSVysSAOgi6OmzCFM=
14,-77,v7/+HHH0uRBex6mtrkmlrDSCXDs=,U8Z8xUuwhSRSVysSAOgi6OmzCFM=
6,-79,v7/+HHH0uRBex6mtrkmlrDSCXDs=,U8Z8xUuwhSRSVysSAOgi6OmzCFM=
11,-67,v7/+HHH0uRBex6mtrkmlrDSCXDs=,U8Z8xUuwhSRSVysSAOgi6OmzCFM=
9,-67,v7/+HHH0uRBex6mtrkmlrDSCXDs=,U8Z8xUuwhSRSVysSAOgi6OmzCFM=
6,-67,v7/+HHH0uRBex6mtrkmlrDSCXDs=,U8Z8xUuwhSRSVysSAOgi6OmzCFM=
0,-80,v7/+HHH0uRBex6mtrkmlrDSCXDs=,U8Z8xUuwhSRSVysSAOgi6OmzCFM=
0,-66,v7/+HHH0uRBex6mtrkmlrDSCXDs=,U8Z8xUuwhSRSVysSAOgi6OmzCFM=
2,-79,v7/+HHH0uRBex6mtrkmlrDSCXDs=,U8Z8xUuwhSRSVysSAOgi6OmzCFM=
1,-78,v7/+HHH0uRBex6mtrkmlrDSCXDs=,U8Z8xUuwhSRSVysSAOgi6OmzCFM=
5,-67,v7/+HHH0uRBex6mtrkmlrDSCXDs=,U8Z8xUuwhSRSVysSAOgi6OmzCFM=
2,-66,v7/+HHH0uRBex6mtrkmlrDSCXDs=,U8Z8xUuwhSRSVysSAOgi6OmzCFM=
8,-67,v7/+HHH0uRBex6mtrkmlrDSCXDs=,U8Z8xUuwhSRSVysSAOgi6OmzCFM=
15,-77,v7/+HHH0uRBex6mtrkmlrDSCXDs=,U8Z8xUuwhSRSVysSAOgi6OmzCFM=
0,-76,v7/+HHH0uRBex6mtrkmlrDSCXDs=,U8Z8xUuwhSRSVysSAOgi6OmzCFM=
7,-78,v7/+HHH0uRBex6mtrkmlrDSCXDs=,U8Z8xUuwhSRSVysSAOgi6OmzCFM=
6,-80,v7/+HHH0uRBex6mtrkmlrDSCXDs=,U8Z8xUuwhSRSVysSAOgi6OmzCFM=
1,-76,v7/+HHH0uRBex6mtrkmlrDSCXDs=,U8Z8xUuwhSRSVysSAOgi6OmzCFM=
2,-76,v7/+HHH0uRBex6mtrkmlrDSCXDs=,U8Z8xUuwhSRSVysSAOgi6OmzCFM=
3,-76,v7/+HHH0uRBex6mtrkmlrDSCXDs=,U8Z8xUuwhSRSVysSAOgi6OmzCFM=
4,-76,v7/+HHH0uRBex6mtrkmlrDSCXDs=,U8Z8xUuwhSRSVysSAOgi6OmzCFM=
5,-76,v7/+HHH0uRBex6mtrkmlrDSCXDs=,U8Z8xUuwhSRSVysSAOgi6OmzCFM=
6,-76,v7/+HHH0uRBex6mtrkmlrDSCXDs=,U8Z8xUuwhSRSVysSAOgi6OmzCFM=
7,-76,v7/+HHH0uRBex6mtrkmlrDSCXDs=,U8Z8xUuwhSRSVysSAOgi6OmzCFM=
8,-76,v7/+HHH0uRBex6mtrkmlrDSCXDs=,U8Z8xUuwhSRSVysSAOgi6OmzCFM=
1,-66,v7/+HHH0uRBex6mtrkmlrDSCXDs=,U8Z8xUuwhSRSVysSAOgi6OmzCFM=
9,-76,v7/+HHH0uRBex6mtrkmlrDSCXDs=,U8Z8xUuwhSRSVysSAOgi6OmzCFM=
4,-67,v7/+HHH0uRBex6mtrkmlrDSCXDs=,U8Z8xUuwhSRSVysSAOgi6OmzCFM=
10,-76,v7/+HHH0uRBex6mtrkmlrDSCXDs=,U8Z8xUuwhSRSVysSAOgi6OmzCFM=
1,-67,v7/+HHH0uRBex6mtrkmlrDSCXDs=,U8Z8xUuwhSRSVysSAOgi6OmzCFM=
6,-66,v7/+HHH0uRBex6mtrkmlrDSCXDs=,U8Z8xUuwhSRSVysSAOgi6OmzCFM=
9,-68,v7/+HHH0uRBex6mtrkmlrDSCXDs=,U8Z8xUuwhSRSVysSAOgi6OmzCFM=
8,-68,v7/+HHH0uRBex6mtrkmlrDSCXDs=,U8Z8xUuwhSRSVysSAOgi6OmzCFM=
7,-68,v7/+HHH0uRBex6mtrkmlrDSCXDs=,U8Z8xUuwhSRSVysSAOgi6OmzCFM=
6,-68,v7/+HHH0uRBex6mtrkmlrDSCXDs=,U8Z8xUuwhSRSVysSAOgi6OmzCFM=
5,-68,v7/+HHH0uRBex6mtrkmlrDSCXDs=,U8Z8xUuwhSRSVysSAOgi6OmzCFM=
4,-68,v7/+HHH0uRBex6mtrkmlrDSCXDs=,U8Z8xUuwhSRSVysSAOgi6OmzCFM=
2,-67,v7/+HHH0uRBex6mtrkmlrDSCXDs=,U8Z8xUuwhSRSVysSAOgi6OmzCFM=
11,-76,v7/+HHH0uRBex6mtrkmlrDSCXDs=,U8Z8xUuwhSRSVysSAOgi6OmzCFM=
10,-68,v7/+HHH0uRBex6mtrkmlrDSCXDs=,U8Z8xUuwhSRSVysSAOgi6OmzCFM=
12,-76,v7/+HHH0uRBex6mtrkmlrDSCXDs=,U8Z8xUuwhSRSVysSAOgi6OmzCFM=
1,-68,v7/+HHH0uRBex6mtrkmlrDSCXDs=,U8Z8xUuwhSRSVysSAOgi6OmzCFM=
13,-68,v7/+HHH0uRBex6mtrkmlrDSCXDs=,U8Z8xUuwhSRSVysSAOgi6OmzCFM=
3,-67,v7/+HHH0uRBex6mtrkmlrDSCXDs=,U8Z8xUuwhSRSVysSAOgi6OmzCFM=
2,-68,v7/+HHH0uRBex6mtrkmlrDSCXDs=,U8Z8xUuwhSRSVysSAOgi6OmzCFM=
12,-68,v7/+HHH0uRBex6mtrkmlrDSCXDs=,U8Z8xUuwhSRSVysSAOgi6OmzCFM=
15,-80,v7/+HHH0uRBex6mtrkmlrDSCXDs=,U8Z8xUuwhSRSVysSAOgi6OmzCFM=
2,-80,v7/+HHH0uRBex6mtrkmlrDSCXDs=,U8Z8xUuwhSRSVysSAOgi6OmzCFM=
1,-79,v7/+HHH0uRBex6mtrkmlrDSCXDs=,U8Z8xUuwhSRSVysSAOgi6OmzCFM=
14,-80,v7/+HHH0uRBex6mtrkmlrDSCXDs=,U8Z8xUuwhSRSVysSAOgi6OmzCFM=
0,-77,v7/+HHH0uRBex6mtrkmlrDSCXDs=,U8Z8xUuwhSRSVysSAOgi6OmzCFM=
15,-68,v7/+HHH0uRBex6mtrkmlrDSCXDs=,U8Z8xUuwhSRSVysSAOgi6OmzCFM=
0,-67,v7/+HHH0uRBex6mtrkmlrDSCXDs=,U8Z8xUuwhSRSVysSAOgi6OmzCFM=
11,-68,v7/+HHH0uRBex6mtrkmlrDSCXDs=,U8Z8xUuwhSRSVysSAOgi6OmzCFM=
0,-68,v7/+HHH0uRBex6mtrkmlrDSCXDs=,U8Z8xUuwhSRSVysSAOgi6OmzCFM=
13,-76,v7/+HHH0uRBex6mtrkmlrDSCXDs=,U8Z8xUuwhSRSVysSAOgi6OmzCFM=
14,-79,v7/+HHH0uRBex6mtrkmlrDSCXDs=,U8Z8xUuwhSRSVysSAOgi6OmzCFM=
15,-79,v7/+HHH0uRBex6mtrkmlrDSCXDs=,U8Z8xUuwhSRSVysSAOgi6OmzCFM=
14,-68,v7/+HHH0uRBex6mtrkmlrDSCXDs=,U8Z8xUuwhSRSVysSAOgi6OmzCFM=
3,-68,v7/+HHH0uRBex6mtrkmlrDSCXDs=,U8Z8xUuwhSRSVysSAOgi6OmzCFM=
9,-69,v7/+HHH0uRBex6mtrkmlrDSCXDs=,U8Z8xUuwhSRSVysSAOgi6OmzCFM=
8,-69,v7/+HHH0uRBex6mtrkmlrDSCXDs=,U8Z8xUuwhSRSVysSAOgi6OmzCFM=
7,-69,v7/+HHH0uRBex6mtrkmlrDSCXDs=,U8Z8xUuwhSRSVysSAOgi6OmzCFM=
5,-69,v7/+HHH0uRBex6mtrkmlrDSCXDs=,U8Z8xUuwhSRSVysSAOgi6OmzCFM=
6,-69,v7/+HHH0uRBex6mtrkmlrDSCXDs=,U8Z8xUuwhSRSVysSAOgi6OmzCFM=
4,-69,v7/+HHH0uRBex6mtrkmlrDSCXDs=,U8Z8xUuwhSRSVysSAOgi6OmzCFM=
3,-69,v7/+HHH0uRBex6mtrkmlrDSCXDs=,U8Z8xUuwhSRSVysSAOgi6OmzCFM=
2,-69,v7/+HHH0uRBex6mtrkmlrDSCXDs=,U8Z8xUuwhSRSVysSAOgi6OmzCFM=
12,-69,v7/+HHH0uRBex6mtrkmlrDSCXDs=,U8Z8xUuwhSRSVysSAOgi6OmzCFM=
14,-76,v7/+HHH0uRBex6mtrkmlrDSCXDs=,U8Z8xUuwhSRSVysSAOgi6OmzCFM=
7,-79,v7/+HHH0uRBex6mtrkmlrDSCXDs=,U8Z8xUuwhSRSVysSAOgi6OmzCFM=
15,-78,v7/+HHH0uRBex6mtrkmlrDSCXDs=,U8Z8xUuwhSRSVysSAOgi6OmzCFM=
13,-80,v7/+HHH0uRBex6mtrkmlrDSCXDs=,U8Z8xUuwhSRSVysSAOgi6OmzCFM=
0,-79,v7/+HHH0uRBex6mtrkmlrDSCXDs=,U8Z8xUuwhSRSVysSAOgi6OmzCFM=
14,-78,v7/+HHH0uRBex6mtrkmlrDSCXDs=,U8Z8xUuwhSRSVysSAOgi6OmzCFM=
13,-79,v7/+HHH0uRBex6mtrkmlrDSCXDs=,U8Z8xUuwhSRSVysSAOgi6OmzCFM=
1,-69,v7/+HHH0uRBex6mtrkmlrDSCXDs=,U8Z8xUuwhSRSVysSAOgi6OmzCFM=
15,-69,v7/+HHH0uRBex6mtrkmlrDSCXDs=,U8Z8xUuwhSRSVysSAOgi6OmzCFM=
12,-70,v7/+HHH0uRBex6mtrkmlrDSCXDs=,U8Z8xUuwhSRSVysSAOgi6OmzCFM=
11,-70,v7/+HHH0uRBex6mtrkmlrDSCXDs=,U8Z8xUuwhSRSVysSAOgi6OmzCFM=
10,-70,v7/+HHH0uRBex6mtrkmlrDSCXDs=,U8Z8xUuwhSRSVysSAOgi6OmzCFM=
9,-70,v7/+HHH0uRBex6mtrkmlrDSCXDs=,U8Z8xUuwhSRSVysSAOgi6OmzCFM=
8,-70,v7/+HHH0uRBex6mtrkmlrDSCXDs=,U8Z8xUuwhSRSVysSAOgi6OmzCFM=
10,-69,v7/+HHH0uRBex6mtrkmlrDSCXDs=,U8Z8xUuwhSRSVysSAOgi6OmzCFM=
15,-76,v7/+HHH0uRBex6mtrkmlrDSCXDs=,U8Z8xUuwhSRSVysSAOgi6OmzCFM=
0,-75,v7/+HHH0uRBex6mtrkmlrDSCXDs=,U8Z8xUuwhSRSVysSAOgi6OmzCFM=
8,-78,v7/+HHH0uRBex6mtrkmlrDSCXDs=,U8Z8xUuwhSRSVysSAOgi6OmzCFM=
7,-80,v7/+HHH0uRBex6mtrkmlrDSCXDs=,U8Z8xUuwhSRSVysSAOgi6OmzCFM=
1,-75,v7/+HHH0uRBex6mtrkmlrDSCXDs=,U8Z8xUuwhSRSVysSAOgi6OmzCFM=
2,-75,v7/+HHH0uRBex6mtrkmlrDSCXDs=,U8Z8xUuwhSRSVysSAOgi6OmzCFM=
3,-75,v7/+HHH0uRBex6mtrkmlrDSCXDs=,U8Z8xUuwhSRSVysSAOgi6OmzCFM=
5,-75,v7/+HHH0uRBex6mtrkmlrDSCXDs=,U8Z8xUuwhSRSVysSAOgi6OmzCFM=
4,-75,v7/+HHH0uRBex6mtrkmlrDSCXDs=,U8Z8xUuwhSRSVysSAOgi6OmzCFM=
6,-75,v7/+HHH0uRBex6mtrkmlrDSCXDs=,U8Z8xUuwhSRSVysSAOgi6OmzCFM=
7,-75,v7/+HHH0uRBex6mtrkmlrDSCXDs=,U8Z8xUuwhSRSVysSAOgi6OmzCFM=
11,-69,v7/+HHH0uRBex6mtrkmlrDSCXDs=,U8Z8xUuwhSRSVysSAOgi6OmzCFM=
5,-70,v7/+HHH0uRBex6mtrkmlrDSCXDs=,U8Z8xUuwhSRSVysSAOgi6OmzCFM=
4,-70,v7/+HHH0uRBex6mtrkmlrDSCXDs=,U8Z8xUuwhSRSVysSAOgi6OmzCFM=
3,-70,v7/+HHH0uRBex6mtrkmlrDSCXDs=,U8Z8xUuwhSRSVysSAOgi6OmzCFM=
8,-75,v7/+HHH0uRBex6mtrkmlrDSCXDs=,U8Z8xUuwhSRSVysSAOgi6OmzCFM=
9,-75,v7/+HHH0uRBex6mtrkmlrDSCXDs=,U8Z8xUuwhSRSVysSAOgi6OmzCFM=
7,-70,v7/+HHH0uRBex6mtrkmlrDSCXDs=,U8Z8xUuwhSRSVysSAOgi6OmzCFM=
2,-70,v7/+HHH0uRBex6mtrkmlrDSCXDs=,U8Z8xUuwhSRSVysSAOgi6OmzCFM=
12,-80,v7/+HHH0uRBex6mtrkmlrDSCXDs=,U8Z8xUuwhSRSVysSAOgi6OmzCFM=
14,-70,v7/+HHH0uRBex6mtrkmlrDSCXDs=,U8Z8xUuwhSRSVysSAOgi6OmzCFM=
0,-70,v7/+HHH0uRBex6mtrkmlrDSCXDs=,U8Z8xUuwhSRSVysSAOgi6OmzCFM=
6,-70,v7/+HHH0uRBex6mtrkmlrDSCXDs=,U8Z8xUuwhSRSVysSAOgi6OmzCFM=
12,-79,v7/+HHH0uRBex6mtrkmlrDSCXDs=,U8Z8xUuwhSRSVysSAOgi6OmzCFM=
14,-71,v7/+HHH0uRBex6mtrkmlrDSCXDs=,U8Z8xUuwhSRSVysSAOgi6OmzCFM=
1,-70,v7/+HHH0uRBex6mtrkmlrDSCXDs=,U8Z8xUuwhSRSVysSAOgi6OmzCFM=
10,-75,v7/+HHH0uRBex6mtrkmlrDSCXDs=,U8Z8xUuwhSRSVysSAOgi6OmzCFM=
13,-70,v7/+HHH0uRBex6mtrkmlrDSCXDs=,U8Z8xUuwhSRSVysSAOgi6OmzCFM=
10,-71,v7/+HHH0uRBex6mtrkmlrDSCXDs=,U8Z8xUuwhSRSVysSAOgi6OmzCFM=
11,-71,v7/+HHH0uRBex6mtrkmlrDSCXDs=,U8Z8xUuwhSRSVysSAOgi6OmzCFM=
13,-71,v7/+HHH0uRBex6mtrkmlrDSCXDs=,U8Z8xUuwhSRSVysSAOgi6OmzCFM=
8,-71,v7/+HHH0uRBex6mtrkmlrDSCXDs=,U8Z8xUuwhSRSVysSAOgi6OmzCFM=
7,-71,v7/+HHH0uRBex6mtrkmlrDSCXDs=,U8Z8xUuwhSRSVysSAOgi6OmzCFM=
6,-71,v7/+HHH0uRBex6mtrkmlrDSCXDs=,U8Z8xUuwhSRSVysSAOgi6OmzCFM=
5,-71,v7/+HHH0uRBex6mtrkmlrDSCXDs=,U8Z8xUuwhSRSVysSAOgi6OmzCFM=
4,-71,v7/+HHH0uRBex6mtrkmlrDSCXDs=,U8Z8xUuwhSRSVysSAOgi6OmzCFM=
3,-71,v7/+HHH0uRBex6mtrkmlrDSCXDs=,U8Z8xUuwhSRSVysSAOgi6OmzCFM=
2,-71,v7/+HHH0uRBex6mtrkmlrDSCXDs=,U8Z8xUuwhSRSVysSAOgi6OmzCFM=
1,-71,v7/+HHH0uRBex6mtrkmlrDSCXDs=,U8Z8xUuwhSRSVysSAOgi6OmzCFM=
11,-80,v7/+HHH0uRBex6mtrkmlrDSCXDs=,U8Z8xUuwhSRSVysSAOgi6OmzCFM=
12,-78,v7/+HHH0uRBex6mtrkmlrDSCXDs=,U8Z8xUuwhSRSVysSAOgi6OmzCFM=
0,-71,v7/+HHH0uRBex6mtrkmlrDSCXDs=,U8Z8xUuwhSRSVysSAOgi6OmzCFM=
9,-71,v7/+HHH0uRBex6mtrkmlrDSCXDs=,U8Z8xUuwhSRSVysSAOgi6OmzCFM=
11,-75,v7/+HHH0uRBex6mtrkmlrDSCXDs=,U8Z8xUuwhSRSVysSAOgi6OmzCFM=
11,-79,v7/+HHH0uRBex6mtrkmlrDSCXDs=,U8Z8xUuwhSRSVysSAOgi6OmzCFM=
12,-75,v7/+HHH0uRBex6mtrkmlrDSCXDs=,U8Z8xUuwhSRSVysSAOgi6OmzCFM=
13,-78,v7/+HHH0uRBex6mtrkmlrDSCXDs=,U8Z8xUuwhSRSVysSAOgi6OmzCFM=
0,-69,v7/+HHH0uRBex6mtrkmlrDSCXDs=,U8Z8xUuwhSRSVysSAOgi6OmzCFM=
12,-72,v7/+HHH0uRBex6mtrkmlrDSCXDs=,U8Z8xUuwhSRSVysSAOgi6OmzCFM=
11,-72,v7/+HHH0uRBex6mtrkmlrDSCXDs=,U8Z8xUuwhSRSVysSAOgi6OmzCFM=
14,-69,v7/+HHH0uRBex6mtrkmlrDSCXDs=,U8Z8xUuwhSRSVysSAOgi6OmzCFM=
9,-72,v7/+HHH0uRBex6mtrkmlrDSCXDs=,U8Z8xUuwhSRSVysSAOgi6OmzCFM=
8,-72,v7/+HHH0uRBex6mtrkmlrDSCXDs=,U8Z8xUuwhSRSVysSAOgi6OmzCFM=
7,-72,v7/+HHH0uRBex6mtrkmlrDSCXDs=,U8Z8xUuwhSRSVysSAOgi6OmzCFM=
6,-72,v7/+HHH0uRBex6mtrkmlrDSCXDs=,U8Z8xUuwhSRSVysSAOgi6OmzCFM=
4,-72,v7/+HHH0uRBex6mtrkmlrDSCXDs=,U8Z8xUuwhSRSVysSAOgi6OmzCFM=
5,-72,v7/+HHH0uRBex6mtrkmlrDSCXDs=,U8Z8xUuwhSRSVysSAOgi6OmzCFM=
3,-72,v7/+HHH0uRBex6mtrkmlrDSCXDs=,U8Z8xUuwhSRSVysSAOgi6OmzCFM=
2,-72,v7/+HHH0uRBex6mtrkmlrDSCXDs=,U8Z8xUuwhSRSVysSAOgi6OmzCFM=
1,-72,v7/+HHH0uRBex6mtrkmlrDSCXDs=,U8Z8xUuwhSRSVysSAOgi6OmzCFM=
10,-80,v7/+HHH0uRBex6mtrkmlrDSCXDs=,U8Z8xUuwhSRSVysSAOgi6OmzCFM=
11,-78,v7/+HHH0uRBex6mtrkmlrDSCXDs=,U8Z8xUuwhSRSVysSAOgi6OmzCFM=
0,-72,v7/+HHH0uRBex6mtrkmlrDSCXDs=,U8Z8xUuwhSRSVysSAOgi6OmzCFM=
0,-78,v7/+HHH0uRBex6mtrkmlrDSCXDs=,U8Z8xUuwhSRSVysSAOgi6OmzCFM=
10,-79,v7/+HHH0uRBex6mtrkmlrDSCXDs=,U8Z8xUuwhSRSVysSAOgi6OmzCFM=
14,-73,v7/+HHH0uRBex6mtrkmlrDSCXDs=,U8Z8xUuwhSRSVysSAOgi6OmzCFM=
13,-69,v7/+HHH0uRBex6mtrkmlrDSCXDs=,U8Z8xUuwhSRSVysSAOgi6OmzCFM=
12,-73,v7/+HHH0uRBex6mtrkmlrDSCXDs=,U8Z8xUuwhSRSVysSAOgi6OmzCFM=
11,-73,v7/+HHH0uRBex6mtrkmlrDSCXDs=,U8Z8xUuwhSRSVysSAOgi6OmzCFM=
12,-71,v7/+HHH0uRBex6mtrkmlrDSCXDs=,U8Z8xUuwhSRSVysSAOgi6OmzCFM=
9,-73,v7/+HHH0uRBex6mtrkmlrDSCXDs=,U8Z8xUuwhSRSVysSAOgi6OmzCFM=
15,-71,v7/+HHH0uRBex6mtrkmlrDSCXDs=,U8Z8xUuwhSRSVysSAOgi6OmzCFM=
10,-72,v7/+HHH0uRBex6mtrkmlrDSCXDs=,U8Z8xUuwhSRSVysSAOgi6OmzCFM=
6,-73,v7/+HHH0uRBex6mtrkmlrDSCXDs=,U8Z8xUuwhSRSVysSAOgi6OmzCFM=
5,-73,v7/+HHH0uRBex6mtrkmlrDSCXDs=,U8Z8xUuwhSRSVysSAOgi6OmzCFM=
4,-73,v7/+HHH0uRBex6mtrkmlrDSCXDs=,U8Z8xUuwhSRSVysSAOgi6OmzCFM=
3,-73,v7/+HHH0uRBex6mtrkmlrDSCXDs=,U8Z8xUuwhSRSVysSAOgi6OmzCFM=
2,-73,v7/+HHH0uRBex6mtrkmlrDSCXDs=,U8Z8xUuwhSRSVysSAOgi6OmzCFM=
1,-73,v7/+HHH0uRBex6mtrkmlrDSCXDs=,U8Z8xUuwhSRSVysSAOgi6OmzCFM=
9,-80,v7/+HHH0uRBex6mtrkmlrDSCXDs=,U8Z8xUuwhSRSVysSAOgi6OmzCFM=
10,-78,v7/+HHH0uRBex6mtrkmlrDSCXDs=,U8Z8xUuwhSRSVysSAOgi6OmzCFM=
0,-73,v7/+HHH0uRBex6mtrkmlrDSCXDs=,U8Z8xUuwhSRSVysSAOgi6OmzCFM=
13,-75,v7/+HHH0uRBex6mtrkmlrDSCXDs=,U8Z8xUuwhSRSVysSAOgi6OmzCFM=
10,-73,v7/+HHH0uRBex6mtrkmlrDSCXDs=,U8Z8xUuwhSRSVysSAOgi6OmzCFM=
9,-79,v7/+HHH0uRBex6mtrkmlrDSCXDs=,U8Z8xUuwhSRSVysSAOgi6OmzCFM=
14,-74,v7/+HHH0uRBex6mtrkmlrDSCXDs=,U8Z8xUuwhSRSVysSAOgi6OmzCFM=
13,-74,v7/+HHH0uRBex6mtrkmlrDSCXDs=,U8Z8xUuwhSRSVysSAOgi6OmzCFM=
12,-74,v7/+HHH0uRBex6mtrkmlrDSCXDs=,U8Z8xUuwhSRSVysSAOgi6OmzCFM=
11,-74,v7/+HHH0uRBex6mtrkmlrDSCXDs=,U8Z8xUuwhSRSVysSAOgi6OmzCFM=
8,-73,v7/+HHH0uRBex6mtrkmlrDSCXDs=,U8Z8xUuwhSRSVysSAOgi6OmzCFM=
10,-74,v7/+HHH0uRBex6mtrkmlrDSCXDs=,U8Z8xUuwhSRSVysSAOgi6OmzCFM=
8,-74,v7/+HHH0uRBex6mtrkmlrDSCXDs=,U8Z8xUuwhSRSVysSAOgi6OmzCFM=
14,-75,v7/+HHH0uRBex6mtrkmlrDSCXDs=,U8Z8xUuwhSRSVysSAOgi6OmzCFM=
8,-79,v7/+HHH0uRBex6mtrkmlrDSCXDs=,U8Z8xUuwhSRSVysSAOgi6OmzCFM=
15,-75,v7/+HHH0uRBex6mtrkmlrDSCXDs=,U8Z8xUuwhSRSVysSAOgi6OmzCFM=
0,-74,v7/+HHH0uRBex6mtrkmlrDSCXDs=,U8Z8xUuwhSRSVysSAOgi6OmzCFM=
9,-78,v7/+HHH0uRBex6mtrkmlrDSCXDs=,U8Z8xUuwhSRSVysSAOgi6OmzCFM=
8,-80,v7/+HHH0uRBex6mtrkmlrDSCXDs=,U8Z8xUuwhSRSVysSAOgi6OmzCFM=
1,-74,v7/+HHH0uRBex6mtrkmlrDSCXDs=,U8Z8xUuwhSRSVysSAOgi6OmzCFM=
2,-74,v7/+HHH0uRBex6mtrkmlrDSCXDs=,U8Z8xUuwhSRSVysSAOgi6OmzCFM=
3,-74,v7/+HHH0uRBex6mtrkmlrDSCXDs=,U8Z8xUuwhSRSVysSAOgi6OmzCFM=
4,-74,v7/+HHH0uRBex6mtrkmlrDSCXDs=,U8Z8xUuwhSRSVysSAOgi6OmzCFM=
5,-74,v7/+HHH0uRBex6mtrkmlrDSCXDs=,U8Z8xUuwhSRSVysSAOgi6OmzCFM=
7,-73,v7/+HHH0uRBex6mtrkmlrDSCXDs=,U8Z8xUuwhSRSVysSAOgi6OmzCFM=
9,-74,v7/+HHH0uRBex6mtrkmlrDSCXDs=,U8Z8xUuwhSRSVysSAOgi6OmzCFM=
13,-73,v7/+HHH0uRBex6mtrkmlrDSCXDs=,U8Z8xUuwhSRSVysSAOgi6OmzCFM=
15,-72,v7/+HHH0uRBex6mtrkmlrDSCXDs=,U8Z8xUuwhSRSVysSAOgi6OmzCFM=
7,-74,v7/+HHH0uRBex6mtrkmlrDSCXDs=,U8Z8xUuwhSRSVysSAOgi6OmzCFM=
15,-70,v7/+HHH0uRBex6mtrkmlrDSCXDs=,U8Z8xUuwhSRSVysSAOgi6OmzCFM=
15,-73,v7/+HHH0uRBex6mtrkmlrDSCXDs=,U8Z8xUuwhSRSVysSAOgi6OmzCFM=
6,-74,v7/+HHH0uRBex6mtrkmlrDSCXDs=,U8Z8xUuwhSRSVysSAOgi6OmzCFM=
15,-74,v7/+HHH0uRBex6mtrkmlrDSCXDs=,U8Z8xUuwhSRSVysSAOgi6OmzCFM=
14,-72,v7/+HHH0uRBex6mtrkmlrDSCXDs=,U8Z8xUuwhSRSVysSAOgi6OmzCFM=
13,-72,v7/+HHH0uRBex6mtrkmlrDSCXDs=,U8Z8xUuwhSRSVysSAOgi6OmzCFM=
