101,32,QVIKyfifGD6ByWZbUhzR2t6z0SA=,7BQwMaQrfWuTTAyWHhQWzYZC1d8=
102,35,QVIKyfifGD6ByWZbUhzR2t6z0SA=,7BQwMaQrfWuTTAyWHhQWzYZC1d8=
102,34,8HVgrNgfLBOGs1g3qbnfcq+3cb8=,7BQwMaQrfWuTTAyWHhQWzYZC1d8=
101,34,8HVgrNgfLBOGs1g3qbnfcq+3cb8=,7BQwMaQrfWuTTAyWHhQWzYZC1d8=
103,35,1XohqGVOH23a+G7Mrk0wjxciw4k=,7BQwMaQrfWuTTAyWHhQWzYZC1d8=
104,35,1XohqGVOH23a+G7Mrk0wjxciw4k=,7BQwMaQrfWuTTAyWHhQWzYZC1d8=
101,33,1XohqGVOH23a+G7Mrk0wjxciw4k=,7BQwMaQrfWuTTAyWHhQWzYZC1d8=
111,47,1XohqGVOH23a+G7Mrk0wjxciw4k=,7BQwMaQrfWuTTAyWHhQWzYZC1d8=
105,35,1XohqGVOH23a+G7Mrk0wjxciw4k=,7BQwMaQrfWuTTAyWHhQWzYZC1d8=
106,35,Xn6eiMIYZ1wSCAQBd/AHRNe2F+U=,7BQwMaQrfWuTTAyWHhQWzYZC1d8=
107,35,Xn6eiMIYZ1wSCAQBd/AHRNe2F+U=,7BQwMaQrfWuTTAyWHhQWzYZC1d8=
108,35,Xn6eiMIYZ1wSCAQBd/AHRNe2F+U=,7BQwMaQrfWuTTAyWHhQWzYZC1d8=
109,35,Xn6eiMIYZ1wSCAQBd/AHRNe2F+U=,7BQwMaQrfWuTTAyWHhQWzYZC1d8=
110,35,Xn6eiMIYZ1wSCAQBd/AHRNe2F+U=,7BQwMaQrfWuTTAyWHhQWzYZC1d8=
102,33,Xn6eiMIYZ1wSCAQBd/AHRNe2F+U=,7BQwMaQrfWuTTAyWHhQWzYZC1d8=
111,35,Xn6eiMIYZ1wSCAQBd/AHRNe2F+U=,7BQwMaQrfWuTTAyWHhQWzYZC1d8=
102,32,Xn6eiMIYZ1wSCAQBd/AHRNe2F+U=,7BQwMaQrfWuTTAyWHhQWzYZC1d8=
100,33,Xn6eiMIYZ1wSCAQBd/AHRNe2F+U=,7BQwMaQrfWuTTAyWHhQWzYZC1d8=
99,32,Xn6eiMIYZ1wSCAQBd/AHRNe2F+U=,7BQwMaQrfWuTTAyWHhQWzYZC1d8=
101,35,Xn6eiMIYZ1wSCAQBd/AHRNe2F+U=,7BQwMaQrfWuTTAyWHhQWzYZC1d8=
110,47,Xn6eiMIYZ1wSCAQBd/AHRNe2F+U=,7BQwMaQrfWuTTAyWHhQWzYZC1d8=
104,47,Xn6eiMIYZ1wSCAQBd/AHRNe2F+U=,7BQwMaQrfWuTTAyWHhQWzYZC1d8=
103,47,Xn6eiMIYZ1wSCAQBd/AHRNe2F+U=,7BQwMaQrfWuTTAyWHhQWzYZC1d8=
100,34,Xn6eiMIYZ1wSCAQBd/AHRNe2F+U=,7BQwMaQrfWuTTAyWHhQWzYZC1d8=
109,47,Xn6eiMIYZ1wSCAQBd/AHRNe2F+U=,7BQwMaQrfWuTTAyWHhQWzYZC1d8=
97,32,Xn6eiMIYZ1wSCAQBd/AHRNe2F+U=,7BQwMaQrfWuTTAyWHhQWzYZC1d8=
99,47,Xn6eiMIYZ1wSCAQBd/AHRNe2F+U=,7BQwMaQrfWuTTAyWHhQWzYZC1d8=
98,47,Xn6eiMIYZ1wSCAQBd/AHRNe2F+U=,7BQwMaQrfWuTTAyWHhQWzYZC1d8=
97,47,Xn6eiMIYZ1wSCAQBd/AHRNe2F+U=,7BQwMaQrfWuTTAyWHhQWzYZC1d8=
100,32,Xn6eiMIYZ1wSCAQBd/AHRNe2F+U=,7BQwMaQrfWuTTAyWHhQWzYZC1d8=
96,47,Xn6eiMIYZ1wSCAQBd/AHRNe2F+U=,7BQwMaQrfWuTTAyWHhQWzYZC1d8=
108,47,Xn6eiMIYZ1wSCAQBd/AHRNe2F+U=,7BQwMaQrfWuTTAyWHhQWzYZC1d8=
111,46,Xn6eiMIYZ1wSCAQBd/AHRNe2F+U=,7BQwMaQrfWuTTAyWHhQWzYZC1d8=
100,35,Xn6eiMIYZ1wSCAQBd/AHRNe2F+U=,7BQwMaQrfWuTTAyWHhQWzYZC1d8=
96,36,Xn6eiMIYZ1wSCAQBd/AHRNe2F+U=,7BQwMaQrfWuTTAyWHhQWzYZC1d8=
103,34,Xn6eiMIYZ1wSCAQBd/AHRNe2F+U=,7BQwMaQrfWuTTAyWHhQWzYZC1d8=
104,46,Xn6eiMIYZ1wSCAQBd/AHRNe2F+U=,7BQwMaQrfWuTTAyWHhQWzYZC1d8=
105,46,Xn6eiMIYZ1wSCAQBd/AHRNe2F+U=,7BQwMaQrfWuTTAyWHhQWzYZC1d8=
103,46,Xn6eiMIYZ1wSCAQBd/AHRNe2F+U=,7BQwMaQrfWuTTAyWHhQWzYZC1d8=
98,35,Xn6eiMIYZ1wSCAQBd/AHRNe2F+U=,7BQwMaQrfWuTTAyWHhQWzYZC1d8=
96,46,Xn6eiMIYZ1wSCAQBd/AHRNe2F+U=,7BQwMaQrfWuTTAyWHhQWzYZC1d8=
97,46,Xn6eiMIYZ1wSCAQBd/AHRNe2F+U=,7BQwMaQrfWuTTAyWHhQWzYZC1d8=
106,47,Xn6eiMIYZ1wSCAQBd/AHRNe2F+U=,7BQwMaQrfWuTTAyWHhQWzYZC1d8=
98,46,Xn6eiMIYZ1wSCAQBd/AHRNe2F+U=,7BQwMaQrfWuTTAyWHhQWzYZC1d8=
107,47,Xn6eiMIYZ1wSCAQBd/AHRNe2F+U=,7BQwMaQrfWuTTAyWHhQWzYZC1d8=
102,47,Xn6eiMIYZ1wSCAQBd/AHRNe2F+U=,7BQwMaQrfWuTTAyWHhQWzYZC1d8=
108,46,Xn6eiMIYZ1wSCAQBd/AHRNe2F+U=,7BQwMaQrfWuTTAyWHhQWzYZC1d8=
102,46,Xn6eiMIYZ1wSCAQBd/AHRNe2F+U=,7BQwMaQrfWuTTAyWHhQWzYZC1d8=
110,45,Xn6eiMIYZ1wSCAQBd/AHRNe2F+U=,7BQwMaQrfWuTTAyWHhQWzYZC1d8=
99,46,Xn6eiMIYZ1wSCAQBd/AHRNe2F+U=,7BQwMaQrfWuTTAyWHhQWzYZC1d8=
100,47,Xn6eiMIYZ1wSCAQBd/AHRNe2F+U=,7BQwMaQrfWuTTAyWHhQWzYZC1d8=
109,46,Xn6eiMIYZ1wSCAQBd/AHRNe2F+U=,7BQwMaQrfWuTTAyWHhQWzYZC1d8=
97,35,Xn6eiMIYZ1wSCAQBd/AHRNe2F+U=,7BQwMaQrfWuTTAyWHhQWzYZC1d8=
96,45,Xn6eiMIYZ1wSCAQBd/AHRNe2F+U=,7BQwMaQrfWuTTAyWHhQWzYZC1d8=
103,45,Xn6eiMIYZ1wSCAQBd/AHRNe2F+U=,7BQwMaQrfWuTTAyWHhQWzYZC1d8=
101,47,Xn6eiMIYZ1wSCAQBd/AHRNe2F+U=,7BQwMaQrfWuTTAyWHhQWzYZC1d8=
104,45,Xn6eiMIYZ1wSCAQBd/AHRNe2F+U=,7BQwMaQrfWuTTAyWHhQWzYZC1d8=
97,45,Xn6eiMIYZ1wSCAQBd/AHRNe2F+U=,7BQwMaQrfWuTTAyWHhQWzYZC1d8=
98,45,Xn6eiMIYZ1wSCAQBd/AHRNe2F+U=,7BQwMaQrfWuTTAyWHhQWzYZC1d8=
109,45,Xn6eiMIYZ1wSCAQBd/AHRNe2F+U=,7BQwMaQrfWuTTAyWHhQWzYZC1d8=
103,44,Xn6eiMIYZ1wSCAQBd/AHRNe2F+U=,7BQwMaQrfWuTTAyWHhQWzYZC1d8=
97,34,Xn6eiMIYZ1wSCAQBd/AHRNe2F+U=,7BQwMaQrfWuTTAyWHhQWzYZC1d8=
101,46,Xn6eiMIYZ1wSCAQBd/AHRNe2F+U=,7BQwMaQrfWuTTAyWHhQWzYZC1d8=
99,35,Xn6eiMIYZ1wSCAQBd/AHRNe2F+U=,7BQwMaQrfWuTTAyWHhQWzYZC1d8=
111,45,Xn6eiMIYZ1wSCAQBd/AHRNe2F+U=,7BQwMaQrfWuTTAyWHhQWzYZC1d8=
98,44,Xn6eiMIYZ1wSCAQBd/AHRNe2F+U=,7BQwMaQrfWuTTAyWHhQWzYZC1d8=
97,44,Xn6eiMIYZ1wSCAQBd/AHRNe2F+U=,7BQwMaQrfWuTTAyWHhQWzYZC1d8=
96,44,Xn6eiMIYZ1wSCAQBd/AHRNe2F+U=,7BQwMaQrfWuTTAyWHhQWzYZC1d8=
101,45,Xn6eiMIYZ1wSCAQBd/AHRNe2F+U=,7BQwMaQrfWuTTAyWHhQWzYZC1d8=
110,46,Xn6eiMIYZ1wSCAQBd/AHRNe2F+U=,7BQwMaQrfWuTTAyWHhQWzYZC1d8=
104,44,Xn6eiMIYZ1wSCAQBd/AHRNe2F+U=,7BQwMaQrfWuTTAyWHhQWzYZC1d8=
111,32,Xn6eiMIYZ1wSCAQBd/AHRNe2F+U=,7BQwMaQrfWuTTAyWHhQWzYZC1d8=
99,44,Xn6eiMIYZ1wSCAQBd/AHRNe2F+U=,7BQwMaQrfWuTTAyWHhQWzYZC1d8=
99,45,Xn6eiMIYZ1wSCAQBd/AHRNe2F+U=,7BQwMaQrfWuTTAyWHhQWzYZC1d8=
110,32,Xn6eiMIYZ1wSCAQBd/AHRNe2F+U=,7BQwMaQrfWuTTAyWHhQWzYZC1d8=
111,34,Xn6eiMIYZ1wSCAQBd/AHRNe2F+U=,7BQwMaQrfWuTTAyWHhQWzYZC1d8=
111,33,Xn6eiMIYZ1wSCAQBd/AHRNe2F+U=,7BQwMaQrfWuTTAyWHhQWzYZC1d8=
110,33,Xn6eiMIYZ1wSCAQBd/AHRNe2F+U=,7BQwMaQrfWuTTAyWHhQWzYZC1d8=
105,45,Xn6eiMIYZ1wSCAQBd/AHRNe2F+U=,7BQwMaQrfWuTTAyWHhQWzYZC1d8=
108,45,Xn6eiMIYZ1wSCAQBd/AHRNe2F+U=,7BQwMaQrfWuTTAyWHhQWzYZC1d8=
100,44,Xn6eiMIYZ1wSCAQBd/AHRNe2F+U=,7BQwMaQrfWuTTAyWHhQWzYZC1d8=
96,32,Xn6eiMIYZ1wSCAQBd/AHRNe2F+U=,7BQwMaQrfWuTTAyWHhQWzYZC1d8=
102,45,Xn6eiMIYZ1wSCAQBd/AHRNe2F+U=,7BQwMaQrfWuTTAyWHhQWzYZC1d8=
106,46,Xn6eiMIYZ1wSCAQBd/AHRNe2F+U=,7BQwMaQrfWuTTAyWHhQWzYZC1d8=
108,44,Xn6eiMIYZ1wSCAQBd/AHRNe2F+U=,7BQwMaQrfWuTTAyWHhQWzYZC1d8=
109,44,Xn6eiMIYZ1wSCAQBd/AHRNe2F+U=,7BQwMaQrfWuTTAyWHhQWzYZC1d8=
100,45,Xn6eiMIYZ1wSCAQBd/AHRNe2F+U=,7BQwMaQrfWuTTAyWHhQWzYZC1d8=
106,45,Xn6eiMIYZ1wSCAQBd/AHRNe2F+U=,7BQwMaQrfWuTTAyWHhQWzYZC1d8=
109,43,Xn6eiMIYZ1wSCAQBd/AHRNe2F+U=,7BQwMaQrfWuTTAyWHhQWzYZC1d8=
105,44,Xn6eiMIYZ1wSCAQBd/AHRNe2F+U=,7BQwMaQrfWuTTAyWHhQWzYZC1d8=
96,33,Xn6eiMIYZ1wSCAQBd/AHRNe2F+U=,7BQwMaQrfWuTTAyWHhQWzYZC1d8=
98,43,Xn6eiMIYZ1wSCAQBd/AHRNe2F+U=,7BQwMaQrfWuTTAyWHhQWzYZC1d8=
97,43,Xn6eiMIYZ1wSCAQBd/AHRNe2F+U=,7BQwMaQrfWuTTAyWHhQWzYZC1d8=
96,43,Xn6eiMIYZ1wSCAQBd/AHRNe2F+U=,7BQwMaQrfWuTTAyWHhQWzYZC1d8=
109,32,Xn6eiMIYZ1wSCAQBd/AHRNe2F+U=,7BQwMaQrfWuTTAyWHhQWzYZC1d8=
110,34,Xn6eiMIYZ1wSCAQBd/AHRNe2F+U=,7BQwMaQrfWuTTAyWHhQWzYZC1d8=
96,34,Xn6eiMIYZ1wSCAQBd/AHRNe2F+U=,7BQwMaQrfWuTTAyWHhQWzYZC1d8=
109,33,Xn6eiMIYZ1wSCAQBd/AHRNe2F+U=,7BQwMaQrfWuTTAyWHhQWzYZC1d8=
110,44,Xn6eiMIYZ1wSCAQBd/AHRNe2F+U=,7BQwMaQrfWuTTAyWHhQWzYZC1d8=
107,45,Xn6eiMIYZ1wSCAQBd/AHRNe2F+U=,7BQwMaQrfWuTTAyWHhQWzYZC1d8=
108,42,Xn6eiMIYZ1wSCAQBd/AHRNe2F+U=,7BQwMaQrfWuTTAyWHhQWzYZC1d8=
107,42,Xn6eiMIYZ1wSCAQBd/AHRNe2F+U=,7BQwMaQrfWuTTAyWHhQWzYZC1d8=
101,43,Xn6eiMIYZ1wSCAQBd/AHRNe2F+U=,7BQwMaQrfWuTTAyWHhQWzYZC1d8=
98,34,Xn6eiMIYZ1wSCAQBd/AHRNe2F+U=,7BQwMaQrfWuTTAyWHhQWzYZC1d8=
100,43,Xn6eiMIYZ1wSCAQBd/AHRNe2F+U=,7BQwMaQrfWuTTAyWHhQWzYZC1d8=
107,44,Xn6eiMIYZ1wSCAQBd/AHRNe2F+U=,7BQwMaQrfWuTTAyWHhQWzYZC1d8=
99,43,Xn6eiMIYZ1wSCAQBd/AHRNe2F+U=,7BQwMaQrfWuTTAyWHhQWzYZC1d8=
99,34,Xn6eiMIYZ1wSCAQBd/AHRNe2F+U=,7BQwMaQrfWuTTAyWHhQWzYZC1d8=
100,42,Xn6eiMIYZ1wSCAQBd/AHRNe2F+U=,7BQwMaQrfWuTTAyWHhQWzYZC1d8=
99,42,Xn6eiMIYZ1wSCAQBd/AHRNe2F+U=,7BQwMaQrfWuTTAyWHhQWzYZC1d8=
98,42,Xn6eiMIYZ1wSCAQBd/AHRNe2F+U=,7BQwMaQrfWuTTAyWHhQWzYZC1d8=
97,42,Xn6eiMIYZ1wSCAQBd/AHRNe2F+U=,7BQwMaQrfWuTTAyWHhQWzYZC1d8=
96,42,Xn6eiMIYZ1wSCAQBd/AHRNe2F+U=,7BQwMaQrfWuTTAyWHhQWzYZC1d8=
108,32,Xn6eiMIYZ1wSCAQBd/AHRNe2F+U=,7BQwMaQrfWuTTAyWHhQWzYZC1d8=
109,34,Xn6eiMIYZ1wSCAQBd/AHRNe2F+U=,7BQwMaQrfWuTTAyWHhQWzYZC1d8=
107,46,Xn6eiMIYZ1wSCAQBd/AHRNe2F+U=,7BQwMaQrfWuTTAyWHhQWzYZC1d8=
108,33,Xn6eiMIYZ1wSCAQBd/AHRNe2F+U=,7BQwMaQrfWuTTAyWHhQWzYZC1d8=
108,43,Xn6eiMIYZ1wSCAQBd/AHRNe2F+U=,7BQwMaQrfWuTTAyWHhQWzYZC1d8=
101,44,Xn6eiMIYZ1wSCAQBd/AHRNe2F+U=,7BQwMaQrfWuTTAyWHhQWzYZC1d8=
108,41,Xn6eiMIYZ1wSCAQBd/AHRNe2F+U=,7BQwMaQrfWuTTAyWHhQWzYZC1d8=
105,43,Xn6eiMIYZ1wSCAQBd/AHRNe2F+U=,7BQwMaQrfWuTTAyWHhQWzYZC1d8=
103,43,Xn6eiMIYZ1wSCAQBd/AHRNe2F+U=,7BQwMaQrfWuTTAyWHhQWzYZC1d8=
106,44,Xn6eiMIYZ1wSCAQBd/AHRNe2F+U=,7BQwMaQrfWuTTAyWHhQWzYZC1d8=
104,43,Xn6eiMIYZ1wSCAQBd/AHRNe2F+U=,7BQwMaQrfWuTTAyWHhQWzYZC1d8=
99,33,Xn6eiMIYZ1wSCAQBd/AHRNe2F+U=,7BQwMaQrfWuTTAyWHhQWzYZC1d8=
102,43,Xn6eiMIYZ1wSCAQBd/AHRNe2F+U=,7BQwMaQrfWuTTAyWHhQWzYZC1d8=
105,42,Xn6eiMIYZ1wSCAQBd/AHRNe2F+U=,7BQwMaQrfWuTTAyWHhQWzYZC1d8=
110,42,Xn6eiMIYZ1wSCAQBd/AHRNe2F+U=,7BQwMaQrfWuTTAyWHhQWzYZC1d8=
99,41,Xn6eiMIYZ1wSCAQBd/AHRNe2F+U=,7BQwMaQrfWuTTAyWHhQWzYZC1d8=
98,32,Xn6eiMIYZ1wSCAQBd/AHRNe2F+U=,7BQwMaQrfWuTTAyWHhQWzYZC1d8=
97,41,Xn6eiMIYZ1wSCAQBd/AHRNe2F+U=,7BQwMaQrfWuTTAyWHhQWzYZC1d8=
104,42,Xn6eiMIYZ1wSCAQBd/AHRNe2F+U=,7BQwMaQrfWuTTAyWHhQWzYZC1d8=
107,32,Xn6eiMIYZ1wSCAQBd/AHRNe2F+U=,7BQwMaQrfWuTTAyWHhQWzYZC1d8=
108,34,Xn6eiMIYZ1wSCAQBd/AHRNe2F+U=,7BQwMaQrfWuTTAyWHhQWzYZC1d8=
98,33,Xn6eiMIYZ1wSCAQBd/AHRNe2F+U=,7BQwMaQrfWuTTAyWHhQWzYZC1d8=
107,33,Xn6eiMIYZ1wSCAQBd/AHRNe2F+U=,7BQwMaQrfWuTTAyWHhQWzYZC1d8=
110,40,Xn6eiMIYZ1wSCAQBd/AHRNe2F+U=,7BQwMaQrfWuTTAyWHhQWzYZC1d8=
109,40,Xn6eiMIYZ1wSCAQBd/AHRNe2F+U=,7BQwMaQrfWuTTAyWHhQWzYZC1d8=
111,42,Xn6eiMIYZ1wSCAQBd/AHRNe2F+U=,7BQwMaQrfWuTTAyWHhQWzYZC1d8=
107,40,Xn6eiMIYZ1wSCAQBd/AHRNe2F+U=,7BQwMaQrfWuTTAyWHhQWzYZC1d8=
96,41,Xn6eiMIYZ1wSCAQBd/AHRNe2F+U=,7BQwMaQrfWuTTAyWHhQWzYZC1d8=
111,44,Xn6eiMIYZ1wSCAQBd/AHRNe2F+U=,7BQwMaQrfWuTTAyWHhQWzYZC1d8=
101,42,Xn6eiMIYZ1wSCAQBd/AHRNe2F+U=,7BQwMaQrfWuTTAyWHhQWzYZC1d8=
108,40,Xn6eiMIYZ1wSCAQBd/AHRNe2F+U=,7BQwMaQrfWuTTAyWHhQWzYZC1d8=
111,41,Xn6eiMIYZ1wSCAQBd/AHRNe2F+U=,7BQwMaQrfWuTTAyWHhQWzYZC1d8=
107,43,Xn6eiMIYZ1wSCAQBd/AHRNe2F+U=,7BQwMaQrfWuTTAyWHhQWzYZC1d8=
110,43,Xn6eiMIYZ1wSCAQBd/AHRNe2F+U=,7BQwMaQrfWuTTAyWHhQWzYZC1d8=
100,46,Xn6eiMIYZ1wSCAQBd/AHRNe2F+U=,7BQwMaQrfWuTTAyWHhQWzYZC1d8=
97,36,Xn6eiMIYZ1wSCAQBd/AHRNe2F+U=,7BQwMaQrfWuTTAyWHhQWzYZC1d8=
106,41,Xn6eiMIYZ1wSCAQBd/AHRNe2F+U=,7BQwMaQrfWuTTAyWHhQWzYZC1d8=
97,33,Xn6eiMIYZ1wSCAQBd/AHRNe2F+U=,7BQwMaQrfWuTTAyWHhQWzYZC1d8=
102,44,Xn6eiMIYZ1wSCAQBd/AHRNe2F+U=,7BQwMaQrfWuTTAyWHhQWzYZC1d8=
106,32,Xn6eiMIYZ1wSCAQBd/AHRNe2F+U=,7BQwMaQrfWuTTAyWHhQWzYZC1d8=
107,34,Xn6eiMIYZ1wSCAQBd/AHRNe2F+U=,7BQwMaQrfWuTTAyWHhQWzYZC1d8=
111,40,Xn6eiMIYZ1wSCAQBd/AHRNe2F+U=,7BQwMaQrfWuTTAyWHhQWzYZC1d8=
106,33,Xn6eiMIYZ1wSCAQBd/AHRNe2F+U=,7BQwMaQrfWuTTAyWHhQWzYZC1d8=
110,39,Xn6eiMIYZ1wSCAQBd/AHRNe2F+U=,7BQwMaQrfWuTTAyWHhQWzYZC1d8=
109,39,Xn6eiMIYZ1wSCAQBd/AHRNe2F+U=,7BQwMaQrfWuTTAyWHhQWzYZC1d8=
103,42,Xn6eiMIYZ1wSCAQBd/AHRNe2F+U=,7BQwMaQrfWuTTAyWHhQWzYZC1d8=
106,40,Xn6eiMIYZ1wSCAQBd/AHRNe2F+U=,7BQwMaQrfWuTTAyWHhQWzYZC1d8=
108,39,Xn6eiMIYZ1wSCAQBd/AHRNe2F+U=,7BQwMaQrfWuTTAyWHhQWzYZC1d8=
106,43,Xn6eiMIYZ1wSCAQBd/AHRNe2F+U=,7BQwMaQrfWuTTAyWHhQWzYZC1d8=
106,39,Xn6eiMIYZ1wSCAQBd/AHRNe2F+U=,7BQwMaQrfWuTTAyWHhQWzYZC1d8=
111,43,Xn6eiMIYZ1wSCAQBd/AHRNe2F+U=,7BQwMaQrfWuTTAyWHhQWzYZC1d8=
110,41,Xn6eiMIYZ1wSCAQBd/AHRNe2F+U=,7BQwMaQrfWuTTAyWHhQWzYZC1d8=
98,41,Xn6eiMIYZ1wSCAQBd/AHRNe2F+U=,7BQwMaQrfWuTTAyWHhQWzYZC1d8=
107,39,Xn6eiMIYZ1wSCAQBd/AHRNe2F+U=,7BQwMaQrfWuTTAyWHhQWzYZC1d8=
96,35,Xn6eiMIYZ1wSCAQBd/AHRNe2F+U=,7BQwMaQrfWuTTAyWHhQWzYZC1d8=
105,40,Xn6eiMIYZ1wSCAQBd/AHRNe2F+U=,7BQwMaQrfWuTTAyWHhQWzYZC1d8=
109,42,Xn6eiMIYZ1wSCAQBd/AHRNe2F+U=,7BQwMaQrfWuTTAyWHhQWzYZC1d8=
105,39,Xn6eiMIYZ1wSCAQBd/AHRNe2F+U=,7BQwMaQrfWuTTAyWHhQWzYZC1d8=
109,41,Xn6eiMIYZ1wSCAQBd/AHRNe2F+U=,7BQwMaQrfWuTTAyWHhQWzYZC1d8=
111,39,Xn6eiMIYZ1wSCAQBd/AHRNe2F+U=,7BQwMaQrfWuTTAyWHhQWzYZC1d8=
102,42,Xn6eiMIYZ1wSCAQBd/AHRNe2F+U=,7BQwMaQrfWuTTAyWHhQWzYZC1d8=
105,41,Xn6eiMIYZ1wSCAQBd/AHRNe2F+U=,7BQwMaQrfWuTTAyWHhQWzYZC1d8=
96,40,Xn6eiMIYZ1wSCAQBd/AHRNe2F+U=,7BQwMaQrfWuTTAyWHhQWzYZC1d8=
97,40,Xn6eiMIYZ1wSCAQBd/AHRNe2F+U=,7BQwMaQrfWuTTAyWHhQWzYZC1d8=
104,39,Xn6eiMIYZ1wSCAQBd/AHRNe2F+U=,7BQwMaQrfWuTTAyWHhQWzYZC1d8=
100,41,Xn6eiMIYZ1wSCAQBd/AHRNe2F+U=,7BQwMaQrfWuTTAyWHhQWzYZC1d8=
99,40,Xn6eiMIYZ1wSCAQBd/AHRNe2F+U=,7BQwMaQrfWuTTAyWHhQWzYZC1d8=
107,41,Xn6eiMIYZ1wSCAQBd/AHRNe2F+U=,7BQwMaQrfWuTTAyWHhQWzYZC1d8=
101,41,Xn6eiMIYZ1wSCAQBd/AHRNe2F+U=,7BQwMaQrfWuTTAyWHhQWzYZC1d8=
104,41,Xn6eiMIYZ1wSCAQBd/AHRNe2F+U=,7BQwMaQrfWuTTAyWHhQWzYZC1d8=
106,42,Xn6eiMIYZ1wSCAQBd/AHRNe2F+U=,7BQwMaQrfWuTTAyWHhQWzYZC1d8=
102,40,Xn6eiMIYZ1wSCAQBd/AHRNe2F+U=,7BQwMaQrfWuTTAyWHhQWzYZC1d8=
103,39,Xn6eiMIYZ1wSCAQBd/AHRNe2F+U=,7BQwMaQrfWuTTAyWHhQWzYZC1d8=
103,41,Xn6eiMIYZ1wSCAQBd/AHRNe2F+U=,7BQwMaQrfWuTTAyWHhQWzYZC1d8=
104,40,Xn6eiMIYZ1wSCAQBd/AHRNe2F+U=,7BQwMaQrfWuTTAyWHhQWzYZC1d8=
102,41,Xn6eiMIYZ1wSCAQBd/AHRNe2F+U=,7BQwMaQrfWuTTAyWHhQWzYZC1d8=
98,36,Xn6eiMIYZ1wSCAQBd/AHRNe2F+U=,7BQwMaQrfWuTTAyWHhQWzYZC1d8=
103,40,Xn6eiMIYZ1wSCAQBd/AHRNe2F+U=,7BQwMaQrfWuTTAyWHhQWzYZC1d8=
98,40,Xn6eiMIYZ1wSCAQBd/AHRNe2F+U=,7BQwMaQrfWuTTAyWHhQWzYZC1d8=
105,32,Xn6eiMIYZ1wSCAQBd/AHRNe2F+U=,7BQwMaQrfWuTTAyWHhQWzYZC1d8=
106,34,Xn6eiMIYZ1wSCAQBd/AHRNe2F+U=,7BQwMaQrfWuTTAyWHhQWzYZC1d8=
111,38,Xn6eiMIYZ1wSCAQBd/AHRNe2F+U=,7BQwMaQrfWuTTAyWHhQWzYZC1d8=
105,33,Xn6eiMIYZ1wSCAQBd/AHRNe2F+U=,7BQwMaQrfWuTTAyWHhQWzYZC1d8=
110,38,Xn6eiMIYZ1wSCAQBd/AHRNe2F+U=,7BQwMaQrfWuTTAyWHhQWzYZC1d8=
109,38,Xn6eiMIYZ1wSCAQBd/AHRNe2F+U=,7BQwMaQrfWuTTAyWHhQWzYZC1d8=
100,40,Xn6eiMIYZ1wSCAQBd/AHRNe2F+U=,7BQwMaQrfWuTTAyWHhQWzYZC1d8=
102,39,Xn6eiMIYZ1wSCAQBd/AHRNe2F+U=,7BQwMaQrfWuTTAyWHhQWzYZC1d8=
108,38,Xn6eiMIYZ1wSCAQBd/AHRNe2F+U=,7BQwMaQrfWuTTAyWHhQWzYZC1d8=
106,38,Xn6eiMIYZ1wSCAQBd/AHRNe2F+U=,7BQwMaQrfWuTTAyWHhQWzYZC1d8=
107,38,Xn6eiMIYZ1wSCAQBd/AHRNe2F+U=,7BQwMaQrfWuTTAyWHhQWzYZC1d8=
105,38,Xn6eiMIYZ1wSCAQBd/AHRNe2F+U=,7BQwMaQrfWuTTAyWHhQWzYZC1d8=
104,38,Xn6eiMIYZ1wSCAQBd/AHRNe2F+U=,7BQwMaQrfWuTTAyWHhQWzYZC1d8=
100,39,Xn6eiMIYZ1wSCAQBd/AHRNe2F+U=,7BQwMaQrfWuTTAyWHhQWzYZC1d8=
99,36,Xn6eiMIYZ1wSCAQBd/AHRNe2F+U=,7BQwMaQrfWuTTAyWHhQWzYZC1d8=
101,39,Xn6eiMIYZ1wSCAQBd/AHRNe2F+U=,7BQwMaQrfWuTTAyWHhQWzYZC1d8=
97,39,Xn6eiMIYZ1wSCAQBd/AHRNe2F+U=,7BQwMaQrfWuTTAyWHhQWzYZC1d8=
101,38,Xn6eiMIYZ1wSCAQBd/AHRNe2F+U=,7BQwMaQrfWuTTAyWHhQWzYZC1d8=
98,39,Xn6eiMIYZ1wSCAQBd/AHRNe2F+U=,7BQwMaQrfWuTTAyWHhQWzYZC1d8=
105,34,Xn6eiMIYZ1wSCAQBd/AHRNe2F+U=,7BQwMaQrfWuTTAyWHhQWzYZC1d8=
103,38,Xn6eiMIYZ1wSCAQBd/AHRNe2F+U=,7BQwMaQrfWuTTAyWHhQWzYZC1d8=
104,32,Xn6eiMIYZ1wSCAQBd/AHRNe2F+U=,7BQwMaQrfWuTTAyWHhQWzYZC1d8=
111,37,Xn6eiMIYZ1wSCAQBd/AHRNe2F+U=,7BQwMaQrfWuTTAyWHhQWzYZC1d8=
104,33,Xn6eiMIYZ1wSCAQBd/AHRNe2F+U=,7BQwMaQrfWuTTAyWHhQWzYZC1d8=
110,37,Xn6eiMIYZ1wSCAQBd/AHRNe2F+U=,7BQwMaQrfWuTTAyWHhQWzYZC1d8=
109,37,Xn6eiMIYZ1wSCAQBd/AHRNe2F+U=,7BQwMaQrfWuTTAyWHhQWzYZC1d8=
108,37,Xn6eiMIYZ1wSCAQBd/AHRNe2F+U=,7BQwMaQrfWuTTAyWHhQWzYZC1d8=
107,37,Xn6eiMIYZ1wSCAQBd/AHRNe2F+U=,7BQwMaQrfWuTTAyWHhQWzYZC1d8=
101,40,Xn6eiMIYZ1wSCAQBd/AHRNe2F+U=,7BQwMaQrfWuTTAyWHhQWzYZC1d8=
102,38,Xn6eiMIYZ1wSCAQBd/AHRNe2F+U=,7BQwMaQrfWuTTAyWHhQWzYZC1d8=
106,37,Xn6eiMIYZ1wSCAQBd/AHRNe2F+U=,7BQwMaQrfWuTTAyWHhQWzYZC1d8=
96,39,Xn6eiMIYZ1wSCAQBd/AHRNe2F+U=,7BQwMaQrfWuTTAyWHhQWzYZC1d8=
97,38,Xn6eiMIYZ1wSCAQBd/AHRNe2F+U=,7BQwMaQrfWuTTAyWHhQWzYZC1d8=
103,37,Xn6eiMIYZ1wSCAQBd/AHRNe2F+U=,7BQwMaQrfWuTTAyWHhQWzYZC1d8=
99,39,Xn6eiMIYZ1wSCAQBd/AHRNe2F+U=,7BQwMaQrfWuTTAyWHhQWzYZC1d8=
104,37,Xn6eiMIYZ1wSCAQBd/AHRNe2F+U=,7BQwMaQrfWuTTAyWHhQWzYZC1d8=
96,38,Xn6eiMIYZ1wSCAQBd/AHRNe2F+U=,7BQwMaQrfWuTTAyWHhQWzYZC1d8=
104,34,Xn6eiMIYZ1wSCAQBd/AHRNe2F+U=,7BQwMaQrfWuTTAyWHhQWzYZC1d8=
103,32,Xn6eiMIYZ1wSCAQBd/AHRNe2F+U=,7BQwMaQrfWuTTAyWHhQWzYZC1d8=
111,36,Xn6eiMIYZ1wSCAQBd/AHRNe2F+U=,7BQwMaQrfWuTTAyWHhQWzYZC1d8=
103,33,Xn6eiMIYZ1wSCAQBd/AHRNe2F+U=,7BQwMaQrfWuTTAyWHhQWzYZC1d8=
110,36,Xn6eiMIYZ1wSCAQBd/AHRNe2F+U=,7BQwMaQrfWuTTAyWHhQWzYZC1d8=
109,36,Xn6eiMIYZ1wSCAQBd/AHRNe2F+U=,7BQwMaQrfWuTTAyWHhQWzYZC1d8=
108,36,Xn6eiMIYZ1wSCAQBd/AHRNe2F+U=,7BQwMaQrfWuTTAyWHhQWzYZC1d8=
107,36,Xn6eiMIYZ1wSCAQBd/AHRNe2F+U=,7BQwMaQrfWuTTAyWHhQWzYZC1d8=
100,38,Xn6eiMIYZ1wSCAQBd/AHRNe2F+U=,7BQwMaQrfWuTTAyWHhQWzYZC1d8=
105,37,Xn6eiMIYZ1wSCAQBd/AHRNe2F+U=,7BQwMaQrfWuTTAyWHhQWzYZC1d8=
105,36,Xn6eiMIYZ1wSCAQBd/AHRNe2F+U=,7BQwMaQrfWuTTAyWHhQWzYZC1d8=
100,36,Xn6eiMIYZ1wSCAQBd/AHRNe2F+U=,7BQwMaQrfWuTTAyWHhQWzYZC1d8=
106,36,Xn6eiMIYZ1wSCAQBd/AHRNe2F+U=,7BQwMaQrfWuTTAyWHhQWzYZC1d8=
103,36,Xn6eiMIYZ1wSCAQBd/AHRNe2F+U=,7BQwMaQrfWuTTAyWHhQWzYZC1d8=
104,36,Xn6eiMIYZ1wSCAQBd/AHRNe2F+U=,7BQwMaQrfWuTTAyWHhQWzYZC1d8=
99,38,Xn6eiMIYZ1wSCAQBd/AHRNe2F+U=,7BQwMaQrfWuTTAyWHhQWzYZC1d8=
100,37,Xn6eiMIYZ1wSCAQBd/AHRNe2F+U=,7BQwMaQrfWuTTAyWHhQWzYZC1d8=
102,36,Xn6eiMIYZ1wSCAQBd/AHRNe2F+U=,7BQwMaQrfWuTTAyWHhQWzYZC1d8=
99,37,Xn6eiMIYZ1wSCAQBd/AHRNe2F+U=,7BQwMaQrfWuTTAyWHhQWzYZC1d8=
96,37,Xn6eiMIYZ1wSCAQBd/AHRNe2F+U=,7BQwMaQrfWuTTAyWHhQWzYZC1d8=
101,36,Xn6eiMIYZ1wSCAQBd/AHRNe2F+U=,7BQwMaQrfWuTTAyWHhQWzYZC1d8=
101,37,Xn6eiMIYZ1wSCAQBd/AHRNe2F+U=,7BQwMaQrfWuTTAyWHhQWzYZC1d8=
98,38,Xn6eiMIYZ1wSCAQBd/AHRNe2F+U=,7BQwMaQrfWuTTAyWHhQWzYZC1d8=
102,37,Xn6eiMIYZ1wSCAQBd/AHRNe2F+U=,7BQwMaQrfWuTTAyWHhQWzYZC1d8=
97,37,Xn6eiMIYZ1wSCAQBd/AHRNe2F+U=,7BQwMaQrfWuTTAyWHhQWzYZC1d8=
98,37,Xn6eiMIYZ1wSCAQBd/AHRNe2F+U=,7BQwMaQrfWuTTAyWHhQWzYZC1d8=
105,47,Xn6eiMIYZ1wSCAQBd/AHRNe2F+U=,7BQwMaQrfWuTTAyWHhQWzYZC1d8=
104,51,reChrpUD/n3NTxGVELBQu1Ga92k=,x0lov8tmc7DAIIpkWF3RxihzE0Y=
102,51,reChrpUD/n3NTxGVELBQu1Ga92k=,x0lov8tmc7DAIIpkWF3RxihzE0Y=
102,50,reChrpUD/n3NTxGVELBQu1Ga92k=,x0lov8tmc7DAIIpkWF3RxihzE0Y=
99,48,kyPhZIqnhqu5s/j/UEL1nRWXl+Y=,x0lov8tmc7DAIIpkWF3RxihzE0Y=
101,51,kyPhZIqnhqu5s/j/UEL1nRWXl+Y=,x0lov8tmc7DAIIpkWF3RxihzE0Y=
97,48,kyPhZIqnhqu5s/j/UEL1nRWXl+Y=,x0lov8tmc7DAIIpkWF3RxihzE0Y=
100,50,kyPhZIqnhqu5s/j/UEL1nRWXl+Y=,x0lov8tmc7DAIIpkWF3RxihzE0Y=
111,63,kyPhZIqnhqu5s/j/UEL1nRWXl+Y=,x0lov8tmc7DAIIpkWF3RxihzE0Y=
108,63,kyPhZIqnhqu5s/j/UEL1nRWXl+Y=,x0lov8tmc7DAIIpkWF3RxihzE0Y=
107,63,kyPhZIqnhqu5s/j/UEL1nRWXl+Y=,x0lov8tmc7DAIIpkWF3RxihzE0Y=
106,63,kyPhZIqnhqu5s/j/UEL1nRWXl+Y=,x0lov8tmc7DAIIpkWF3RxihzE0Y=
105,63,2xO1QXOySuHVdGAKcNq5CNhOfgk=,x0lov8tmc7DAIIpkWF3RxihzE0Y=
104,63,2xO1QXOySuHVdGAKcNq5CNhOfgk=,x0lov8tmc7DAIIpkWF3RxihzE0Y=
103,63,2xO1QXOySuHVdGAKcNq5CNhOfgk=,x0lov8tmc7DAIIpkWF3RxihzE0Y=
102,63,2xO1QXOySuHVdGAKcNq5CNhOfgk=,x0lov8tmc7DAIIpkWF3RxihzE0Y=
101,63,2xO1QXOySuHVdGAKcNq5CNhOfgk=,x0lov8tmc7DAIIpkWF3RxihzE0Y=
100,63,2xO1QXOySuHVdGAKcNq5CNhOfgk=,x0lov8tmc7DAIIpkWF3RxihzE0Y=
97,51,2xO1QXOySuHVdGAKcNq5CNhOfgk=,x0lov8tmc7DAIIpkWF3RxihzE0Y=
107,62,2xO1QXOySuHVdGAKcNq5CNhOfgk=,x0lov8tmc7DAIIpkWF3RxihzE0Y=
106,62,2xO1QXOySuHVdGAKcNq5CNhOfgk=,x0lov8tmc7DAIIpkWF3RxihzE0Y=
104,62,aAAsLn+2yHgMZyf8B5jiBqaPfI0=,x0lov8tmc7DAIIpkWF3RxihzE0Y=
105,62,aAAsLn+2yHgMZyf8B5jiBqaPfI0=,x0lov8tmc7DAIIpkWF3RxihzE0Y=
102,62,aAAsLn+2yHgMZyf8B5jiBqaPfI0=,x0lov8tmc7DAIIpkWF3RxihzE0Y=
103,62,aAAsLn+2yHgMZyf8B5jiBqaPfI0=,x0lov8tmc7DAIIpkWF3RxihzE0Y=
100,62,aAAsLn+2yHgMZyf8B5jiBqaPfI0=,x0lov8tmc7DAIIpkWF3RxihzE0Y=
101,62,aAAsLn+2yHgMZyf8B5jiBqaPfI0=,x0lov8tmc7DAIIpkWF3RxihzE0Y=
99,49,aAAsLn+2yHgMZyf8B5jiBqaPfI0=,x0lov8tmc7DAIIpkWF3RxihzE0Y=
98,50,aAAsLn+2yHgMZyf8B5jiBqaPfI0=,x0lov8tmc7DAIIpkWF3RxihzE0Y=
107,61,aAAsLn+2yHgMZyf8B5jiBqaPfI0=,x0lov8tmc7DAIIpkWF3RxihzE0Y=
111,61,aAAsLn+2yHgMZyf8B5jiBqaPfI0=,x0lov8tmc7DAIIpkWF3RxihzE0Y=
106,61,aAAsLn+2yHgMZyf8B5jiBqaPfI0=,x0lov8tmc7DAIIpkWF3RxihzE0Y=
105,61,aAAsLn+2yHgMZyf8B5jiBqaPfI0=,x0lov8tmc7DAIIpkWF3RxihzE0Y=
104,61,aAAsLn+2yHgMZyf8B5jiBqaPfI0=,x0lov8tmc7DAIIpkWF3RxihzE0Y=
103,61,aAAsLn+2yHgMZyf8B5jiBqaPfI0=,x0lov8tmc7DAIIpkWF3RxihzE0Y=
102,61,aAAsLn+2yHgMZyf8B5jiBqaPfI0=,x0lov8tmc7DAIIpkWF3RxihzE0Y=
101,61,aAAsLn+2yHgMZyf8B5jiBqaPfI0=,x0lov8tmc7DAIIpkWF3RxihzE0Y=
100,61,aAAsLn+2yHgMZyf8B5jiBqaPfI0=,x0lov8tmc7DAIIpkWF3RxihzE0Y=
111,62,aAAsLn+2yHgMZyf8B5jiBqaPfI0=,x0lov8tmc7DAIIpkWF3RxihzE0Y=
110,62,aAAsLn+2yHgMZyf8B5jiBqaPfI0=,x0lov8tmc7DAIIpkWF3RxihzE0Y=
97,50,aAAsLn+2yHgMZyf8B5jiBqaPfI0=,x0lov8tmc7DAIIpkWF3RxihzE0Y=
110,60,aAAsLn+2yHgMZyf8B5jiBqaPfI0=,x0lov8tmc7DAIIpkWF3RxihzE0Y=
108,60,aAAsLn+2yHgMZyf8B5jiBqaPfI0=,x0lov8tmc7DAIIpkWF3RxihzE0Y=
107,60,aAAsLn+2yHgMZyf8B5jiBqaPfI0=,x0lov8tmc7DAIIpkWF3RxihzE0Y=
106,60,aAAsLn+2yHgMZyf8B5jiBqaPfI0=,x0lov8tmc7DAIIpkWF3RxihzE0Y=
105,60,aAAsLn+2yHgMZyf8B5jiBqaPfI0=,x0lov8tmc7DAIIpkWF3RxihzE0Y=
104,60,aAAsLn+2yHgMZyf8B5jiBqaPfI0=,x0lov8tmc7DAIIpkWF3RxihzE0Y=
103,60,aAAsLn+2yHgMZyf8B5jiBqaPfI0=,x0lov8tmc7DAIIpkWF3RxihzE0Y=
102,60,aAAsLn+2yHgMZyf8B5jiBqaPfI0=,x0lov8tmc7DAIIpkWF3RxihzE0Y=
101,60,aAAsLn+2yHgMZyf8B5jiBqaPfI0=,x0lov8tmc7DAIIpkWF3RxihzE0Y=
97,49,aAAsLn+2yHgMZyf8B5jiBqaPfI0=,x0lov8tmc7DAIIpkWF3RxihzE0Y=
98,48,aAAsLn+2yHgMZyf8B5jiBqaPfI0=,x0lov8tmc7DAIIpkWF3RxihzE0Y=
111,49,aAAsLn+2yHgMZyf8B5jiBqaPfI0=,x0lov8tmc7DAIIpkWF3RxihzE0Y=
111,59,aAAsLn+2yHgMZyf8B5jiBqaPfI0=,x0lov8tmc7DAIIpkWF3RxihzE0Y=
110,63,aAAsLn+2yHgMZyf8B5jiBqaPfI0=,x0lov8tmc7DAIIpkWF3RxihzE0Y=
108,59,aAAsLn+2yHgMZyf8B5jiBqaPfI0=,x0lov8tmc7DAIIpkWF3RxihzE0Y=
107,59,aAAsLn+2yHgMZyf8B5jiBqaPfI0=,x0lov8tmc7DAIIpkWF3RxihzE0Y=
106,59,aAAsLn+2yHgMZyf8B5jiBqaPfI0=,x0lov8tmc7DAIIpkWF3RxihzE0Y=
109,59,aAAsLn+2yHgMZyf8B5jiBqaPfI0=,x0lov8tmc7DAIIpkWF3RxihzE0Y=
105,59,aAAsLn+2yHgMZyf8B5jiBqaPfI0=,x0lov8tmc7DAIIpkWF3RxihzE0Y=
104,59,aAAsLn+2yHgMZyf8B5jiBqaPfI0=,x0lov8tmc7DAIIpkWF3RxihzE0Y=
103,59,aAAsLn+2yHgMZyf8B5jiBqaPfI0=,x0lov8tmc7DAIIpkWF3RxihzE0Y=
102,59,aAAsLn+2yHgMZyf8B5jiBqaPfI0=,x0lov8tmc7DAIIpkWF3RxihzE0Y=
101,59,aAAsLn+2yHgMZyf8B5jiBqaPfI0=,x0lov8tmc7DAIIpkWF3RxihzE0Y=
109,60,aAAsLn+2yHgMZyf8B5jiBqaPfI0=,x0lov8tmc7DAIIpkWF3RxihzE0Y=
111,60,aAAsLn+2yHgMZyf8B5jiBqaPfI0=,x0lov8tmc7DAIIpkWF3RxihzE0Y=
109,49,aAAsLn+2yHgMZyf8B5jiBqaPfI0=,x0lov8tmc7DAIIpkWF3RxihzE0Y=
108,58,aAAsLn+2yHgMZyf8B5jiBqaPfI0=,x0lov8tmc7DAIIpkWF3RxihzE0Y=
109,58,aAAsLn+2yHgMZyf8B5jiBqaPfI0=,x0lov8tmc7DAIIpkWF3RxihzE0Y=
107,58,aAAsLn+2yHgMZyf8B5jiBqaPfI0=,x0lov8tmc7DAIIpkWF3RxihzE0Y=
109,63,aAAsLn+2yHgMZyf8B5jiBqaPfI0=,x0lov8tmc7DAIIpkWF3RxihzE0Y=
106,58,aAAsLn+2yHgMZyf8B5jiBqaPfI0=,x0lov8tmc7DAIIpkWF3RxihzE0Y=
105,58,aAAsLn+2yHgMZyf8B5jiBqaPfI0=,x0lov8tmc7DAIIpkWF3RxihzE0Y=
104,58,aAAsLn+2yHgMZyf8B5jiBqaPfI0=,x0lov8tmc7DAIIpkWF3RxihzE0Y=
103,58,aAAsLn+2yHgMZyf8B5jiBqaPfI0=,x0lov8tmc7DAIIpkWF3RxihzE0Y=
102,58,aAAsLn+2yHgMZyf8B5jiBqaPfI0=,x0lov8tmc7DAIIpkWF3RxihzE0Y=
101,58,aAAsLn+2yHgMZyf8B5jiBqaPfI0=,x0lov8tmc7DAIIpkWF3RxihzE0Y=
110,61,aAAsLn+2yHgMZyf8B5jiBqaPfI0=,x0lov8tmc7DAIIpkWF3RxihzE0Y=
110,59,aAAsLn+2yHgMZyf8B5jiBqaPfI0=,x0lov8tmc7DAIIpkWF3RxihzE0Y=
108,57,aAAsLn+2yHgMZyf8B5jiBqaPfI0=,x0lov8tmc7DAIIpkWF3RxihzE0Y=
107,57,aAAsLn+2yHgMZyf8B5jiBqaPfI0=,x0lov8tmc7DAIIpkWF3RxihzE0Y=
106,57,aAAsLn+2yHgMZyf8B5jiBqaPfI0=,x0lov8tmc7DAIIpkWF3RxihzE0Y=
105,57,aAAsLn+2yHgMZyf8B5jiBqaPfI0=,x0lov8tmc7DAIIpkWF3RxihzE0Y=
104,57,aAAsLn+2yHgMZyf8B5jiBqaPfI0=,x0lov8tmc7DAIIpkWF3RxihzE0Y=
102,57,aAAsLn+2yHgMZyf8B5jiBqaPfI0=,x0lov8tmc7DAIIpkWF3RxihzE0Y=
103,57,aAAsLn+2yHgMZyf8B5jiBqaPfI0=,x0lov8tmc7DAIIpkWF3RxihzE0Y=
101,57,aAAsLn+2yHgMZyf8B5jiBqaPfI0=,x0lov8tmc7DAIIpkWF3RxihzE0Y=
100,57,aAAsLn+2yHgMZyf8B5jiBqaPfI0=,x0lov8tmc7DAIIpkWF3RxihzE0Y=
98,57,aAAsLn+2yHgMZyf8B5jiBqaPfI0=,x0lov8tmc7DAIIpkWF3RxihzE0Y=
108,61,aAAsLn+2yHgMZyf8B5jiBqaPfI0=,x0lov8tmc7DAIIpkWF3RxihzE0Y=
109,62,aAAsLn+2yHgMZyf8B5jiBqaPfI0=,x0lov8tmc7DAIIpkWF3RxihzE0Y=
109,56,aAAsLn+2yHgMZyf8B5jiBqaPfI0=,x0lov8tmc7DAIIpkWF3RxihzE0Y=
108,56,aAAsLn+2yHgMZyf8B5jiBqaPfI0=,x0lov8tmc7DAIIpkWF3RxihzE0Y=
107,56,aAAsLn+2yHgMZyf8B5jiBqaPfI0=,x0lov8tmc7DAIIpkWF3RxihzE0Y=
106,56,aAAsLn+2yHgMZyf8B5jiBqaPfI0=,x0lov8tmc7DAIIpkWF3RxihzE0Y=
105,56,aAAsLn+2yHgMZyf8B5jiBqaPfI0=,x0lov8tmc7DAIIpkWF3RxihzE0Y=
104,56,aAAsLn+2yHgMZyf8B5jiBqaPfI0=,x0lov8tmc7DAIIpkWF3RxihzE0Y=
103,56,aAAsLn+2yHgMZyf8B5jiBqaPfI0=,x0lov8tmc7DAIIpkWF3RxihzE0Y=
102,56,aAAsLn+2yHgMZyf8B5jiBqaPfI0=,x0lov8tmc7DAIIpkWF3RxihzE0Y=
101,56,aAAsLn+2yHgMZyf8B5jiBqaPfI0=,x0lov8tmc7DAIIpkWF3RxihzE0Y=
98,56,aAAsLn+2yHgMZyf8B5jiBqaPfI0=,x0lov8tmc7DAIIpkWF3RxihzE0Y=
108,55,aAAsLn+2yHgMZyf8B5jiBqaPfI0=,x0lov8tmc7DAIIpkWF3RxihzE0Y=
97,56,aAAsLn+2yHgMZyf8B5jiBqaPfI0=,x0lov8tmc7DAIIpkWF3RxihzE0Y=
107,55,aAAsLn+2yHgMZyf8B5jiBqaPfI0=,x0lov8tmc7DAIIpkWF3RxihzE0Y=
106,55,aAAsLn+2yHgMZyf8B5jiBqaPfI0=,x0lov8tmc7DAIIpkWF3RxihzE0Y=
105,55,aAAsLn+2yHgMZyf8B5jiBqaPfI0=,x0lov8tmc7DAIIpkWF3RxihzE0Y=
104,55,aAAsLn+2yHgMZyf8B5jiBqaPfI0=,x0lov8tmc7DAIIpkWF3RxihzE0Y=
103,55,aAAsLn+2yHgMZyf8B5jiBqaPfI0=,x0lov8tmc7DAIIpkWF3RxihzE0Y=
102,55,aAAsLn+2yHgMZyf8B5jiBqaPfI0=,x0lov8tmc7DAIIpkWF3RxihzE0Y=
101,55,aAAsLn+2yHgMZyf8B5jiBqaPfI0=,x0lov8tmc7DAIIpkWF3RxihzE0Y=
105,48,aAAsLn+2yHgMZyf8B5jiBqaPfI0=,x0lov8tmc7DAIIpkWF3RxihzE0Y=
105,49,aAAsLn+2yHgMZyf8B5jiBqaPfI0=,x0lov8tmc7DAIIpkWF3RxihzE0Y=
107,54,aAAsLn+2yHgMZyf8B5jiBqaPfI0=,x0lov8tmc7DAIIpkWF3RxihzE0Y=
106,54,aAAsLn+2yHgMZyf8B5jiBqaPfI0=,x0lov8tmc7DAIIpkWF3RxihzE0Y=
105,54,aAAsLn+2yHgMZyf8B5jiBqaPfI0=,x0lov8tmc7DAIIpkWF3RxihzE0Y=
104,54,aAAsLn+2yHgMZyf8B5jiBqaPfI0=,x0lov8tmc7DAIIpkWF3RxihzE0Y=
103,54,aAAsLn+2yHgMZyf8B5jiBqaPfI0=,x0lov8tmc7DAIIpkWF3RxihzE0Y=
104,49,aAAsLn+2yHgMZyf8B5jiBqaPfI0=,x0lov8tmc7DAIIpkWF3RxihzE0Y=
106,53,aAAsLn+2yHgMZyf8B5jiBqaPfI0=,x0lov8tmc7DAIIpkWF3RxihzE0Y=
105,53,aAAsLn+2yHgMZyf8B5jiBqaPfI0=,x0lov8tmc7DAIIpkWF3RxihzE0Y=
104,53,aAAsLn+2yHgMZyf8B5jiBqaPfI0=,x0lov8tmc7DAIIpkWF3RxihzE0Y=
103,53,aAAsLn+2yHgMZyf8B5jiBqaPfI0=,x0lov8tmc7DAIIpkWF3RxihzE0Y=
98,53,aAAsLn+2yHgMZyf8B5jiBqaPfI0=,x0lov8tmc7DAIIpkWF3RxihzE0Y=
103,48,aAAsLn+2yHgMZyf8B5jiBqaPfI0=,x0lov8tmc7DAIIpkWF3RxihzE0Y=
104,50,aAAsLn+2yHgMZyf8B5jiBqaPfI0=,x0lov8tmc7DAIIpkWF3RxihzE0Y=
103,49,aAAsLn+2yHgMZyf8B5jiBqaPfI0=,x0lov8tmc7DAIIpkWF3RxihzE0Y=
107,52,aAAsLn+2yHgMZyf8B5jiBqaPfI0=,x0lov8tmc7DAIIpkWF3RxihzE0Y=
106,52,aAAsLn+2yHgMZyf8B5jiBqaPfI0=,x0lov8tmc7DAIIpkWF3RxihzE0Y=
105,52,aAAsLn+2yHgMZyf8B5jiBqaPfI0=,x0lov8tmc7DAIIpkWF3RxihzE0Y=
97,52,aAAsLn+2yHgMZyf8B5jiBqaPfI0=,x0lov8tmc7DAIIpkWF3RxihzE0Y=
111,51,aAAsLn+2yHgMZyf8B5jiBqaPfI0=,x0lov8tmc7DAIIpkWF3RxihzE0Y=
102,49,aAAsLn+2yHgMZyf8B5jiBqaPfI0=,x0lov8tmc7DAIIpkWF3RxihzE0Y=
107,51,aAAsLn+2yHgMZyf8B5jiBqaPfI0=,x0lov8tmc7DAIIpkWF3RxihzE0Y=
105,51,aAAsLn+2yHgMZyf8B5jiBqaPfI0=,x0lov8tmc7DAIIpkWF3RxihzE0Y=
109,57,aAAsLn+2yHgMZyf8B5jiBqaPfI0=,x0lov8tmc7DAIIpkWF3RxihzE0Y=
108,62,aAAsLn+2yHgMZyf8B5jiBqaPfI0=,x0lov8tmc7DAIIpkWF3RxihzE0Y=
111,58,aAAsLn+2yHgMZyf8B5jiBqaPfI0=,x0lov8tmc7DAIIpkWF3RxihzE0Y=
111,48,aAAsLn+2yHgMZyf8B5jiBqaPfI0=,x0lov8tmc7DAIIpkWF3RxihzE0Y=
96,52,aAAsLn+2yHgMZyf8B5jiBqaPfI0=,x0lov8tmc7DAIIpkWF3RxihzE0Y=
96,53,aAAsLn+2yHgMZyf8B5jiBqaPfI0=,x0lov8tmc7DAIIpkWF3RxihzE0Y=
96,49,aAAsLn+2yHgMZyf8B5jiBqaPfI0=,x0lov8tmc7DAIIpkWF3RxihzE0Y=
110,56,aAAsLn+2yHgMZyf8B5jiBqaPfI0=,x0lov8tmc7DAIIpkWF3RxihzE0Y=
110,49,aAAsLn+2yHgMZyf8B5jiBqaPfI0=,x0lov8tmc7DAIIpkWF3RxihzE0Y=
110,50,aAAsLn+2yHgMZyf8B5jiBqaPfI0=,x0lov8tmc7DAIIpkWF3RxihzE0Y=
110,58,aAAsLn+2yHgMZyf8B5jiBqaPfI0=,x0lov8tmc7DAIIpkWF3RxihzE0Y=
109,48,aAAsLn+2yHgMZyf8B5jiBqaPfI0=,x0lov8tmc7DAIIpkWF3RxihzE0Y=
111,50,aAAsLn+2yHgMZyf8B5jiBqaPfI0=,x0lov8tmc7DAIIpkWF3RxihzE0Y=
106,51,aAAsLn+2yHgMZyf8B5jiBqaPfI0=,x0lov8tmc7DAIIpkWF3RxihzE0Y=
109,61,aAAsLn+2yHgMZyf8B5jiBqaPfI0=,x0lov8tmc7DAIIpkWF3RxihzE0Y=
111,57,aAAsLn+2yHgMZyf8B5jiBqaPfI0=,x0lov8tmc7DAIIpkWF3RxihzE0Y=
110,48,aAAsLn+2yHgMZyf8B5jiBqaPfI0=,x0lov8tmc7DAIIpkWF3RxihzE0Y=
109,50,aAAsLn+2yHgMZyf8B5jiBqaPfI0=,x0lov8tmc7DAIIpkWF3RxihzE0Y=
111,56,aAAsLn+2yHgMZyf8B5jiBqaPfI0=,x0lov8tmc7DAIIpkWF3RxihzE0Y=
108,50,aAAsLn+2yHgMZyf8B5jiBqaPfI0=,x0lov8tmc7DAIIpkWF3RxihzE0Y=
108,49,aAAsLn+2yHgMZyf8B5jiBqaPfI0=,x0lov8tmc7DAIIpkWF3RxihzE0Y=
110,57,aAAsLn+2yHgMZyf8B5jiBqaPfI0=,x0lov8tmc7DAIIpkWF3RxihzE0Y=
108,51,aAAsLn+2yHgMZyf8B5jiBqaPfI0=,x0lov8tmc7DAIIpkWF3RxihzE0Y=
96,63,aAAsLn+2yHgMZyf8B5jiBqaPfI0=,x0lov8tmc7DAIIpkWF3RxihzE0Y=
96,62,aAAsLn+2yHgMZyf8B5jiBqaPfI0=,x0lov8tmc7DAIIpkWF3RxihzE0Y=
107,50,aAAsLn+2yHgMZyf8B5jiBqaPfI0=,x0lov8tmc7DAIIpkWF3RxihzE0Y=
108,48,aAAsLn+2yHgMZyf8B5jiBqaPfI0=,x0lov8tmc7DAIIpkWF3RxihzE0Y=
96,61,aAAsLn+2yHgMZyf8B5jiBqaPfI0=,x0lov8tmc7DAIIpkWF3RxihzE0Y=
107,48,aAAsLn+2yHgMZyf8B5jiBqaPfI0=,x0lov8tmc7DAIIpkWF3RxihzE0Y=
96,48,aAAsLn+2yHgMZyf8B5jiBqaPfI0=,x0lov8tmc7DAIIpkWF3RxihzE0Y=
99,63,aAAsLn+2yHgMZyf8B5jiBqaPfI0=,x0lov8tmc7DAIIpkWF3RxihzE0Y=
101,50,aAAsLn+2yHgMZyf8B5jiBqaPfI0=,x0lov8tmc7DAIIpkWF3RxihzE0Y=
106,48,aAAsLn+2yHgMZyf8B5jiBqaPfI0=,x0lov8tmc7DAIIpkWF3RxihzE0Y=
107,49,aAAsLn+2yHgMZyf8B5jiBqaPfI0=,x0lov8tmc7DAIIpkWF3RxihzE0Y=
96,60,aAAsLn+2yHgMZyf8B5jiBqaPfI0=,x0lov8tmc7DAIIpkWF3RxihzE0Y=
103,51,aAAsLn+2yHgMZyf8B5jiBqaPfI0=,x0lov8tmc7DAIIpkWF3RxihzE0Y=
96,51,aAAsLn+2yHgMZyf8B5jiBqaPfI0=,x0lov8tmc7DAIIpkWF3RxihzE0Y=
100,49,aAAsLn+2yHgMZyf8B5jiBqaPfI0=,x0lov8tmc7DAIIpkWF3RxihzE0Y=
101,49,aAAsLn+2yHgMZyf8B5jiBqaPfI0=,x0lov8tmc7DAIIpkWF3RxihzE0Y=
100,51,aAAsLn+2yHgMZyf8B5jiBqaPfI0=,x0lov8tmc7DAIIpkWF3RxihzE0Y=
96,50,aAAsLn+2yHgMZyf8B5jiBqaPfI0=,x0lov8tmc7DAIIpkWF3RxihzE0Y=
109,51,aAAsLn+2yHgMZyf8B5jiBqaPfI0=,x0lov8tmc7DAIIpkWF3RxihzE0Y=
106,49,aAAsLn+2yHgMZyf8B5jiBqaPfI0=,x0lov8tmc7DAIIpkWF3RxihzE0Y=
101,48,aAAsLn+2yHgMZyf8B5jiBqaPfI0=,x0lov8tmc7DAIIpkWF3RxihzE0Y=
98,51,aAAsLn+2yHgMZyf8B5jiBqaPfI0=,x0lov8tmc7DAIIpkWF3RxihzE0Y=
96,59,aAAsLn+2yHgMZyf8B5jiBqaPfI0=,x0lov8tmc7DAIIpkWF3RxihzE0Y=
99,50,aAAsLn+2yHgMZyf8B5jiBqaPfI0=,x0lov8tmc7DAIIpkWF3RxihzE0Y=
100,48,aAAsLn+2yHgMZyf8B5jiBqaPfI0=,x0lov8tmc7DAIIpkWF3RxihzE0Y=
98,49,aAAsLn+2yHgMZyf8B5jiBqaPfI0=,x0lov8tmc7DAIIpkWF3RxihzE0Y=
110,51,aAAsLn+2yHgMZyf8B5jiBqaPfI0=,x0lov8tmc7DAIIpkWF3RxihzE0Y=
96,55,aAAsLn+2yHgMZyf8B5jiBqaPfI0=,x0lov8tmc7DAIIpkWF3RxihzE0Y=
109,55,aAAsLn+2yHgMZyf8B5jiBqaPfI0=,x0lov8tmc7DAIIpkWF3RxihzE0Y=
99,51,aAAsLn+2yHgMZyf8B5jiBqaPfI0=,x0lov8tmc7DAIIpkWF3RxihzE0Y=
100,55,aAAsLn+2yHgMZyf8B5jiBqaPfI0=,x0lov8tmc7DAIIpkWF3RxihzE0Y=
96,58,aAAsLn+2yHgMZyf8B5jiBqaPfI0=,x0lov8tmc7DAIIpkWF3RxihzE0Y=
102,54,aAAsLn+2yHgMZyf8B5jiBqaPfI0=,x0lov8tmc7DAIIpkWF3RxihzE0Y=
99,55,aAAsLn+2yHgMZyf8B5jiBqaPfI0=,x0lov8tmc7DAIIpkWF3RxihzE0Y=
104,52,aAAsLn+2yHgMZyf8B5jiBqaPfI0=,x0lov8tmc7DAIIpkWF3RxihzE0Y=
96,54,aAAsLn+2yHgMZyf8B5jiBqaPfI0=,x0lov8tmc7DAIIpkWF3RxihzE0Y=
96,57,aAAsLn+2yHgMZyf8B5jiBqaPfI0=,x0lov8tmc7DAIIpkWF3RxihzE0Y=
111,55,aAAsLn+2yHgMZyf8B5jiBqaPfI0=,x0lov8tmc7DAIIpkWF3RxihzE0Y=
106,50,aAAsLn+2yHgMZyf8B5jiBqaPfI0=,x0lov8tmc7DAIIpkWF3RxihzE0Y=
110,55,aAAsLn+2yHgMZyf8B5jiBqaPfI0=,x0lov8tmc7DAIIpkWF3RxihzE0Y=
101,54,aAAsLn+2yHgMZyf8B5jiBqaPfI0=,x0lov8tmc7DAIIpkWF3RxihzE0Y=
103,50,aAAsLn+2yHgMZyf8B5jiBqaPfI0=,x0lov8tmc7DAIIpkWF3RxihzE0Y=
98,55,aAAsLn+2yHgMZyf8B5jiBqaPfI0=,x0lov8tmc7DAIIpkWF3RxihzE0Y=
96,56,aAAsLn+2yHgMZyf8B5jiBqaPfI0=,x0lov8tmc7DAIIpkWF3RxihzE0Y=
97,55,aAAsLn+2yHgMZyf8B5jiBqaPfI0=,x0lov8tmc7DAIIpkWF3RxihzE0Y=
100,54,aAAsLn+2yHgMZyf8B5jiBqaPfI0=,x0lov8tmc7DAIIpkWF3RxihzE0Y=
97,63,aAAsLn+2yHgMZyf8B5jiBqaPfI0=,x0lov8tmc7DAIIpkWF3RxihzE0Y=
111,54,aAAsLn+2yHgMZyf8B5jiBqaPfI0=,x0lov8tmc7DAIIpkWF3RxihzE0Y=
99,54,aAAsLn+2yHgMZyf8B5jiBqaPfI0=,x0lov8tmc7DAIIpkWF3RxihzE0Y=
102,48,aAAsLn+2yHgMZyf8B5jiBqaPfI0=,x0lov8tmc7DAIIpkWF3RxihzE0Y=
98,54,aAAsLn+2yHgMZyf8B5jiBqaPfI0=,x0lov8tmc7DAIIpkWF3RxihzE0Y=
101,53,aAAsLn+2yHgMZyf8B5jiBqaPfI0=,x0lov8tmc7DAIIpkWF3RxihzE0Y=
108,54,aAAsLn+2yHgMZyf8B5jiBqaPfI0=,x0lov8tmc7DAIIpkWF3RxihzE0Y=
97,54,aAAsLn+2yHgMZyf8B5jiBqaPfI0=,x0lov8tmc7DAIIpkWF3RxihzE0Y=
102,53,aAAsLn+2yHgMZyf8B5jiBqaPfI0=,x0lov8tmc7DAIIpkWF3RxihzE0Y=
99,62,aAAsLn+2yHgMZyf8B5jiBqaPfI0=,x0lov8tmc7DAIIpkWF3RxihzE0Y=
99,56,aAAsLn+2yHgMZyf8B5jiBqaPfI0=,x0lov8tmc7DAIIpkWF3RxihzE0Y=
104,48,aAAsLn+2yHgMZyf8B5jiBqaPfI0=,x0lov8tmc7DAIIpkWF3RxihzE0Y=
110,54,aAAsLn+2yHgMZyf8B5jiBqaPfI0=,x0lov8tmc7DAIIpkWF3RxihzE0Y=
108,52,aAAsLn+2yHgMZyf8B5jiBqaPfI0=,x0lov8tmc7DAIIpkWF3RxihzE0Y=
98,63,aAAsLn+2yHgMZyf8B5jiBqaPfI0=,x0lov8tmc7DAIIpkWF3RxihzE0Y=
97,53,aAAsLn+2yHgMZyf8B5jiBqaPfI0=,x0lov8tmc7DAIIpkWF3RxihzE0Y=
101,52,aAAsLn+2yHgMZyf8B5jiBqaPfI0=,x0lov8tmc7DAIIpkWF3RxihzE0Y=
100,53,aAAsLn+2yHgMZyf8B5jiBqaPfI0=,x0lov8tmc7DAIIpkWF3RxihzE0Y=
103,52,aAAsLn+2yHgMZyf8B5jiBqaPfI0=,x0lov8tmc7DAIIpkWF3RxihzE0Y=
100,56,aAAsLn+2yHgMZyf8B5jiBqaPfI0=,x0lov8tmc7DAIIpkWF3RxihzE0Y=
100,52,aAAsLn+2yHgMZyf8B5jiBqaPfI0=,x0lov8tmc7DAIIpkWF3RxihzE0Y=
99,53,aAAsLn+2yHgMZyf8B5jiBqaPfI0=,x0lov8tmc7DAIIpkWF3RxihzE0Y=
97,57,aAAsLn+2yHgMZyf8B5jiBqaPfI0=,x0lov8tmc7DAIIpkWF3RxihzE0Y=
99,52,aAAsLn+2yHgMZyf8B5jiBqaPfI0=,x0lov8tmc7DAIIpkWF3RxihzE0Y=
102,52,aAAsLn+2yHgMZyf8B5jiBqaPfI0=,x0lov8tmc7DAIIpkWF3RxihzE0Y=
98,52,aAAsLn+2yHgMZyf8B5jiBqaPfI0=,x0lov8tmc7DAIIpkWF3RxihzE0Y=
97,62,aAAsLn+2yHgMZyf8B5jiBqaPfI0=,x0lov8tmc7DAIIpkWF3RxihzE0Y=
100,60,aAAsLn+2yHgMZyf8B5jiBqaPfI0=,x0lov8tmc7DAIIpkWF3RxihzE0Y=
109,54,aAAsLn+2yHgMZyf8B5jiBqaPfI0=,x0lov8tmc7DAIIpkWF3RxihzE0Y=
97,61,aAAsLn+2yHgMZyf8B5jiBqaPfI0=,x0lov8tmc7DAIIpkWF3RxihzE0Y=
100,59,aAAsLn+2yHgMZyf8B5jiBqaPfI0=,x0lov8tmc7DAIIpkWF3RxihzE0Y=
109,52,aAAsLn+2yHgMZyf8B5jiBqaPfI0=,x0lov8tmc7DAIIpkWF3RxihzE0Y=
105,50,aAAsLn+2yHgMZyf8B5jiBqaPfI0=,x0lov8tmc7DAIIpkWF3RxihzE0Y=
99,57,aAAsLn+2yHgMZyf8B5jiBqaPfI0=,x0lov8tmc7DAIIpkWF3RxihzE0Y=
97,60,aAAsLn+2yHgMZyf8B5jiBqaPfI0=,x0lov8tmc7DAIIpkWF3RxihzE0Y=
97,58,aAAsLn+2yHgMZyf8B5jiBqaPfI0=,x0lov8tmc7DAIIpkWF3RxihzE0Y=
99,60,aAAsLn+2yHgMZyf8B5jiBqaPfI0=,x0lov8tmc7DAIIpkWF3RxihzE0Y=
111,53,aAAsLn+2yHgMZyf8B5jiBqaPfI0=,x0lov8tmc7DAIIpkWF3RxihzE0Y=
110,52,aAAsLn+2yHgMZyf8B5jiBqaPfI0=,x0lov8tmc7DAIIpkWF3RxihzE0Y=
100,58,aAAsLn+2yHgMZyf8B5jiBqaPfI0=,x0lov8tmc7DAIIpkWF3RxihzE0Y=
98,59,aAAsLn+2yHgMZyf8B5jiBqaPfI0=,x0lov8tmc7DAIIpkWF3RxihzE0Y=
99,59,aAAsLn+2yHgMZyf8B5jiBqaPfI0=,x0lov8tmc7DAIIpkWF3RxihzE0Y=
108,53,aAAsLn+2yHgMZyf8B5jiBqaPfI0=,x0lov8tmc7DAIIpkWF3RxihzE0Y=
98,62,aAAsLn+2yHgMZyf8B5jiBqaPfI0=,x0lov8tmc7DAIIpkWF3RxihzE0Y=
99,61,aAAsLn+2yHgMZyf8B5jiBqaPfI0=,x0lov8tmc7DAIIpkWF3RxihzE0Y=
99,58,aAAsLn+2yHgMZyf8B5jiBqaPfI0=,x0lov8tmc7DAIIpkWF3RxihzE0Y=
107,53,aAAsLn+2yHgMZyf8B5jiBqaPfI0=,x0lov8tmc7DAIIpkWF3RxihzE0Y=
110,53,aAAsLn+2yHgMZyf8B5jiBqaPfI0=,x0lov8tmc7DAIIpkWF3RxihzE0Y=
98,58,aAAsLn+2yHgMZyf8B5jiBqaPfI0=,x0lov8tmc7DAIIpkWF3RxihzE0Y=
98,60,aAAsLn+2yHgMZyf8B5jiBqaPfI0=,x0lov8tmc7DAIIpkWF3RxihzE0Y=
111,52,aAAsLn+2yHgMZyf8B5jiBqaPfI0=,x0lov8tmc7DAIIpkWF3RxihzE0Y=
109,53,aAAsLn+2yHgMZyf8B5jiBqaPfI0=,x0lov8tmc7DAIIpkWF3RxihzE0Y=
98,61,aAAsLn+2yHgMZyf8B5jiBqaPfI0=,x0lov8tmc7DAIIpkWF3RxihzE0Y=
97,59,aAAsLn+2yHgMZyf8B5jiBqaPfI0=,x0lov8tmc7DAIIpkWF3RxihzE0Y=
118,50,V4EVL6b78NhFTcJuT0X0kCwizIc=,LUrWIftq7nxYOKTWBbugcmZ/foU=
118,51,V4EVL6b78NhFTcJuT0X0kCwizIc=,LUrWIftq7nxYOKTWBbugcmZ/foU=
117,48,V4EVL6b78NhFTcJuT0X0kCwizIc=,LUrWIftq7nxYOKTWBbugcmZ/foU=
115,48,V4EVL6b78NhFTcJuT0X0kCwizIc=,LUrWIftq7nxYOKTWBbugcmZ/foU=
119,51,Ft5Uw3Jtsv1taKDhEf5I643mj9U=,LUrWIftq7nxYOKTWBbugcmZ/foU=
115,51,Ft5Uw3Jtsv1taKDhEf5I643mj9U=,LUrWIftq7nxYOKTWBbugcmZ/foU=
117,49,Ft5Uw3Jtsv1taKDhEf5I643mj9U=,LUrWIftq7nxYOKTWBbugcmZ/foU=
121,51,Ft5Uw3Jtsv1taKDhEf5I643mj9U=,LUrWIftq7nxYOKTWBbugcmZ/foU=
116,49,Ft5Uw3Jtsv1taKDhEf5I643mj9U=,LUrWIftq7nxYOKTWBbugcmZ/foU=
114,51,Ft5Uw3Jtsv1taKDhEf5I643mj9U=,LUrWIftq7nxYOKTWBbugcmZ/foU=
116,50,Ft5Uw3Jtsv1taKDhEf5I643mj9U=,LUrWIftq7nxYOKTWBbugcmZ/foU=
117,50,Ft5Uw3Jtsv1taKDhEf5I643mj9U=,LUrWIftq7nxYOKTWBbugcmZ/foU=
127,63,Ft5Uw3Jtsv1taKDhEf5I643mj9U=,LUrWIftq7nxYOKTWBbugcmZ/foU=
122,63,JiDqrGE8B2QoPTf0ykMCacMvIJE=,LUrWIftq7nxYOKTWBbugcmZ/foU=
126,63,JiDqrGE8B2QoPTf0ykMCacMvIJE=,LUrWIftq7nxYOKTWBbugcmZ/foU=
116,51,JiDqrGE8B2QoPTf0ykMCacMvIJE=,LUrWIftq7nxYOKTWBbugcmZ/foU=
125,63,JiDqrGE8B2QoPTf0ykMCacMvIJE=,LUrWIftq7nxYOKTWBbugcmZ/foU=
117,51,JiDqrGE8B2QoPTf0ykMCacMvIJE=,LUrWIftq7nxYOKTWBbugcmZ/foU=
121,63,uWVYOubryvO2S2+JaoTbQcAJvgg=,LUrWIftq7nxYOKTWBbugcmZ/foU=
120,51,uWVYOubryvO2S2+JaoTbQcAJvgg=,LUrWIftq7nxYOKTWBbugcmZ/foU=
120,63,uWVYOubryvO2S2+JaoTbQcAJvgg=,LUrWIftq7nxYOKTWBbugcmZ/foU=
123,63,uWVYOubryvO2S2+JaoTbQcAJvgg=,LUrWIftq7nxYOKTWBbugcmZ/foU=
124,63,uWVYOubryvO2S2+JaoTbQcAJvgg=,LUrWIftq7nxYOKTWBbugcmZ/foU=
113,48,uWVYOubryvO2S2+JaoTbQcAJvgg=,LUrWIftq7nxYOKTWBbugcmZ/foU=
118,63,uWVYOubryvO2S2+JaoTbQcAJvgg=,LUrWIftq7nxYOKTWBbugcmZ/foU=
116,63,uWVYOubryvO2S2+JaoTbQcAJvgg=,LUrWIftq7nxYOKTWBbugcmZ/foU=
127,62,uWVYOubryvO2S2+JaoTbQcAJvgg=,LUrWIftq7nxYOKTWBbugcmZ/foU=
115,50,uWVYOubryvO2S2+JaoTbQcAJvgg=,LUrWIftq7nxYOKTWBbugcmZ/foU=
113,51,uWVYOubryvO2S2+JaoTbQcAJvgg=,LUrWIftq7nxYOKTWBbugcmZ/foU=
119,63,uWVYOubryvO2S2+JaoTbQcAJvgg=,LUrWIftq7nxYOKTWBbugcmZ/foU=
115,63,uWVYOubryvO2S2+JaoTbQcAJvgg=,LUrWIftq7nxYOKTWBbugcmZ/foU=
117,63,uWVYOubryvO2S2+JaoTbQcAJvgg=,LUrWIftq7nxYOKTWBbugcmZ/foU=
123,62,uWVYOubryvO2S2+JaoTbQcAJvgg=,LUrWIftq7nxYOKTWBbugcmZ/foU=
126,62,uWVYOubryvO2S2+JaoTbQcAJvgg=,LUrWIftq7nxYOKTWBbugcmZ/foU=
116,48,uWVYOubryvO2S2+JaoTbQcAJvgg=,LUrWIftq7nxYOKTWBbugcmZ/foU=
124,62,uWVYOubryvO2S2+JaoTbQcAJvgg=,LUrWIftq7nxYOKTWBbugcmZ/foU=
121,62,uWVYOubryvO2S2+JaoTbQcAJvgg=,LUrWIftq7nxYOKTWBbugcmZ/foU=
114,63,uWVYOubryvO2S2+JaoTbQcAJvgg=,LUrWIftq7nxYOKTWBbugcmZ/foU=
118,62,uWVYOubryvO2S2+JaoTbQcAJvgg=,LUrWIftq7nxYOKTWBbugcmZ/foU=
122,62,uWVYOubryvO2S2+JaoTbQcAJvgg=,LUrWIftq7nxYOKTWBbugcmZ/foU=
122,51,uWVYOubryvO2S2+JaoTbQcAJvgg=,LUrWIftq7nxYOKTWBbugcmZ/foU=
123,51,uWVYOubryvO2S2+JaoTbQcAJvgg=,LUrWIftq7nxYOKTWBbugcmZ/foU=
124,51,uWVYOubryvO2S2+JaoTbQcAJvgg=,LUrWIftq7nxYOKTWBbugcmZ/foU=
119,62,uWVYOubryvO2S2+JaoTbQcAJvgg=,LUrWIftq7nxYOKTWBbugcmZ/foU=
117,62,uWVYOubryvO2S2+JaoTbQcAJvgg=,LUrWIftq7nxYOKTWBbugcmZ/foU=
115,49,uWVYOubryvO2S2+JaoTbQcAJvgg=,LUrWIftq7nxYOKTWBbugcmZ/foU=
120,62,uWVYOubryvO2S2+JaoTbQcAJvgg=,LUrWIftq7nxYOKTWBbugcmZ/foU=
114,50,uWVYOubryvO2S2+JaoTbQcAJvgg=,LUrWIftq7nxYOKTWBbugcmZ/foU=
125,51,uWVYOubryvO2S2+JaoTbQcAJvgg=,LUrWIftq7nxYOKTWBbugcmZ/foU=
126,51,uWVYOubryvO2S2+JaoTbQcAJvgg=,LUrWIftq7nxYOKTWBbugcmZ/foU=
113,63,uWVYOubryvO2S2+JaoTbQcAJvgg=,LUrWIftq7nxYOKTWBbugcmZ/foU=
112,63,uWVYOubryvO2S2+JaoTbQcAJvgg=,LUrWIftq7nxYOKTWBbugcmZ/foU=
127,61,uWVYOubryvO2S2+JaoTbQcAJvgg=,LUrWIftq7nxYOKTWBbugcmZ/foU=
118,49,uWVYOubryvO2S2+JaoTbQcAJvgg=,LUrWIftq7nxYOKTWBbugcmZ/foU=
125,62,uWVYOubryvO2S2+JaoTbQcAJvgg=,LUrWIftq7nxYOKTWBbugcmZ/foU=
123,61,uWVYOubryvO2S2+JaoTbQcAJvgg=,LUrWIftq7nxYOKTWBbugcmZ/foU=
125,61,uWVYOubryvO2S2+JaoTbQcAJvgg=,LUrWIftq7nxYOKTWBbugcmZ/foU=
121,61,uWVYOubryvO2S2+JaoTbQcAJvgg=,LUrWIftq7nxYOKTWBbugcmZ/foU=
127,51,uWVYOubryvO2S2+JaoTbQcAJvgg=,LUrWIftq7nxYOKTWBbugcmZ/foU=
122,61,uWVYOubryvO2S2+JaoTbQcAJvgg=,LUrWIftq7nxYOKTWBbugcmZ/foU=
112,52,uWVYOubryvO2S2+JaoTbQcAJvgg=,LUrWIftq7nxYOKTWBbugcmZ/foU=
119,50,uWVYOubryvO2S2+JaoTbQcAJvgg=,LUrWIftq7nxYOKTWBbugcmZ/foU=
118,48,uWVYOubryvO2S2+JaoTbQcAJvgg=,LUrWIftq7nxYOKTWBbugcmZ/foU=
113,52,uWVYOubryvO2S2+JaoTbQcAJvgg=,LUrWIftq7nxYOKTWBbugcmZ/foU=
114,52,uWVYOubryvO2S2+JaoTbQcAJvgg=,LUrWIftq7nxYOKTWBbugcmZ/foU=
115,52,uWVYOubryvO2S2+JaoTbQcAJvgg=,LUrWIftq7nxYOKTWBbugcmZ/foU=
116,52,uWVYOubryvO2S2+JaoTbQcAJvgg=,LUrWIftq7nxYOKTWBbugcmZ/foU=
117,52,uWVYOubryvO2S2+JaoTbQcAJvgg=,LUrWIftq7nxYOKTWBbugcmZ/foU=
118,52,uWVYOubryvO2S2+JaoTbQcAJvgg=,LUrWIftq7nxYOKTWBbugcmZ/foU=
119,52,uWVYOubryvO2S2+JaoTbQcAJvgg=,LUrWIftq7nxYOKTWBbugcmZ/foU=
120,52,uWVYOubryvO2S2+JaoTbQcAJvgg=,LUrWIftq7nxYOKTWBbugcmZ/foU=
121,52,uWVYOubryvO2S2+JaoTbQcAJvgg=,LUrWIftq7nxYOKTWBbugcmZ/foU=
122,52,uWVYOubryvO2S2+JaoTbQcAJvgg=,LUrWIftq7nxYOKTWBbugcmZ/foU=
124,52,uWVYOubryvO2S2+JaoTbQcAJvgg=,LUrWIftq7nxYOKTWBbugcmZ/foU=
123,52,uWVYOubryvO2S2+JaoTbQcAJvgg=,LUrWIftq7nxYOKTWBbugcmZ/foU=
126,61,uWVYOubryvO2S2+JaoTbQcAJvgg=,LUrWIftq7nxYOKTWBbugcmZ/foU=
112,62,uWVYOubryvO2S2+JaoTbQcAJvgg=,LUrWIftq7nxYOKTWBbugcmZ/foU=
120,61,uWVYOubryvO2S2+JaoTbQcAJvgg=,LUrWIftq7nxYOKTWBbugcmZ/foU=
125,52,uWVYOubryvO2S2+JaoTbQcAJvgg=,LUrWIftq7nxYOKTWBbugcmZ/foU=
124,61,uWVYOubryvO2S2+JaoTbQcAJvgg=,LUrWIftq7nxYOKTWBbugcmZ/foU=
126,52,uWVYOubryvO2S2+JaoTbQcAJvgg=,LUrWIftq7nxYOKTWBbugcmZ/foU=
119,49,uWVYOubryvO2S2+JaoTbQcAJvgg=,LUrWIftq7nxYOKTWBbugcmZ/foU=
113,62,uWVYOubryvO2S2+JaoTbQcAJvgg=,LUrWIftq7nxYOKTWBbugcmZ/foU=
127,52,uWVYOubryvO2S2+JaoTbQcAJvgg=,LUrWIftq7nxYOKTWBbugcmZ/foU=
119,61,uWVYOubryvO2S2+JaoTbQcAJvgg=,LUrWIftq7nxYOKTWBbugcmZ/foU=
115,62,uWVYOubryvO2S2+JaoTbQcAJvgg=,LUrWIftq7nxYOKTWBbugcmZ/foU=
112,53,uWVYOubryvO2S2+JaoTbQcAJvgg=,LUrWIftq7nxYOKTWBbugcmZ/foU=
120,50,uWVYOubryvO2S2+JaoTbQcAJvgg=,LUrWIftq7nxYOKTWBbugcmZ/foU=
119,48,uWVYOubryvO2S2+JaoTbQcAJvgg=,LUrWIftq7nxYOKTWBbugcmZ/foU=
116,62,uWVYOubryvO2S2+JaoTbQcAJvgg=,LUrWIftq7nxYOKTWBbugcmZ/foU=
114,49,uWVYOubryvO2S2+JaoTbQcAJvgg=,LUrWIftq7nxYOKTWBbugcmZ/foU=
113,53,uWVYOubryvO2S2+JaoTbQcAJvgg=,LUrWIftq7nxYOKTWBbugcmZ/foU=
113,50,uWVYOubryvO2S2+JaoTbQcAJvgg=,LUrWIftq7nxYOKTWBbugcmZ/foU=
114,53,uWVYOubryvO2S2+JaoTbQcAJvgg=,LUrWIftq7nxYOKTWBbugcmZ/foU=
115,53,uWVYOubryvO2S2+JaoTbQcAJvgg=,LUrWIftq7nxYOKTWBbugcmZ/foU=
116,53,uWVYOubryvO2S2+JaoTbQcAJvgg=,LUrWIftq7nxYOKTWBbugcmZ/foU=
117,53,uWVYOubryvO2S2+JaoTbQcAJvgg=,LUrWIftq7nxYOKTWBbugcmZ/foU=
118,53,uWVYOubryvO2S2+JaoTbQcAJvgg=,LUrWIftq7nxYOKTWBbugcmZ/foU=
119,53,uWVYOubryvO2S2+JaoTbQcAJvgg=,LUrWIftq7nxYOKTWBbugcmZ/foU=
121,53,uWVYOubryvO2S2+JaoTbQcAJvgg=,LUrWIftq7nxYOKTWBbugcmZ/foU=
120,53,uWVYOubryvO2S2+JaoTbQcAJvgg=,LUrWIftq7nxYOKTWBbugcmZ/foU=
122,53,uWVYOubryvO2S2+JaoTbQcAJvgg=,LUrWIftq7nxYOKTWBbugcmZ/foU=
123,53,uWVYOubryvO2S2+JaoTbQcAJvgg=,LUrWIftq7nxYOKTWBbugcmZ/foU=
117,61,uWVYOubryvO2S2+JaoTbQcAJvgg=,LUrWIftq7nxYOKTWBbugcmZ/foU=
124,53,uWVYOubryvO2S2+JaoTbQcAJvgg=,LUrWIftq7nxYOKTWBbugcmZ/foU=
127,60,uWVYOubryvO2S2+JaoTbQcAJvgg=,LUrWIftq7nxYOKTWBbugcmZ/foU=
125,53,uWVYOubryvO2S2+JaoTbQcAJvgg=,LUrWIftq7nxYOKTWBbugcmZ/foU=
126,60,uWVYOubryvO2S2+JaoTbQcAJvgg=,LUrWIftq7nxYOKTWBbugcmZ/foU=
126,53,uWVYOubryvO2S2+JaoTbQcAJvgg=,LUrWIftq7nxYOKTWBbugcmZ/foU=
123,60,uWVYOubryvO2S2+JaoTbQcAJvgg=,LUrWIftq7nxYOKTWBbugcmZ/foU=
122,60,uWVYOubryvO2S2+JaoTbQcAJvgg=,LUrWIftq7nxYOKTWBbugcmZ/foU=
112,61,uWVYOubryvO2S2+JaoTbQcAJvgg=,LUrWIftq7nxYOKTWBbugcmZ/foU=
120,49,uWVYOubryvO2S2+JaoTbQcAJvgg=,LUrWIftq7nxYOKTWBbugcmZ/foU=
121,60,uWVYOubryvO2S2+JaoTbQcAJvgg=,LUrWIftq7nxYOKTWBbugcmZ/foU=
116,61,uWVYOubryvO2S2+JaoTbQcAJvgg=,LUrWIftq7nxYOKTWBbugcmZ/foU=
127,53,uWVYOubryvO2S2+JaoTbQcAJvgg=,LUrWIftq7nxYOKTWBbugcmZ/foU=
120,60,uWVYOubryvO2S2+JaoTbQcAJvgg=,LUrWIftq7nxYOKTWBbugcmZ/foU=
124,60,uWVYOubryvO2S2+JaoTbQcAJvgg=,LUrWIftq7nxYOKTWBbugcmZ/foU=
112,54,uWVYOubryvO2S2+JaoTbQcAJvgg=,LUrWIftq7nxYOKTWBbugcmZ/foU=
121,50,uWVYOubryvO2S2+JaoTbQcAJvgg=,LUrWIftq7nxYOKTWBbugcmZ/foU=
113,61,uWVYOubryvO2S2+JaoTbQcAJvgg=,LUrWIftq7nxYOKTWBbugcmZ/foU=
120,48,uWVYOubryvO2S2+JaoTbQcAJvgg=,LUrWIftq7nxYOKTWBbugcmZ/foU=
113,54,uWVYOubryvO2S2+JaoTbQcAJvgg=,LUrWIftq7nxYOKTWBbugcmZ/foU=
114,54,uWVYOubryvO2S2+JaoTbQcAJvgg=,LUrWIftq7nxYOKTWBbugcmZ/foU=
115,54,uWVYOubryvO2S2+JaoTbQcAJvgg=,LUrWIftq7nxYOKTWBbugcmZ/foU=
116,54,uWVYOubryvO2S2+JaoTbQcAJvgg=,LUrWIftq7nxYOKTWBbugcmZ/foU=
117,54,uWVYOubryvO2S2+JaoTbQcAJvgg=,LUrWIftq7nxYOKTWBbugcmZ/foU=
118,54,uWVYOubryvO2S2+JaoTbQcAJvgg=,LUrWIftq7nxYOKTWBbugcmZ/foU=
119,54,uWVYOubryvO2S2+JaoTbQcAJvgg=,LUrWIftq7nxYOKTWBbugcmZ/foU=
120,54,uWVYOubryvO2S2+JaoTbQcAJvgg=,LUrWIftq7nxYOKTWBbugcmZ/foU=
121,54,uWVYOubryvO2S2+JaoTbQcAJvgg=,LUrWIftq7nxYOKTWBbugcmZ/foU=
122,54,uWVYOubryvO2S2+JaoTbQcAJvgg=,LUrWIftq7nxYOKTWBbugcmZ/foU=
123,54,uWVYOubryvO2S2+JaoTbQcAJvgg=,LUrWIftq7nxYOKTWBbugcmZ/foU=
124,54,uWVYOubryvO2S2+JaoTbQcAJvgg=,LUrWIftq7nxYOKTWBbugcmZ/foU=
115,61,uWVYOubryvO2S2+JaoTbQcAJvgg=,LUrWIftq7nxYOKTWBbugcmZ/foU=
125,54,uWVYOubryvO2S2+JaoTbQcAJvgg=,LUrWIftq7nxYOKTWBbugcmZ/foU=
125,60,uWVYOubryvO2S2+JaoTbQcAJvgg=,LUrWIftq7nxYOKTWBbugcmZ/foU=
114,61,uWVYOubryvO2S2+JaoTbQcAJvgg=,LUrWIftq7nxYOKTWBbugcmZ/foU=
126,54,uWVYOubryvO2S2+JaoTbQcAJvgg=,LUrWIftq7nxYOKTWBbugcmZ/foU=
121,49,uWVYOubryvO2S2+JaoTbQcAJvgg=,LUrWIftq7nxYOKTWBbugcmZ/foU=
114,62,uWVYOubryvO2S2+JaoTbQcAJvgg=,LUrWIftq7nxYOKTWBbugcmZ/foU=
113,49,uWVYOubryvO2S2+JaoTbQcAJvgg=,LUrWIftq7nxYOKTWBbugcmZ/foU=
112,49,uWVYOubryvO2S2+JaoTbQcAJvgg=,LUrWIftq7nxYOKTWBbugcmZ/foU=
114,48,uWVYOubryvO2S2+JaoTbQcAJvgg=,LUrWIftq7nxYOKTWBbugcmZ/foU=
112,51,uWVYOubryvO2S2+JaoTbQcAJvgg=,LUrWIftq7nxYOKTWBbugcmZ/foU=
127,48,uWVYOubryvO2S2+JaoTbQcAJvgg=,LUrWIftq7nxYOKTWBbugcmZ/foU=
112,48,uWVYOubryvO2S2+JaoTbQcAJvgg=,LUrWIftq7nxYOKTWBbugcmZ/foU=
112,50,uWVYOubryvO2S2+JaoTbQcAJvgg=,LUrWIftq7nxYOKTWBbugcmZ/foU=
127,54,uWVYOubryvO2S2+JaoTbQcAJvgg=,LUrWIftq7nxYOKTWBbugcmZ/foU=
118,61,uWVYOubryvO2S2+JaoTbQcAJvgg=,LUrWIftq7nxYOKTWBbugcmZ/foU=
127,50,uWVYOubryvO2S2+JaoTbQcAJvgg=,LUrWIftq7nxYOKTWBbugcmZ/foU=
122,50,uWVYOubryvO2S2+JaoTbQcAJvgg=,LUrWIftq7nxYOKTWBbugcmZ/foU=
121,48,uWVYOubryvO2S2+JaoTbQcAJvgg=,LUrWIftq7nxYOKTWBbugcmZ/foU=
119,60,uWVYOubryvO2S2+JaoTbQcAJvgg=,LUrWIftq7nxYOKTWBbugcmZ/foU=
117,60,uWVYOubryvO2S2+JaoTbQcAJvgg=,LUrWIftq7nxYOKTWBbugcmZ/foU=
126,48,uWVYOubryvO2S2+JaoTbQcAJvgg=,LUrWIftq7nxYOKTWBbugcmZ/foU=
112,55,uWVYOubryvO2S2+JaoTbQcAJvgg=,LUrWIftq7nxYOKTWBbugcmZ/foU=
127,49,uWVYOubryvO2S2+JaoTbQcAJvgg=,LUrWIftq7nxYOKTWBbugcmZ/foU=
126,49,uWVYOubryvO2S2+JaoTbQcAJvgg=,LUrWIftq7nxYOKTWBbugcmZ/foU=
116,60,uWVYOubryvO2S2+JaoTbQcAJvgg=,LUrWIftq7nxYOKTWBbugcmZ/foU=
123,59,uWVYOubryvO2S2+JaoTbQcAJvgg=,LUrWIftq7nxYOKTWBbugcmZ/foU=
124,59,uWVYOubryvO2S2+JaoTbQcAJvgg=,LUrWIftq7nxYOKTWBbugcmZ/foU=
121,59,uWVYOubryvO2S2+JaoTbQcAJvgg=,LUrWIftq7nxYOKTWBbugcmZ/foU=
122,59,uWVYOubryvO2S2+JaoTbQcAJvgg=,LUrWIftq7nxYOKTWBbugcmZ/foU=
118,60,uWVYOubryvO2S2+JaoTbQcAJvgg=,LUrWIftq7nxYOKTWBbugcmZ/foU=
115,60,uWVYOubryvO2S2+JaoTbQcAJvgg=,LUrWIftq7nxYOKTWBbugcmZ/foU=
120,59,uWVYOubryvO2S2+JaoTbQcAJvgg=,LUrWIftq7nxYOKTWBbugcmZ/foU=
127,59,uWVYOubryvO2S2+JaoTbQcAJvgg=,LUrWIftq7nxYOKTWBbugcmZ/foU=
112,60,uWVYOubryvO2S2+JaoTbQcAJvgg=,LUrWIftq7nxYOKTWBbugcmZ/foU=
113,55,uWVYOubryvO2S2+JaoTbQcAJvgg=,LUrWIftq7nxYOKTWBbugcmZ/foU=
114,60,uWVYOubryvO2S2+JaoTbQcAJvgg=,LUrWIftq7nxYOKTWBbugcmZ/foU=
126,59,uWVYOubryvO2S2+JaoTbQcAJvgg=,LUrWIftq7nxYOKTWBbugcmZ/foU=
114,55,uWVYOubryvO2S2+JaoTbQcAJvgg=,LUrWIftq7nxYOKTWBbugcmZ/foU=
116,55,uWVYOubryvO2S2+JaoTbQcAJvgg=,LUrWIftq7nxYOKTWBbugcmZ/foU=
115,55,uWVYOubryvO2S2+JaoTbQcAJvgg=,LUrWIftq7nxYOKTWBbugcmZ/foU=
117,55,uWVYOubryvO2S2+JaoTbQcAJvgg=,LUrWIftq7nxYOKTWBbugcmZ/foU=
118,55,uWVYOubryvO2S2+JaoTbQcAJvgg=,LUrWIftq7nxYOKTWBbugcmZ/foU=
119,55,uWVYOubryvO2S2+JaoTbQcAJvgg=,LUrWIftq7nxYOKTWBbugcmZ/foU=
120,55,uWVYOubryvO2S2+JaoTbQcAJvgg=,LUrWIftq7nxYOKTWBbugcmZ/foU=
121,55,uWVYOubryvO2S2+JaoTbQcAJvgg=,LUrWIftq7nxYOKTWBbugcmZ/foU=
122,55,uWVYOubryvO2S2+JaoTbQcAJvgg=,LUrWIftq7nxYOKTWBbugcmZ/foU=
125,59,uWVYOubryvO2S2+JaoTbQcAJvgg=,LUrWIftq7nxYOKTWBbugcmZ/foU=
126,50,uWVYOubryvO2S2+JaoTbQcAJvgg=,LUrWIftq7nxYOKTWBbugcmZ/foU=
125,48,uWVYOubryvO2S2+JaoTbQcAJvgg=,LUrWIftq7nxYOKTWBbugcmZ/foU=
123,55,uWVYOubryvO2S2+JaoTbQcAJvgg=,LUrWIftq7nxYOKTWBbugcmZ/foU=
124,55,uWVYOubryvO2S2+JaoTbQcAJvgg=,LUrWIftq7nxYOKTWBbugcmZ/foU=
125,55,uWVYOubryvO2S2+JaoTbQcAJvgg=,LUrWIftq7nxYOKTWBbugcmZ/foU=
127,58,uWVYOubryvO2S2+JaoTbQcAJvgg=,LUrWIftq7nxYOKTWBbugcmZ/foU=
125,49,uWVYOubryvO2S2+JaoTbQcAJvgg=,LUrWIftq7nxYOKTWBbugcmZ/foU=
126,55,uWVYOubryvO2S2+JaoTbQcAJvgg=,LUrWIftq7nxYOKTWBbugcmZ/foU=
122,49,uWVYOubryvO2S2+JaoTbQcAJvgg=,LUrWIftq7nxYOKTWBbugcmZ/foU=
119,59,uWVYOubryvO2S2+JaoTbQcAJvgg=,LUrWIftq7nxYOKTWBbugcmZ/foU=
113,60,uWVYOubryvO2S2+JaoTbQcAJvgg=,LUrWIftq7nxYOKTWBbugcmZ/foU=
127,55,uWVYOubryvO2S2+JaoTbQcAJvgg=,LUrWIftq7nxYOKTWBbugcmZ/foU=
124,58,uWVYOubryvO2S2+JaoTbQcAJvgg=,LUrWIftq7nxYOKTWBbugcmZ/foU=
117,59,uWVYOubryvO2S2+JaoTbQcAJvgg=,LUrWIftq7nxYOKTWBbugcmZ/foU=
118,59,uWVYOubryvO2S2+JaoTbQcAJvgg=,LUrWIftq7nxYOKTWBbugcmZ/foU=
123,58,uWVYOubryvO2S2+JaoTbQcAJvgg=,LUrWIftq7nxYOKTWBbugcmZ/foU=
120,58,uWVYOubryvO2S2+JaoTbQcAJvgg=,LUrWIftq7nxYOKTWBbugcmZ/foU=
112,59,uWVYOubryvO2S2+JaoTbQcAJvgg=,LUrWIftq7nxYOKTWBbugcmZ/foU=
121,58,uWVYOubryvO2S2+JaoTbQcAJvgg=,LUrWIftq7nxYOKTWBbugcmZ/foU=
114,59,uWVYOubryvO2S2+JaoTbQcAJvgg=,LUrWIftq7nxYOKTWBbugcmZ/foU=
122,58,uWVYOubryvO2S2+JaoTbQcAJvgg=,LUrWIftq7nxYOKTWBbugcmZ/foU=
126,58,uWVYOubryvO2S2+JaoTbQcAJvgg=,LUrWIftq7nxYOKTWBbugcmZ/foU=
118,58,uWVYOubryvO2S2+JaoTbQcAJvgg=,LUrWIftq7nxYOKTWBbugcmZ/foU=
123,50,uWVYOubryvO2S2+JaoTbQcAJvgg=,LUrWIftq7nxYOKTWBbugcmZ/foU=
125,58,uWVYOubryvO2S2+JaoTbQcAJvgg=,LUrWIftq7nxYOKTWBbugcmZ/foU=
119,58,uWVYOubryvO2S2+JaoTbQcAJvgg=,LUrWIftq7nxYOKTWBbugcmZ/foU=
124,48,uWVYOubryvO2S2+JaoTbQcAJvgg=,LUrWIftq7nxYOKTWBbugcmZ/foU=
116,58,uWVYOubryvO2S2+JaoTbQcAJvgg=,LUrWIftq7nxYOKTWBbugcmZ/foU=
125,50,uWVYOubryvO2S2+JaoTbQcAJvgg=,LUrWIftq7nxYOKTWBbugcmZ/foU=
117,58,uWVYOubryvO2S2+JaoTbQcAJvgg=,LUrWIftq7nxYOKTWBbugcmZ/foU=
113,59,uWVYOubryvO2S2+JaoTbQcAJvgg=,LUrWIftq7nxYOKTWBbugcmZ/foU=
126,57,uWVYOubryvO2S2+JaoTbQcAJvgg=,LUrWIftq7nxYOKTWBbugcmZ/foU=
114,58,uWVYOubryvO2S2+JaoTbQcAJvgg=,LUrWIftq7nxYOKTWBbugcmZ/foU=
127,57,uWVYOubryvO2S2+JaoTbQcAJvgg=,LUrWIftq7nxYOKTWBbugcmZ/foU=
124,57,uWVYOubryvO2S2+JaoTbQcAJvgg=,LUrWIftq7nxYOKTWBbugcmZ/foU=
121,57,uWVYOubryvO2S2+JaoTbQcAJvgg=,LUrWIftq7nxYOKTWBbugcmZ/foU=
120,57,uWVYOubryvO2S2+JaoTbQcAJvgg=,LUrWIftq7nxYOKTWBbugcmZ/foU=
123,57,uWVYOubryvO2S2+JaoTbQcAJvgg=,LUrWIftq7nxYOKTWBbugcmZ/foU=
118,57,uWVYOubryvO2S2+JaoTbQcAJvgg=,LUrWIftq7nxYOKTWBbugcmZ/foU=
125,57,uWVYOubryvO2S2+JaoTbQcAJvgg=,LUrWIftq7nxYOKTWBbugcmZ/foU=
124,49,uWVYOubryvO2S2+JaoTbQcAJvgg=,LUrWIftq7nxYOKTWBbugcmZ/foU=
122,57,uWVYOubryvO2S2+JaoTbQcAJvgg=,LUrWIftq7nxYOKTWBbugcmZ/foU=
119,57,uWVYOubryvO2S2+JaoTbQcAJvgg=,LUrWIftq7nxYOKTWBbugcmZ/foU=
124,50,uWVYOubryvO2S2+JaoTbQcAJvgg=,LUrWIftq7nxYOKTWBbugcmZ/foU=
117,57,uWVYOubryvO2S2+JaoTbQcAJvgg=,LUrWIftq7nxYOKTWBbugcmZ/foU=
127,56,uWVYOubryvO2S2+JaoTbQcAJvgg=,LUrWIftq7nxYOKTWBbugcmZ/foU=
113,58,uWVYOubryvO2S2+JaoTbQcAJvgg=,LUrWIftq7nxYOKTWBbugcmZ/foU=
122,56,uWVYOubryvO2S2+JaoTbQcAJvgg=,LUrWIftq7nxYOKTWBbugcmZ/foU=
121,56,uWVYOubryvO2S2+JaoTbQcAJvgg=,LUrWIftq7nxYOKTWBbugcmZ/foU=
120,56,uWVYOubryvO2S2+JaoTbQcAJvgg=,LUrWIftq7nxYOKTWBbugcmZ/foU=
119,56,uWVYOubryvO2S2+JaoTbQcAJvgg=,LUrWIftq7nxYOKTWBbugcmZ/foU=
118,56,uWVYOubryvO2S2+JaoTbQcAJvgg=,LUrWIftq7nxYOKTWBbugcmZ/foU=
117,56,uWVYOubryvO2S2+JaoTbQcAJvgg=,LUrWIftq7nxYOKTWBbugcmZ/foU=
116,56,uWVYOubryvO2S2+JaoTbQcAJvgg=,LUrWIftq7nxYOKTWBbugcmZ/foU=
126,56,uWVYOubryvO2S2+JaoTbQcAJvgg=,LUrWIftq7nxYOKTWBbugcmZ/foU=
123,48,uWVYOubryvO2S2+JaoTbQcAJvgg=,LUrWIftq7nxYOKTWBbugcmZ/foU=
123,49,uWVYOubryvO2S2+JaoTbQcAJvgg=,LUrWIftq7nxYOKTWBbugcmZ/foU=
116,59,uWVYOubryvO2S2+JaoTbQcAJvgg=,LUrWIftq7nxYOKTWBbugcmZ/foU=
125,56,uWVYOubryvO2S2+JaoTbQcAJvgg=,LUrWIftq7nxYOKTWBbugcmZ/foU=
124,56,uWVYOubryvO2S2+JaoTbQcAJvgg=,LUrWIftq7nxYOKTWBbugcmZ/foU=
115,59,uWVYOubryvO2S2+JaoTbQcAJvgg=,LUrWIftq7nxYOKTWBbugcmZ/foU=
123,56,uWVYOubryvO2S2+JaoTbQcAJvgg=,LUrWIftq7nxYOKTWBbugcmZ/foU=
122,48,uWVYOubryvO2S2+JaoTbQcAJvgg=,LUrWIftq7nxYOKTWBbugcmZ/foU=
116,57,uWVYOubryvO2S2+JaoTbQcAJvgg=,LUrWIftq7nxYOKTWBbugcmZ/foU=
113,56,uWVYOubryvO2S2+JaoTbQcAJvgg=,LUrWIftq7nxYOKTWBbugcmZ/foU=
115,56,uWVYOubryvO2S2+JaoTbQcAJvgg=,LUrWIftq7nxYOKTWBbugcmZ/foU=
112,57,uWVYOubryvO2S2+JaoTbQcAJvgg=,LUrWIftq7nxYOKTWBbugcmZ/foU=
115,58,uWVYOubryvO2S2+JaoTbQcAJvgg=,LUrWIftq7nxYOKTWBbugcmZ/foU=
112,56,uWVYOubryvO2S2+JaoTbQcAJvgg=,LUrWIftq7nxYOKTWBbugcmZ/foU=
112,58,uWVYOubryvO2S2+JaoTbQcAJvgg=,LUrWIftq7nxYOKTWBbugcmZ/foU=
113,57,uWVYOubryvO2S2+JaoTbQcAJvgg=,LUrWIftq7nxYOKTWBbugcmZ/foU=
115,57,uWVYOubryvO2S2+JaoTbQcAJvgg=,LUrWIftq7nxYOKTWBbugcmZ/foU=
114,56,uWVYOubryvO2S2+JaoTbQcAJvgg=,LUrWIftq7nxYOKTWBbugcmZ/foU=
114,57,uWVYOubryvO2S2+JaoTbQcAJvgg=,LUrWIftq7nxYOKTWBbugcmZ/foU=
119,35,48UaxV5jQ8G6FT1bQAz9xaS/fNI=,Z2tBkjCTxD9tJt5OnTeCAhMW3D0=
118,35,SyXxp8/HJ4oMhPmE4x6SvjWSg6Y=,Z2tBkjCTxD9tJt5OnTeCAhMW3D0=
117,32,ZNEEZXaThdyFvrTHo7Ltt4vVbXg=,Z2tBkjCTxD9tJt5OnTeCAhMW3D0=
117,34,hxaQwzMHDTybekoN1TMRhoNNi5I=,Z2tBkjCTxD9tJt5OnTeCAhMW3D0=
118,34,hxaQwzMHDTybekoN1TMRhoNNi5I=,Z2tBkjCTxD9tJt5OnTeCAhMW3D0=
115,32,hxaQwzMHDTybekoN1TMRhoNNi5I=,Z2tBkjCTxD9tJt5OnTeCAhMW3D0=
117,35,hxaQwzMHDTybekoN1TMRhoNNi5I=,Z2tBkjCTxD9tJt5OnTeCAhMW3D0=
116,35,hxaQwzMHDTybekoN1TMRhoNNi5I=,Z2tBkjCTxD9tJt5OnTeCAhMW3D0=
115,35,hxaQwzMHDTybekoN1TMRhoNNi5I=,Z2tBkjCTxD9tJt5OnTeCAhMW3D0=
116,33,hxaQwzMHDTybekoN1TMRhoNNi5I=,Z2tBkjCTxD9tJt5OnTeCAhMW3D0=
113,32,hxaQwzMHDTybekoN1TMRhoNNi5I=,Z2tBkjCTxD9tJt5OnTeCAhMW3D0=
117,33,hxaQwzMHDTybekoN1TMRhoNNi5I=,Z2tBkjCTxD9tJt5OnTeCAhMW3D0=
114,35,hxaQwzMHDTybekoN1TMRhoNNi5I=,Z2tBkjCTxD9tJt5OnTeCAhMW3D0=
116,34,hxaQwzMHDTybekoN1TMRhoNNi5I=,Z2tBkjCTxD9tJt5OnTeCAhMW3D0=
127,47,hxaQwzMHDTybekoN1TMRhoNNi5I=,Z2tBkjCTxD9tJt5OnTeCAhMW3D0=
126,47,hxaQwzMHDTybekoN1TMRhoNNi5I=,Z2tBkjCTxD9tJt5OnTeCAhMW3D0=
122,47,hxaQwzMHDTybekoN1TMRhoNNi5I=,Z2tBkjCTxD9tJt5OnTeCAhMW3D0=
115,47,hxaQwzMHDTybekoN1TMRhoNNi5I=,Z2tBkjCTxD9tJt5OnTeCAhMW3D0=
114,47,hxaQwzMHDTybekoN1TMRhoNNi5I=,Z2tBkjCTxD9tJt5OnTeCAhMW3D0=
113,35,hxaQwzMHDTybekoN1TMRhoNNi5I=,Z2tBkjCTxD9tJt5OnTeCAhMW3D0=
120,47,hxaQwzMHDTybekoN1TMRhoNNi5I=,Z2tBkjCTxD9tJt5OnTeCAhMW3D0=
116,32,hxaQwzMHDTybekoN1TMRhoNNi5I=,Z2tBkjCTxD9tJt5OnTeCAhMW3D0=
127,46,hxaQwzMHDTybekoN1TMRhoNNi5I=,Z2tBkjCTxD9tJt5OnTeCAhMW3D0=
123,46,hxaQwzMHDTybekoN1TMRhoNNi5I=,Z2tBkjCTxD9tJt5OnTeCAhMW3D0=
122,46,hxaQwzMHDTybekoN1TMRhoNNi5I=,Z2tBkjCTxD9tJt5OnTeCAhMW3D0=
121,46,hxaQwzMHDTybekoN1TMRhoNNi5I=,Z2tBkjCTxD9tJt5OnTeCAhMW3D0=
120,46,hxaQwzMHDTybekoN1TMRhoNNi5I=,Z2tBkjCTxD9tJt5OnTeCAhMW3D0=
119,46,hxaQwzMHDTybekoN1TMRhoNNi5I=,Z2tBkjCTxD9tJt5OnTeCAhMW3D0=
115,34,hxaQwzMHDTybekoN1TMRhoNNi5I=,Z2tBkjCTxD9tJt5OnTeCAhMW3D0=
118,46,hxaQwzMHDTybekoN1TMRhoNNi5I=,Z2tBkjCTxD9tJt5OnTeCAhMW3D0=
117,46,hxaQwzMHDTybekoN1TMRhoNNi5I=,Z2tBkjCTxD9tJt5OnTeCAhMW3D0=
116,46,hxaQwzMHDTybekoN1TMRhoNNi5I=,Z2tBkjCTxD9tJt5OnTeCAhMW3D0=
115,46,hxaQwzMHDTybekoN1TMRhoNNi5I=,Z2tBkjCTxD9tJt5OnTeCAhMW3D0=
114,46,hxaQwzMHDTybekoN1TMRhoNNi5I=,Z2tBkjCTxD9tJt5OnTeCAhMW3D0=
113,46,hxaQwzMHDTybekoN1TMRhoNNi5I=,Z2tBkjCTxD9tJt5OnTeCAhMW3D0=
115,33,hxaQwzMHDTybekoN1TMRhoNNi5I=,Z2tBkjCTxD9tJt5OnTeCAhMW3D0=
127,45,hxaQwzMHDTybekoN1TMRhoNNi5I=,Z2tBkjCTxD9tJt5OnTeCAhMW3D0=
114,34,hxaQwzMHDTybekoN1TMRhoNNi5I=,Z2tBkjCTxD9tJt5OnTeCAhMW3D0=
112,36,hxaQwzMHDTybekoN1TMRhoNNi5I=,Z2tBkjCTxD9tJt5OnTeCAhMW3D0=
112,37,hxaQwzMHDTybekoN1TMRhoNNi5I=,Z2tBkjCTxD9tJt5OnTeCAhMW3D0=
112,38,hxaQwzMHDTybekoN1TMRhoNNi5I=,Z2tBkjCTxD9tJt5OnTeCAhMW3D0=
112,34,hxaQwzMHDTybekoN1TMRhoNNi5I=,Z2tBkjCTxD9tJt5OnTeCAhMW3D0=
112,32,hxaQwzMHDTybekoN1TMRhoNNi5I=,Z2tBkjCTxD9tJt5OnTeCAhMW3D0=
112,35,hxaQwzMHDTybekoN1TMRhoNNi5I=,Z2tBkjCTxD9tJt5OnTeCAhMW3D0=
112,33,hxaQwzMHDTybekoN1TMRhoNNi5I=,Z2tBkjCTxD9tJt5OnTeCAhMW3D0=
112,44,hxaQwzMHDTybekoN1TMRhoNNi5I=,Z2tBkjCTxD9tJt5OnTeCAhMW3D0=
112,45,hxaQwzMHDTybekoN1TMRhoNNi5I=,Z2tBkjCTxD9tJt5OnTeCAhMW3D0=
112,46,hxaQwzMHDTybekoN1TMRhoNNi5I=,Z2tBkjCTxD9tJt5OnTeCAhMW3D0=
112,47,hxaQwzMHDTybekoN1TMRhoNNi5I=,Z2tBkjCTxD9tJt5OnTeCAhMW3D0=
126,46,hxaQwzMHDTybekoN1TMRhoNNi5I=,Z2tBkjCTxD9tJt5OnTeCAhMW3D0=
121,47,hxaQwzMHDTybekoN1TMRhoNNi5I=,Z2tBkjCTxD9tJt5OnTeCAhMW3D0=
125,47,hxaQwzMHDTybekoN1TMRhoNNi5I=,Z2tBkjCTxD9tJt5OnTeCAhMW3D0=
122,45,hxaQwzMHDTybekoN1TMRhoNNi5I=,Z2tBkjCTxD9tJt5OnTeCAhMW3D0=
120,45,hxaQwzMHDTybekoN1TMRhoNNi5I=,Z2tBkjCTxD9tJt5OnTeCAhMW3D0=
121,45,hxaQwzMHDTybekoN1TMRhoNNi5I=,Z2tBkjCTxD9tJt5OnTeCAhMW3D0=
119,47,hxaQwzMHDTybekoN1TMRhoNNi5I=,Z2tBkjCTxD9tJt5OnTeCAhMW3D0=
126,45,hxaQwzMHDTybekoN1TMRhoNNi5I=,Z2tBkjCTxD9tJt5OnTeCAhMW3D0=
123,45,hxaQwzMHDTybekoN1TMRhoNNi5I=,Z2tBkjCTxD9tJt5OnTeCAhMW3D0=
119,45,hxaQwzMHDTybekoN1TMRhoNNi5I=,Z2tBkjCTxD9tJt5OnTeCAhMW3D0=
118,45,hxaQwzMHDTybekoN1TMRhoNNi5I=,Z2tBkjCTxD9tJt5OnTeCAhMW3D0=
117,45,hxaQwzMHDTybekoN1TMRhoNNi5I=,Z2tBkjCTxD9tJt5OnTeCAhMW3D0=
116,45,hxaQwzMHDTybekoN1TMRhoNNi5I=,Z2tBkjCTxD9tJt5OnTeCAhMW3D0=
115,45,hxaQwzMHDTybekoN1TMRhoNNi5I=,Z2tBkjCTxD9tJt5OnTeCAhMW3D0=
114,45,hxaQwzMHDTybekoN1TMRhoNNi5I=,Z2tBkjCTxD9tJt5OnTeCAhMW3D0=
113,45,hxaQwzMHDTybekoN1TMRhoNNi5I=,Z2tBkjCTxD9tJt5OnTeCAhMW3D0=
127,44,hxaQwzMHDTybekoN1TMRhoNNi5I=,Z2tBkjCTxD9tJt5OnTeCAhMW3D0=
114,33,hxaQwzMHDTybekoN1TMRhoNNi5I=,Z2tBkjCTxD9tJt5OnTeCAhMW3D0=
113,34,hxaQwzMHDTybekoN1TMRhoNNi5I=,Z2tBkjCTxD9tJt5OnTeCAhMW3D0=
125,46,hxaQwzMHDTybekoN1TMRhoNNi5I=,Z2tBkjCTxD9tJt5OnTeCAhMW3D0=
124,46,hxaQwzMHDTybekoN1TMRhoNNi5I=,Z2tBkjCTxD9tJt5OnTeCAhMW3D0=
117,47,hxaQwzMHDTybekoN1TMRhoNNi5I=,Z2tBkjCTxD9tJt5OnTeCAhMW3D0=
118,47,hxaQwzMHDTybekoN1TMRhoNNi5I=,Z2tBkjCTxD9tJt5OnTeCAhMW3D0=
112,39,hxaQwzMHDTybekoN1TMRhoNNi5I=,Z2tBkjCTxD9tJt5OnTeCAhMW3D0=
123,47,hxaQwzMHDTybekoN1TMRhoNNi5I=,Z2tBkjCTxD9tJt5OnTeCAhMW3D0=
113,47,hxaQwzMHDTybekoN1TMRhoNNi5I=,Z2tBkjCTxD9tJt5OnTeCAhMW3D0=
116,47,hxaQwzMHDTybekoN1TMRhoNNi5I=,Z2tBkjCTxD9tJt5OnTeCAhMW3D0=
112,40,hxaQwzMHDTybekoN1TMRhoNNi5I=,Z2tBkjCTxD9tJt5OnTeCAhMW3D0=
121,44,hxaQwzMHDTybekoN1TMRhoNNi5I=,Z2tBkjCTxD9tJt5OnTeCAhMW3D0=
119,44,hxaQwzMHDTybekoN1TMRhoNNi5I=,Z2tBkjCTxD9tJt5OnTeCAhMW3D0=
126,44,hxaQwzMHDTybekoN1TMRhoNNi5I=,Z2tBkjCTxD9tJt5OnTeCAhMW3D0=
124,45,hxaQwzMHDTybekoN1TMRhoNNi5I=,Z2tBkjCTxD9tJt5OnTeCAhMW3D0=
122,44,hxaQwzMHDTybekoN1TMRhoNNi5I=,Z2tBkjCTxD9tJt5OnTeCAhMW3D0=
117,44,hxaQwzMHDTybekoN1TMRhoNNi5I=,Z2tBkjCTxD9tJt5OnTeCAhMW3D0=
116,44,hxaQwzMHDTybekoN1TMRhoNNi5I=,Z2tBkjCTxD9tJt5OnTeCAhMW3D0=
115,44,hxaQwzMHDTybekoN1TMRhoNNi5I=,Z2tBkjCTxD9tJt5OnTeCAhMW3D0=
114,44,hxaQwzMHDTybekoN1TMRhoNNi5I=,Z2tBkjCTxD9tJt5OnTeCAhMW3D0=
113,44,hxaQwzMHDTybekoN1TMRhoNNi5I=,Z2tBkjCTxD9tJt5OnTeCAhMW3D0=
113,33,hxaQwzMHDTybekoN1TMRhoNNi5I=,Z2tBkjCTxD9tJt5OnTeCAhMW3D0=
127,32,hxaQwzMHDTybekoN1TMRhoNNi5I=,Z2tBkjCTxD9tJt5OnTeCAhMW3D0=
114,32,hxaQwzMHDTybekoN1TMRhoNNi5I=,Z2tBkjCTxD9tJt5OnTeCAhMW3D0=
127,34,hxaQwzMHDTybekoN1TMRhoNNi5I=,Z2tBkjCTxD9tJt5OnTeCAhMW3D0=
126,32,hxaQwzMHDTybekoN1TMRhoNNi5I=,Z2tBkjCTxD9tJt5OnTeCAhMW3D0=
127,33,hxaQwzMHDTybekoN1TMRhoNNi5I=,Z2tBkjCTxD9tJt5OnTeCAhMW3D0=
127,43,hxaQwzMHDTybekoN1TMRhoNNi5I=,Z2tBkjCTxD9tJt5OnTeCAhMW3D0=
126,33,hxaQwzMHDTybekoN1TMRhoNNi5I=,Z2tBkjCTxD9tJt5OnTeCAhMW3D0=
112,43,hxaQwzMHDTybekoN1TMRhoNNi5I=,Z2tBkjCTxD9tJt5OnTeCAhMW3D0=
120,44,hxaQwzMHDTybekoN1TMRhoNNi5I=,Z2tBkjCTxD9tJt5OnTeCAhMW3D0=
118,44,hxaQwzMHDTybekoN1TMRhoNNi5I=,Z2tBkjCTxD9tJt5OnTeCAhMW3D0=
123,44,hxaQwzMHDTybekoN1TMRhoNNi5I=,Z2tBkjCTxD9tJt5OnTeCAhMW3D0=
112,41,hxaQwzMHDTybekoN1TMRhoNNi5I=,Z2tBkjCTxD9tJt5OnTeCAhMW3D0=
124,44,hxaQwzMHDTybekoN1TMRhoNNi5I=,Z2tBkjCTxD9tJt5OnTeCAhMW3D0=
124,43,hxaQwzMHDTybekoN1TMRhoNNi5I=,Z2tBkjCTxD9tJt5OnTeCAhMW3D0=
123,43,hxaQwzMHDTybekoN1TMRhoNNi5I=,Z2tBkjCTxD9tJt5OnTeCAhMW3D0=
118,43,hxaQwzMHDTybekoN1TMRhoNNi5I=,Z2tBkjCTxD9tJt5OnTeCAhMW3D0=
117,43,hxaQwzMHDTybekoN1TMRhoNNi5I=,Z2tBkjCTxD9tJt5OnTeCAhMW3D0=
122,43,hxaQwzMHDTybekoN1TMRhoNNi5I=,Z2tBkjCTxD9tJt5OnTeCAhMW3D0=
120,43,hxaQwzMHDTybekoN1TMRhoNNi5I=,Z2tBkjCTxD9tJt5OnTeCAhMW3D0=
125,43,hxaQwzMHDTybekoN1TMRhoNNi5I=,Z2tBkjCTxD9tJt5OnTeCAhMW3D0=
124,47,hxaQwzMHDTybekoN1TMRhoNNi5I=,Z2tBkjCTxD9tJt5OnTeCAhMW3D0=
125,45,hxaQwzMHDTybekoN1TMRhoNNi5I=,Z2tBkjCTxD9tJt5OnTeCAhMW3D0=
125,32,hxaQwzMHDTybekoN1TMRhoNNi5I=,Z2tBkjCTxD9tJt5OnTeCAhMW3D0=
126,34,hxaQwzMHDTybekoN1TMRhoNNi5I=,Z2tBkjCTxD9tJt5OnTeCAhMW3D0=
125,33,hxaQwzMHDTybekoN1TMRhoNNi5I=,Z2tBkjCTxD9tJt5OnTeCAhMW3D0=
121,43,hxaQwzMHDTybekoN1TMRhoNNi5I=,Z2tBkjCTxD9tJt5OnTeCAhMW3D0=
125,42,hxaQwzMHDTybekoN1TMRhoNNi5I=,Z2tBkjCTxD9tJt5OnTeCAhMW3D0=
126,43,hxaQwzMHDTybekoN1TMRhoNNi5I=,Z2tBkjCTxD9tJt5OnTeCAhMW3D0=
123,42,hxaQwzMHDTybekoN1TMRhoNNi5I=,Z2tBkjCTxD9tJt5OnTeCAhMW3D0=
126,42,hxaQwzMHDTybekoN1TMRhoNNi5I=,Z2tBkjCTxD9tJt5OnTeCAhMW3D0=
119,43,hxaQwzMHDTybekoN1TMRhoNNi5I=,Z2tBkjCTxD9tJt5OnTeCAhMW3D0=
115,43,hxaQwzMHDTybekoN1TMRhoNNi5I=,Z2tBkjCTxD9tJt5OnTeCAhMW3D0=
122,42,hxaQwzMHDTybekoN1TMRhoNNi5I=,Z2tBkjCTxD9tJt5OnTeCAhMW3D0=
113,43,hxaQwzMHDTybekoN1TMRhoNNi5I=,Z2tBkjCTxD9tJt5OnTeCAhMW3D0=
121,42,hxaQwzMHDTybekoN1TMRhoNNi5I=,Z2tBkjCTxD9tJt5OnTeCAhMW3D0=
125,44,hxaQwzMHDTybekoN1TMRhoNNi5I=,Z2tBkjCTxD9tJt5OnTeCAhMW3D0=
116,42,hxaQwzMHDTybekoN1TMRhoNNi5I=,Z2tBkjCTxD9tJt5OnTeCAhMW3D0=
116,43,hxaQwzMHDTybekoN1TMRhoNNi5I=,Z2tBkjCTxD9tJt5OnTeCAhMW3D0=
119,42,hxaQwzMHDTybekoN1TMRhoNNi5I=,Z2tBkjCTxD9tJt5OnTeCAhMW3D0=
124,42,hxaQwzMHDTybekoN1TMRhoNNi5I=,Z2tBkjCTxD9tJt5OnTeCAhMW3D0=
125,34,hxaQwzMHDTybekoN1TMRhoNNi5I=,Z2tBkjCTxD9tJt5OnTeCAhMW3D0=
127,41,hxaQwzMHDTybekoN1TMRhoNNi5I=,Z2tBkjCTxD9tJt5OnTeCAhMW3D0=
126,41,hxaQwzMHDTybekoN1TMRhoNNi5I=,Z2tBkjCTxD9tJt5OnTeCAhMW3D0=
124,33,hxaQwzMHDTybekoN1TMRhoNNi5I=,Z2tBkjCTxD9tJt5OnTeCAhMW3D0=
125,41,hxaQwzMHDTybekoN1TMRhoNNi5I=,Z2tBkjCTxD9tJt5OnTeCAhMW3D0=
124,41,hxaQwzMHDTybekoN1TMRhoNNi5I=,Z2tBkjCTxD9tJt5OnTeCAhMW3D0=
123,41,hxaQwzMHDTybekoN1TMRhoNNi5I=,Z2tBkjCTxD9tJt5OnTeCAhMW3D0=
122,41,hxaQwzMHDTybekoN1TMRhoNNi5I=,Z2tBkjCTxD9tJt5OnTeCAhMW3D0=
118,42,hxaQwzMHDTybekoN1TMRhoNNi5I=,Z2tBkjCTxD9tJt5OnTeCAhMW3D0=
120,41,hxaQwzMHDTybekoN1TMRhoNNi5I=,Z2tBkjCTxD9tJt5OnTeCAhMW3D0=
114,43,hxaQwzMHDTybekoN1TMRhoNNi5I=,Z2tBkjCTxD9tJt5OnTeCAhMW3D0=
127,42,hxaQwzMHDTybekoN1TMRhoNNi5I=,Z2tBkjCTxD9tJt5OnTeCAhMW3D0=
114,42,hxaQwzMHDTybekoN1TMRhoNNi5I=,Z2tBkjCTxD9tJt5OnTeCAhMW3D0=
120,42,hxaQwzMHDTybekoN1TMRhoNNi5I=,Z2tBkjCTxD9tJt5OnTeCAhMW3D0=
121,41,hxaQwzMHDTybekoN1TMRhoNNi5I=,Z2tBkjCTxD9tJt5OnTeCAhMW3D0=
119,41,hxaQwzMHDTybekoN1TMRhoNNi5I=,Z2tBkjCTxD9tJt5OnTeCAhMW3D0=
115,42,hxaQwzMHDTybekoN1TMRhoNNi5I=,Z2tBkjCTxD9tJt5OnTeCAhMW3D0=
124,34,hxaQwzMHDTybekoN1TMRhoNNi5I=,Z2tBkjCTxD9tJt5OnTeCAhMW3D0=
117,41,hxaQwzMHDTybekoN1TMRhoNNi5I=,Z2tBkjCTxD9tJt5OnTeCAhMW3D0=
123,32,hxaQwzMHDTybekoN1TMRhoNNi5I=,Z2tBkjCTxD9tJt5OnTeCAhMW3D0=
123,33,hxaQwzMHDTybekoN1TMRhoNNi5I=,Z2tBkjCTxD9tJt5OnTeCAhMW3D0=
126,40,hxaQwzMHDTybekoN1TMRhoNNi5I=,Z2tBkjCTxD9tJt5OnTeCAhMW3D0=
125,40,hxaQwzMHDTybekoN1TMRhoNNi5I=,Z2tBkjCTxD9tJt5OnTeCAhMW3D0=
124,40,hxaQwzMHDTybekoN1TMRhoNNi5I=,Z2tBkjCTxD9tJt5OnTeCAhMW3D0=
123,40,hxaQwzMHDTybekoN1TMRhoNNi5I=,Z2tBkjCTxD9tJt5OnTeCAhMW3D0=
122,40,hxaQwzMHDTybekoN1TMRhoNNi5I=,Z2tBkjCTxD9tJt5OnTeCAhMW3D0=
121,40,hxaQwzMHDTybekoN1TMRhoNNi5I=,Z2tBkjCTxD9tJt5OnTeCAhMW3D0=
120,40,hxaQwzMHDTybekoN1TMRhoNNi5I=,Z2tBkjCTxD9tJt5OnTeCAhMW3D0=
119,40,hxaQwzMHDTybekoN1TMRhoNNi5I=,Z2tBkjCTxD9tJt5OnTeCAhMW3D0=
118,40,hxaQwzMHDTybekoN1TMRhoNNi5I=,Z2tBkjCTxD9tJt5OnTeCAhMW3D0=
117,40,hxaQwzMHDTybekoN1TMRhoNNi5I=,Z2tBkjCTxD9tJt5OnTeCAhMW3D0=
116,40,hxaQwzMHDTybekoN1TMRhoNNi5I=,Z2tBkjCTxD9tJt5OnTeCAhMW3D0=
118,41,hxaQwzMHDTybekoN1TMRhoNNi5I=,Z2tBkjCTxD9tJt5OnTeCAhMW3D0=
114,40,hxaQwzMHDTybekoN1TMRhoNNi5I=,Z2tBkjCTxD9tJt5OnTeCAhMW3D0=
127,40,hxaQwzMHDTybekoN1TMRhoNNi5I=,Z2tBkjCTxD9tJt5OnTeCAhMW3D0=
123,34,hxaQwzMHDTybekoN1TMRhoNNi5I=,Z2tBkjCTxD9tJt5OnTeCAhMW3D0=
122,33,hxaQwzMHDTybekoN1TMRhoNNi5I=,Z2tBkjCTxD9tJt5OnTeCAhMW3D0=
122,32,hxaQwzMHDTybekoN1TMRhoNNi5I=,Z2tBkjCTxD9tJt5OnTeCAhMW3D0=
127,39,hxaQwzMHDTybekoN1TMRhoNNi5I=,Z2tBkjCTxD9tJt5OnTeCAhMW3D0=
126,39,hxaQwzMHDTybekoN1TMRhoNNi5I=,Z2tBkjCTxD9tJt5OnTeCAhMW3D0=
125,39,hxaQwzMHDTybekoN1TMRhoNNi5I=,Z2tBkjCTxD9tJt5OnTeCAhMW3D0=
123,39,hxaQwzMHDTybekoN1TMRhoNNi5I=,Z2tBkjCTxD9tJt5OnTeCAhMW3D0=
116,41,hxaQwzMHDTybekoN1TMRhoNNi5I=,Z2tBkjCTxD9tJt5OnTeCAhMW3D0=
122,39,hxaQwzMHDTybekoN1TMRhoNNi5I=,Z2tBkjCTxD9tJt5OnTeCAhMW3D0=
121,39,hxaQwzMHDTybekoN1TMRhoNNi5I=,Z2tBkjCTxD9tJt5OnTeCAhMW3D0=
120,39,hxaQwzMHDTybekoN1TMRhoNNi5I=,Z2tBkjCTxD9tJt5OnTeCAhMW3D0=
119,39,hxaQwzMHDTybekoN1TMRhoNNi5I=,Z2tBkjCTxD9tJt5OnTeCAhMW3D0=
118,39,hxaQwzMHDTybekoN1TMRhoNNi5I=,Z2tBkjCTxD9tJt5OnTeCAhMW3D0=
117,39,hxaQwzMHDTybekoN1TMRhoNNi5I=,Z2tBkjCTxD9tJt5OnTeCAhMW3D0=
116,39,hxaQwzMHDTybekoN1TMRhoNNi5I=,Z2tBkjCTxD9tJt5OnTeCAhMW3D0=
115,39,hxaQwzMHDTybekoN1TMRhoNNi5I=,Z2tBkjCTxD9tJt5OnTeCAhMW3D0=
114,39,hxaQwzMHDTybekoN1TMRhoNNi5I=,Z2tBkjCTxD9tJt5OnTeCAhMW3D0=
113,39,hxaQwzMHDTybekoN1TMRhoNNi5I=,Z2tBkjCTxD9tJt5OnTeCAhMW3D0=
122,34,hxaQwzMHDTybekoN1TMRhoNNi5I=,Z2tBkjCTxD9tJt5OnTeCAhMW3D0=
121,32,hxaQwzMHDTybekoN1TMRhoNNi5I=,Z2tBkjCTxD9tJt5OnTeCAhMW3D0=
121,33,hxaQwzMHDTybekoN1TMRhoNNi5I=,Z2tBkjCTxD9tJt5OnTeCAhMW3D0=
124,32,hxaQwzMHDTybekoN1TMRhoNNi5I=,Z2tBkjCTxD9tJt5OnTeCAhMW3D0=
117,42,hxaQwzMHDTybekoN1TMRhoNNi5I=,Z2tBkjCTxD9tJt5OnTeCAhMW3D0=
115,40,hxaQwzMHDTybekoN1TMRhoNNi5I=,Z2tBkjCTxD9tJt5OnTeCAhMW3D0=
127,38,hxaQwzMHDTybekoN1TMRhoNNi5I=,Z2tBkjCTxD9tJt5OnTeCAhMW3D0=
113,41,hxaQwzMHDTybekoN1TMRhoNNi5I=,Z2tBkjCTxD9tJt5OnTeCAhMW3D0=
115,41,hxaQwzMHDTybekoN1TMRhoNNi5I=,Z2tBkjCTxD9tJt5OnTeCAhMW3D0=
121,38,hxaQwzMHDTybekoN1TMRhoNNi5I=,Z2tBkjCTxD9tJt5OnTeCAhMW3D0=
120,38,hxaQwzMHDTybekoN1TMRhoNNi5I=,Z2tBkjCTxD9tJt5OnTeCAhMW3D0=
119,38,hxaQwzMHDTybekoN1TMRhoNNi5I=,Z2tBkjCTxD9tJt5OnTeCAhMW3D0=
118,38,hxaQwzMHDTybekoN1TMRhoNNi5I=,Z2tBkjCTxD9tJt5OnTeCAhMW3D0=
117,38,hxaQwzMHDTybekoN1TMRhoNNi5I=,Z2tBkjCTxD9tJt5OnTeCAhMW3D0=
116,38,hxaQwzMHDTybekoN1TMRhoNNi5I=,Z2tBkjCTxD9tJt5OnTeCAhMW3D0=
115,38,hxaQwzMHDTybekoN1TMRhoNNi5I=,Z2tBkjCTxD9tJt5OnTeCAhMW3D0=
114,38,hxaQwzMHDTybekoN1TMRhoNNi5I=,Z2tBkjCTxD9tJt5OnTeCAhMW3D0=
113,38,hxaQwzMHDTybekoN1TMRhoNNi5I=,Z2tBkjCTxD9tJt5OnTeCAhMW3D0=
126,38,hxaQwzMHDTybekoN1TMRhoNNi5I=,Z2tBkjCTxD9tJt5OnTeCAhMW3D0=
120,32,hxaQwzMHDTybekoN1TMRhoNNi5I=,Z2tBkjCTxD9tJt5OnTeCAhMW3D0=
127,37,hxaQwzMHDTybekoN1TMRhoNNi5I=,Z2tBkjCTxD9tJt5OnTeCAhMW3D0=
121,34,hxaQwzMHDTybekoN1TMRhoNNi5I=,Z2tBkjCTxD9tJt5OnTeCAhMW3D0=
120,33,hxaQwzMHDTybekoN1TMRhoNNi5I=,Z2tBkjCTxD9tJt5OnTeCAhMW3D0=
126,37,hxaQwzMHDTybekoN1TMRhoNNi5I=,Z2tBkjCTxD9tJt5OnTeCAhMW3D0=
124,39,hxaQwzMHDTybekoN1TMRhoNNi5I=,Z2tBkjCTxD9tJt5OnTeCAhMW3D0=
113,40,hxaQwzMHDTybekoN1TMRhoNNi5I=,Z2tBkjCTxD9tJt5OnTeCAhMW3D0=
123,38,hxaQwzMHDTybekoN1TMRhoNNi5I=,Z2tBkjCTxD9tJt5OnTeCAhMW3D0=
121,37,hxaQwzMHDTybekoN1TMRhoNNi5I=,Z2tBkjCTxD9tJt5OnTeCAhMW3D0=
120,37,hxaQwzMHDTybekoN1TMRhoNNi5I=,Z2tBkjCTxD9tJt5OnTeCAhMW3D0=
119,37,hxaQwzMHDTybekoN1TMRhoNNi5I=,Z2tBkjCTxD9tJt5OnTeCAhMW3D0=
118,37,hxaQwzMHDTybekoN1TMRhoNNi5I=,Z2tBkjCTxD9tJt5OnTeCAhMW3D0=
117,37,hxaQwzMHDTybekoN1TMRhoNNi5I=,Z2tBkjCTxD9tJt5OnTeCAhMW3D0=
116,37,hxaQwzMHDTybekoN1TMRhoNNi5I=,Z2tBkjCTxD9tJt5OnTeCAhMW3D0=
115,37,hxaQwzMHDTybekoN1TMRhoNNi5I=,Z2tBkjCTxD9tJt5OnTeCAhMW3D0=
114,37,hxaQwzMHDTybekoN1TMRhoNNi5I=,Z2tBkjCTxD9tJt5OnTeCAhMW3D0=
113,37,hxaQwzMHDTybekoN1TMRhoNNi5I=,Z2tBkjCTxD9tJt5OnTeCAhMW3D0=
119,32,hxaQwzMHDTybekoN1TMRhoNNi5I=,Z2tBkjCTxD9tJt5OnTeCAhMW3D0=
120,34,hxaQwzMHDTybekoN1TMRhoNNi5I=,Z2tBkjCTxD9tJt5OnTeCAhMW3D0=
127,36,hxaQwzMHDTybekoN1TMRhoNNi5I=,Z2tBkjCTxD9tJt5OnTeCAhMW3D0=
119,33,hxaQwzMHDTybekoN1TMRhoNNi5I=,Z2tBkjCTxD9tJt5OnTeCAhMW3D0=
114,41,hxaQwzMHDTybekoN1TMRhoNNi5I=,Z2tBkjCTxD9tJt5OnTeCAhMW3D0=
125,37,hxaQwzMHDTybekoN1TMRhoNNi5I=,Z2tBkjCTxD9tJt5OnTeCAhMW3D0=
122,37,hxaQwzMHDTybekoN1TMRhoNNi5I=,Z2tBkjCTxD9tJt5OnTeCAhMW3D0=
122,38,hxaQwzMHDTybekoN1TMRhoNNi5I=,Z2tBkjCTxD9tJt5OnTeCAhMW3D0=
122,36,hxaQwzMHDTybekoN1TMRhoNNi5I=,Z2tBkjCTxD9tJt5OnTeCAhMW3D0=
121,36,hxaQwzMHDTybekoN1TMRhoNNi5I=,Z2tBkjCTxD9tJt5OnTeCAhMW3D0=
120,36,hxaQwzMHDTybekoN1TMRhoNNi5I=,Z2tBkjCTxD9tJt5OnTeCAhMW3D0=
119,36,hxaQwzMHDTybekoN1TMRhoNNi5I=,Z2tBkjCTxD9tJt5OnTeCAhMW3D0=
118,36,hxaQwzMHDTybekoN1TMRhoNNi5I=,Z2tBkjCTxD9tJt5OnTeCAhMW3D0=
117,36,hxaQwzMHDTybekoN1TMRhoNNi5I=,Z2tBkjCTxD9tJt5OnTeCAhMW3D0=
116,36,hxaQwzMHDTybekoN1TMRhoNNi5I=,Z2tBkjCTxD9tJt5OnTeCAhMW3D0=
115,36,hxaQwzMHDTybekoN1TMRhoNNi5I=,Z2tBkjCTxD9tJt5OnTeCAhMW3D0=
114,36,hxaQwzMHDTybekoN1TMRhoNNi5I=,Z2tBkjCTxD9tJt5OnTeCAhMW3D0=
113,36,hxaQwzMHDTybekoN1TMRhoNNi5I=,Z2tBkjCTxD9tJt5OnTeCAhMW3D0=
118,32,hxaQwzMHDTybekoN1TMRhoNNi5I=,Z2tBkjCTxD9tJt5OnTeCAhMW3D0=
119,34,hxaQwzMHDTybekoN1TMRhoNNi5I=,Z2tBkjCTxD9tJt5OnTeCAhMW3D0=
127,35,hxaQwzMHDTybekoN1TMRhoNNi5I=,Z2tBkjCTxD9tJt5OnTeCAhMW3D0=
118,33,hxaQwzMHDTybekoN1TMRhoNNi5I=,Z2tBkjCTxD9tJt5OnTeCAhMW3D0=
126,35,hxaQwzMHDTybekoN1TMRhoNNi5I=,Z2tBkjCTxD9tJt5OnTeCAhMW3D0=
125,35,hxaQwzMHDTybekoN1TMRhoNNi5I=,Z2tBkjCTxD9tJt5OnTeCAhMW3D0=
126,36,hxaQwzMHDTybekoN1TMRhoNNi5I=,Z2tBkjCTxD9tJt5OnTeCAhMW3D0=
122,35,hxaQwzMHDTybekoN1TMRhoNNi5I=,Z2tBkjCTxD9tJt5OnTeCAhMW3D0=
121,35,hxaQwzMHDTybekoN1TMRhoNNi5I=,Z2tBkjCTxD9tJt5OnTeCAhMW3D0=
120,35,hxaQwzMHDTybekoN1TMRhoNNi5I=,Z2tBkjCTxD9tJt5OnTeCAhMW3D0=
123,35,hxaQwzMHDTybekoN1TMRhoNNi5I=,Z2tBkjCTxD9tJt5OnTeCAhMW3D0=
125,36,hxaQwzMHDTybekoN1TMRhoNNi5I=,Z2tBkjCTxD9tJt5OnTeCAhMW3D0=
124,36,hxaQwzMHDTybekoN1TMRhoNNi5I=,Z2tBkjCTxD9tJt5OnTeCAhMW3D0=
124,38,hxaQwzMHDTybekoN1TMRhoNNi5I=,Z2tBkjCTxD9tJt5OnTeCAhMW3D0=
124,37,hxaQwzMHDTybekoN1TMRhoNNi5I=,Z2tBkjCTxD9tJt5OnTeCAhMW3D0=
124,35,hxaQwzMHDTybekoN1TMRhoNNi5I=,Z2tBkjCTxD9tJt5OnTeCAhMW3D0=
123,36,hxaQwzMHDTybekoN1TMRhoNNi5I=,Z2tBkjCTxD9tJt5OnTeCAhMW3D0=
123,37,hxaQwzMHDTybekoN1TMRhoNNi5I=,Z2tBkjCTxD9tJt5OnTeCAhMW3D0=
113,42,hxaQwzMHDTybekoN1TMRhoNNi5I=,Z2tBkjCTxD9tJt5OnTeCAhMW3D0=
112,42,hxaQwzMHDTybekoN1TMRhoNNi5I=,Z2tBkjCTxD9tJt5OnTeCAhMW3D0=
125,38,hxaQwzMHDTybekoN1TMRhoNNi5I=,Z2tBkjCTxD9tJt5OnTeCAhMW3D0=
