-7,-11,6EG+IIsgqtVk+Me0NveewpBx6ws=,O+laslr+TswOR1hiGtinAthxHwE=
-7,-10,6EG+IIsgqtVk+Me0NveewpBx6ws=,O+laslr+TswOR1hiGtinAthxHwE=
-6,-10,6EG+IIsgqtVk+Me0NveewpBx6ws=,O+laslr+TswOR1hiGtinAthxHwE=
-6,-11,6EG+IIsgqtVk+Me0NveewpBx6ws=,O+laslr+TswOR1hiGtinAthxHwE=
-11,-7,6EG+IIsgqtVk+Me0NveewpBx6ws=,uisTo5XNelmS3+zlZV5AKOWHYk8=
-10,-6,6EG+IIsgqtVk+Me0NveewpBx6ws=,uisTo5XNelmS3+zlZV5AKOWHYk8=
-10,-7,6EG+IIsgqtVk+Me0NveewpBx6ws=,uisTo5XNelmS3+zlZV5AKOWHYk8=
-11,-6,6EG+IIsgqtVk+Me0NveewpBx6ws=,uisTo5XNelmS3+zlZV5AKOWHYk8=
-9,-11,6EG+IIsgqtVk+Me0NveewpBx6ws=,bA0xl8+EGJAx+lGWWM94vhkIOiA=
-9,-10,6EG+IIsgqtVk+Me0NveewpBx6ws=,bA0xl8+EGJAx+lGWWM94vhkIOiA=
-8,-11,6EG+IIsgqtVk+Me0NveewpBx6ws=,O+laslr+TswOR1hiGtinAthxHwE=
-8,-10,6EG+IIsgqtVk+Me0NveewpBx6ws=,O+laslr+TswOR1hiGtinAthxHwE=
-10,-10,6EG+IIsgqtVk+Me0NveewpBx6ws=,bA0xl8+EGJAx+lGWWM94vhkIOiA=
-11,-11,6EG+IIsgqtVk+Me0NveewpBx6ws=,bA0xl8+EGJAx+lGWWM94vhkIOiA=
-11,-10,6EG+IIsgqtVk+Me0NveewpBx6ws=,bA0xl8+EGJAx+lGWWM94vhkIOiA=
-11,-9,6EG+IIsgqtVk+Me0NveewpBx6ws=,bA0xl8+EGJAx+lGWWM94vhkIOiA=
-10,-9,6EG+IIsgqtVk+Me0NveewpBx6ws=,bA0xl8+EGJAx+lGWWM94vhkIOiA=
-11,-8,6EG+IIsgqtVk+Me0NveewpBx6ws=,uisTo5XNelmS3+zlZV5AKOWHYk8=
-10,-8,6EG+IIsgqtVk+Me0NveewpBx6ws=,uisTo5XNelmS3+zlZV5AKOWHYk8=
-10,-11,6EG+IIsgqtVk+Me0NveewpBx6ws=,bA0xl8+EGJAx+lGWWM94vhkIOiA=
-11,-2,6EG+IIsgqtVk+Me0NveewpBx6ws=,pRcPfXpm7+4iKwht4YrBxG2S3qs=
-11,-3,6EG+IIsgqtVk+Me0NveewpBx6ws=,pRcPfXpm7+4iKwht4YrBxG2S3qs=
-10,-5,6EG+IIsgqtVk+Me0NveewpBx6ws=,uisTo5XNelmS3+zlZV5AKOWHYk8=
-10,-2,6EG+IIsgqtVk+Me0NveewpBx6ws=,pRcPfXpm7+4iKwht4YrBxG2S3qs=
-11,-5,6EG+IIsgqtVk+Me0NveewpBx6ws=,uisTo5XNelmS3+zlZV5AKOWHYk8=
-10,-4,6EG+IIsgqtVk+Me0NveewpBx6ws=,pRcPfXpm7+4iKwht4YrBxG2S3qs=
-11,-4,6EG+IIsgqtVk+Me0NveewpBx6ws=,pRcPfXpm7+4iKwht4YrBxG2S3qs=
-10,-3,6EG+IIsgqtVk+Me0NveewpBx6ws=,pRcPfXpm7+4iKwht4YrBxG2S3qs=
-2,-6,6EG+IIsgqtVk+Me0NveewpBx6ws=,kkgADz2kqN95DUZBGSp/plDiw3w=
-2,-7,6EG+IIsgqtVk+Me0NveewpBx6ws=,kkgADz2kqN95DUZBGSp/plDiw3w=
-3,-6,6EG+IIsgqtVk+Me0NveewpBx6ws=,kkgADz2kqN95DUZBGSp/plDiw3w=
-3,-7,6EG+IIsgqtVk+Me0NveewpBx6ws=,kkgADz2kqN95DUZBGSp/plDiw3w=
-9,-6,6EG+IIsgqtVk+Me0NveewpBx6ws=,uisTo5XNelmS3+zlZV5AKOWHYk8=
-9,-7,6EG+IIsgqtVk+Me0NveewpBx6ws=,uisTo5XNelmS3+zlZV5AKOWHYk8=
-7,-8,6EG+IIsgqtVk+Me0NveewpBx6ws=,GzRDWlFxDaGJTeNLLj82TNCDL7Q=
-6,-9,6EG+IIsgqtVk+Me0NveewpBx6ws=,O+laslr+TswOR1hiGtinAthxHwE=
-7,-9,6EG+IIsgqtVk+Me0NveewpBx6ws=,O+laslr+TswOR1hiGtinAthxHwE=
-6,-8,6EG+IIsgqtVk+Me0NveewpBx6ws=,GzRDWlFxDaGJTeNLLj82TNCDL7Q=
-8,-7,6EG+IIsgqtVk+Me0NveewpBx6ws=,GzRDWlFxDaGJTeNLLj82TNCDL7Q=
-8,-8,6EG+IIsgqtVk+Me0NveewpBx6ws=,GzRDWlFxDaGJTeNLLj82TNCDL7Q=
-8,-9,6EG+IIsgqtVk+Me0NveewpBx6ws=,O+laslr+TswOR1hiGtinAthxHwE=
-6,-6,6EG+IIsgqtVk+Me0NveewpBx6ws=,GzRDWlFxDaGJTeNLLj82TNCDL7Q=
-5,-6,6EG+IIsgqtVk+Me0NveewpBx6ws=,GzRDWlFxDaGJTeNLLj82TNCDL7Q=
-9,-8,6EG+IIsgqtVk+Me0NveewpBx6ws=,uisTo5XNelmS3+zlZV5AKOWHYk8=
-8,-6,6EG+IIsgqtVk+Me0NveewpBx6ws=,GzRDWlFxDaGJTeNLLj82TNCDL7Q=
-4,-7,6EG+IIsgqtVk+Me0NveewpBx6ws=,kkgADz2kqN95DUZBGSp/plDiw3w=
-5,-7,6EG+IIsgqtVk+Me0NveewpBx6ws=,GzRDWlFxDaGJTeNLLj82TNCDL7Q=
-7,-6,6EG+IIsgqtVk+Me0NveewpBx6ws=,GzRDWlFxDaGJTeNLLj82TNCDL7Q=
-7,-7,6EG+IIsgqtVk+Me0NveewpBx6ws=,GzRDWlFxDaGJTeNLLj82TNCDL7Q=
-6,-7,6EG+IIsgqtVk+Me0NveewpBx6ws=,GzRDWlFxDaGJTeNLLj82TNCDL7Q=
-4,-6,6EG+IIsgqtVk+Me0NveewpBx6ws=,kkgADz2kqN95DUZBGSp/plDiw3w=
-9,-9,6EG+IIsgqtVk+Me0NveewpBx6ws=,bA0xl8+EGJAx+lGWWM94vhkIOiA=
-8,-5,6EG+IIsgqtVk+Me0NveewpBx6ws=,GzRDWlFxDaGJTeNLLj82TNCDL7Q=
-9,-4,6EG+IIsgqtVk+Me0NveewpBx6ws=,pRcPfXpm7+4iKwht4YrBxG2S3qs=
-8,-2,6EG+IIsgqtVk+Me0NveewpBx6ws=,ro3uwjoum5ongOgrMeEfHEmg8To=
-9,-2,6EG+IIsgqtVk+Me0NveewpBx6ws=,pRcPfXpm7+4iKwht4YrBxG2S3qs=
-6,-2,6EG+IIsgqtVk+Me0NveewpBx6ws=,ro3uwjoum5ongOgrMeEfHEmg8To=
-7,-2,6EG+IIsgqtVk+Me0NveewpBx6ws=,ro3uwjoum5ongOgrMeEfHEmg8To=
-8,-3,6EG+IIsgqtVk+Me0NveewpBx6ws=,ro3uwjoum5ongOgrMeEfHEmg8To=
-7,-3,6EG+IIsgqtVk+Me0NveewpBx6ws=,ro3uwjoum5ongOgrMeEfHEmg8To=
-9,-5,6EG+IIsgqtVk+Me0NveewpBx6ws=,uisTo5XNelmS3+zlZV5AKOWHYk8=
-6,-4,6EG+IIsgqtVk+Me0NveewpBx6ws=,ro3uwjoum5ongOgrMeEfHEmg8To=
-7,-4,6EG+IIsgqtVk+Me0NveewpBx6ws=,ro3uwjoum5ongOgrMeEfHEmg8To=
-8,-4,6EG+IIsgqtVk+Me0NveewpBx6ws=,ro3uwjoum5ongOgrMeEfHEmg8To=
-9,-3,6EG+IIsgqtVk+Me0NveewpBx6ws=,pRcPfXpm7+4iKwht4YrBxG2S3qs=
-7,-5,6EG+IIsgqtVk+Me0NveewpBx6ws=,GzRDWlFxDaGJTeNLLj82TNCDL7Q=
-6,-3,6EG+IIsgqtVk+Me0NveewpBx6ws=,ro3uwjoum5ongOgrMeEfHEmg8To=
-6,-5,6EG+IIsgqtVk+Me0NveewpBx6ws=,GzRDWlFxDaGJTeNLLj82TNCDL7Q=
-2,-15,7GyZOzysen0HmDLA/kXr/zlGPYk=,UZG70sg4P6tsO4KV8POB7SGtxKs=
-2,-14,7GyZOzysen0HmDLA/kXr/zlGPYk=,UZG70sg4P6tsO4KV8POB7SGtxKs=
-3,-15,7GyZOzysen0HmDLA/kXr/zlGPYk=,UZG70sg4P6tsO4KV8POB7SGtxKs=
-4,-11,7GyZOzysen0HmDLA/kXr/zlGPYk=,U+L7rrrysJriU+C6ugymSS6iDYY=
-3,-14,7GyZOzysen0HmDLA/kXr/zlGPYk=,UZG70sg4P6tsO4KV8POB7SGtxKs=
-4,-10,7GyZOzysen0HmDLA/kXr/zlGPYk=,U+L7rrrysJriU+C6ugymSS6iDYY=
-2,-8,7GyZOzysen0HmDLA/kXr/zlGPYk=,kkgADz2kqN95DUZBGSp/plDiw3w=
-5,-8,7GyZOzysen0HmDLA/kXr/zlGPYk=,GzRDWlFxDaGJTeNLLj82TNCDL7Q=
-5,-9,7GyZOzysen0HmDLA/kXr/zlGPYk=,O+laslr+TswOR1hiGtinAthxHwE=
-3,-10,7GyZOzysen0HmDLA/kXr/zlGPYk=,U+L7rrrysJriU+C6ugymSS6iDYY=
-5,-10,7GyZOzysen0HmDLA/kXr/zlGPYk=,O+laslr+TswOR1hiGtinAthxHwE=
-5,-11,7GyZOzysen0HmDLA/kXr/zlGPYk=,O+laslr+TswOR1hiGtinAthxHwE=
-4,-8,7GyZOzysen0HmDLA/kXr/zlGPYk=,kkgADz2kqN95DUZBGSp/plDiw3w=
-2,-10,7GyZOzysen0HmDLA/kXr/zlGPYk=,U+L7rrrysJriU+C6ugymSS6iDYY=
-3,-11,7GyZOzysen0HmDLA/kXr/zlGPYk=,U+L7rrrysJriU+C6ugymSS6iDYY=
-2,-12,7GyZOzysen0HmDLA/kXr/zlGPYk=,U+L7rrrysJriU+C6ugymSS6iDYY=
-4,-9,7GyZOzysen0HmDLA/kXr/zlGPYk=,U+L7rrrysJriU+C6ugymSS6iDYY=
-2,-11,7GyZOzysen0HmDLA/kXr/zlGPYk=,U+L7rrrysJriU+C6ugymSS6iDYY=
-3,-8,7GyZOzysen0HmDLA/kXr/zlGPYk=,kkgADz2kqN95DUZBGSp/plDiw3w=
-2,-9,7GyZOzysen0HmDLA/kXr/zlGPYk=,U+L7rrrysJriU+C6ugymSS6iDYY=
-3,-9,7GyZOzysen0HmDLA/kXr/zlGPYk=,U+L7rrrysJriU+C6ugymSS6iDYY=
-3,-12,7GyZOzysen0HmDLA/kXr/zlGPYk=,U+L7rrrysJriU+C6ugymSS6iDYY=
-2,-13,7GyZOzysen0HmDLA/kXr/zlGPYk=,UZG70sg4P6tsO4KV8POB7SGtxKs=
-3,-13,7GyZOzysen0HmDLA/kXr/zlGPYk=,UZG70sg4P6tsO4KV8POB7SGtxKs=
-3,-3,7GyZOzysen0HmDLA/kXr/zlGPYk=,741Sf2Owt3/aJpn93zJCen90/Ig=
-5,-2,7GyZOzysen0HmDLA/kXr/zlGPYk=,ro3uwjoum5ongOgrMeEfHEmg8To=
-4,-3,7GyZOzysen0HmDLA/kXr/zlGPYk=,741Sf2Owt3/aJpn93zJCen90/Ig=
-4,-5,7GyZOzysen0HmDLA/kXr/zlGPYk=,kkgADz2kqN95DUZBGSp/plDiw3w=
-3,-4,7GyZOzysen0HmDLA/kXr/zlGPYk=,741Sf2Owt3/aJpn93zJCen90/Ig=
-2,-4,7GyZOzysen0HmDLA/kXr/zlGPYk=,741Sf2Owt3/aJpn93zJCen90/Ig=
-5,-3,7GyZOzysen0HmDLA/kXr/zlGPYk=,ro3uwjoum5ongOgrMeEfHEmg8To=
-5,-4,7GyZOzysen0HmDLA/kXr/zlGPYk=,ro3uwjoum5ongOgrMeEfHEmg8To=
-4,-4,7GyZOzysen0HmDLA/kXr/zlGPYk=,741Sf2Owt3/aJpn93zJCen90/Ig=
-2,-5,7GyZOzysen0HmDLA/kXr/zlGPYk=,kkgADz2kqN95DUZBGSp/plDiw3w=
-5,-5,7GyZOzysen0HmDLA/kXr/zlGPYk=,GzRDWlFxDaGJTeNLLj82TNCDL7Q=
-3,-5,7GyZOzysen0HmDLA/kXr/zlGPYk=,kkgADz2kqN95DUZBGSp/plDiw3w=
-3,-2,7GyZOzysen0HmDLA/kXr/zlGPYk=,741Sf2Owt3/aJpn93zJCen90/Ig=
-2,-3,7GyZOzysen0HmDLA/kXr/zlGPYk=,741Sf2Owt3/aJpn93zJCen90/Ig=
-4,-2,7GyZOzysen0HmDLA/kXr/zlGPYk=,741Sf2Owt3/aJpn93zJCen90/Ig=
-2,-2,7GyZOzysen0HmDLA/kXr/zlGPYk=,741Sf2Owt3/aJpn93zJCen90/Ig=
-13,-10,7GyZOzysen0HmDLA/kXr/zlGPYk=,2J6IgbyGOnN7jF5RZXwVNZZv8Fs=
-14,-10,7GyZOzysen0HmDLA/kXr/zlGPYk=,2J6IgbyGOnN7jF5RZXwVNZZv8Fs=
-15,-10,7GyZOzysen0HmDLA/kXr/zlGPYk=,2J6IgbyGOnN7jF5RZXwVNZZv8Fs=
-15,-11,7GyZOzysen0HmDLA/kXr/zlGPYk=,2J6IgbyGOnN7jF5RZXwVNZZv8Fs=
-14,-11,7GyZOzysen0HmDLA/kXr/zlGPYk=,2J6IgbyGOnN7jF5RZXwVNZZv8Fs=
-13,-11,7GyZOzysen0HmDLA/kXr/zlGPYk=,2J6IgbyGOnN7jF5RZXwVNZZv8Fs=
-12,-10,7GyZOzysen0HmDLA/kXr/zlGPYk=,bA0xl8+EGJAx+lGWWM94vhkIOiA=
-12,-11,7GyZOzysen0HmDLA/kXr/zlGPYk=,bA0xl8+EGJAx+lGWWM94vhkIOiA=
-14,-13,7GyZOzysen0HmDLA/kXr/zlGPYk=,f2GMOWdFMrxajSpDnUBp3qAEPZw=
-14,-12,7GyZOzysen0HmDLA/kXr/zlGPYk=,2J6IgbyGOnN7jF5RZXwVNZZv8Fs=
-15,-12,7GyZOzysen0HmDLA/kXr/zlGPYk=,2J6IgbyGOnN7jF5RZXwVNZZv8Fs=
-15,-13,7GyZOzysen0HmDLA/kXr/zlGPYk=,f2GMOWdFMrxajSpDnUBp3qAEPZw=
-14,-15,7GyZOzysen0HmDLA/kXr/zlGPYk=,f2GMOWdFMrxajSpDnUBp3qAEPZw=
-14,-14,7GyZOzysen0HmDLA/kXr/zlGPYk=,f2GMOWdFMrxajSpDnUBp3qAEPZw=
-15,-15,7GyZOzysen0HmDLA/kXr/zlGPYk=,f2GMOWdFMrxajSpDnUBp3qAEPZw=
-15,-14,7GyZOzysen0HmDLA/kXr/zlGPYk=,f2GMOWdFMrxajSpDnUBp3qAEPZw=
-6,-12,7GyZOzysen0HmDLA/kXr/zlGPYk=,O+laslr+TswOR1hiGtinAthxHwE=
-5,-12,7GyZOzysen0HmDLA/kXr/zlGPYk=,O+laslr+TswOR1hiGtinAthxHwE=
-5,-14,7GyZOzysen0HmDLA/kXr/zlGPYk=,XgBR+YlUtnaDuV/DTgbVEI47cVI=
-5,-15,7GyZOzysen0HmDLA/kXr/zlGPYk=,XgBR+YlUtnaDuV/DTgbVEI47cVI=
-6,-15,7GyZOzysen0HmDLA/kXr/zlGPYk=,XgBR+YlUtnaDuV/DTgbVEI47cVI=
-7,-12,7GyZOzysen0HmDLA/kXr/zlGPYk=,O+laslr+TswOR1hiGtinAthxHwE=
-6,-14,7GyZOzysen0HmDLA/kXr/zlGPYk=,XgBR+YlUtnaDuV/DTgbVEI47cVI=
-6,-13,7GyZOzysen0HmDLA/kXr/zlGPYk=,XgBR+YlUtnaDuV/DTgbVEI47cVI=
-4,-14,7GyZOzysen0HmDLA/kXr/zlGPYk=,UZG70sg4P6tsO4KV8POB7SGtxKs=
-4,-13,7GyZOzysen0HmDLA/kXr/zlGPYk=,UZG70sg4P6tsO4KV8POB7SGtxKs=
-5,-13,7GyZOzysen0HmDLA/kXr/zlGPYk=,XgBR+YlUtnaDuV/DTgbVEI47cVI=
-4,-12,7GyZOzysen0HmDLA/kXr/zlGPYk=,U+L7rrrysJriU+C6ugymSS6iDYY=
-7,-13,7GyZOzysen0HmDLA/kXr/zlGPYk=,XgBR+YlUtnaDuV/DTgbVEI47cVI=
-7,-14,7GyZOzysen0HmDLA/kXr/zlGPYk=,XgBR+YlUtnaDuV/DTgbVEI47cVI=
-7,-15,7GyZOzysen0HmDLA/kXr/zlGPYk=,XgBR+YlUtnaDuV/DTgbVEI47cVI=
-4,-15,7GyZOzysen0HmDLA/kXr/zlGPYk=,UZG70sg4P6tsO4KV8POB7SGtxKs=
-7,-16,7GyZOzysen0HmDLA/kXr/zlGPYk=,XgBR+YlUtnaDuV/DTgbVEI47cVI=
-6,-16,7GyZOzysen0HmDLA/kXr/zlGPYk=,XgBR+YlUtnaDuV/DTgbVEI47cVI=
-14,-9,7GyZOzysen0HmDLA/kXr/zlGPYk=,2J6IgbyGOnN7jF5RZXwVNZZv8Fs=
-13,-8,7GyZOzysen0HmDLA/kXr/zlGPYk=,av0LVPAcOt+wX6CPwDU/6Ao5h2c=
-15,-9,7GyZOzysen0HmDLA/kXr/zlGPYk=,2J6IgbyGOnN7jF5RZXwVNZZv8Fs=
-15,-8,7GyZOzysen0HmDLA/kXr/zlGPYk=,av0LVPAcOt+wX6CPwDU/6Ao5h2c=
-14,-8,7GyZOzysen0HmDLA/kXr/zlGPYk=,av0LVPAcOt+wX6CPwDU/6Ao5h2c=
-13,-9,7GyZOzysen0HmDLA/kXr/zlGPYk=,2J6IgbyGOnN7jF5RZXwVNZZv8Fs=
-12,-6,7GyZOzysen0HmDLA/kXr/zlGPYk=,uisTo5XNelmS3+zlZV5AKOWHYk8=
-12,-7,7GyZOzysen0HmDLA/kXr/zlGPYk=,uisTo5XNelmS3+zlZV5AKOWHYk8=
-14,-6,7GyZOzysen0HmDLA/kXr/zlGPYk=,av0LVPAcOt+wX6CPwDU/6Ao5h2c=
-12,-9,7GyZOzysen0HmDLA/kXr/zlGPYk=,bA0xl8+EGJAx+lGWWM94vhkIOiA=
-16,-6,7GyZOzysen0HmDLA/kXr/zlGPYk=,av0LVPAcOt+wX6CPwDU/6Ao5h2c=
-14,-7,7GyZOzysen0HmDLA/kXr/zlGPYk=,av0LVPAcOt+wX6CPwDU/6Ao5h2c=
-12,-8,7GyZOzysen0HmDLA/kXr/zlGPYk=,uisTo5XNelmS3+zlZV5AKOWHYk8=
-15,-6,7GyZOzysen0HmDLA/kXr/zlGPYk=,av0LVPAcOt+wX6CPwDU/6Ao5h2c=
-16,-7,7GyZOzysen0HmDLA/kXr/zlGPYk=,av0LVPAcOt+wX6CPwDU/6Ao5h2c=
-13,-7,7GyZOzysen0HmDLA/kXr/zlGPYk=,av0LVPAcOt+wX6CPwDU/6Ao5h2c=
-15,-7,7GyZOzysen0HmDLA/kXr/zlGPYk=,av0LVPAcOt+wX6CPwDU/6Ao5h2c=
-13,-6,7GyZOzysen0HmDLA/kXr/zlGPYk=,av0LVPAcOt+wX6CPwDU/6Ao5h2c=
-8,-12,7GyZOzysen0HmDLA/kXr/zlGPYk=,O+laslr+TswOR1hiGtinAthxHwE=
-13,-13,7GyZOzysen0HmDLA/kXr/zlGPYk=,f2GMOWdFMrxajSpDnUBp3qAEPZw=
-13,-14,7GyZOzysen0HmDLA/kXr/zlGPYk=,f2GMOWdFMrxajSpDnUBp3qAEPZw=
-9,-12,7GyZOzysen0HmDLA/kXr/zlGPYk=,bA0xl8+EGJAx+lGWWM94vhkIOiA=
-12,-12,7GyZOzysen0HmDLA/kXr/zlGPYk=,bA0xl8+EGJAx+lGWWM94vhkIOiA=
-10,-12,7GyZOzysen0HmDLA/kXr/zlGPYk=,bA0xl8+EGJAx+lGWWM94vhkIOiA=
-13,-12,7GyZOzysen0HmDLA/kXr/zlGPYk=,2J6IgbyGOnN7jF5RZXwVNZZv8Fs=
-9,-14,7GyZOzysen0HmDLA/kXr/zlGPYk=,s7sAhOaog/QdxAKc2uFxNQ4DA4E=
-10,-14,7GyZOzysen0HmDLA/kXr/zlGPYk=,s7sAhOaog/QdxAKc2uFxNQ4DA4E=
-8,-16,7GyZOzysen0HmDLA/kXr/zlGPYk=,XgBR+YlUtnaDuV/DTgbVEI47cVI=
-9,-15,7GyZOzysen0HmDLA/kXr/zlGPYk=,s7sAhOaog/QdxAKc2uFxNQ4DA4E=
-11,-14,7GyZOzysen0HmDLA/kXr/zlGPYk=,s7sAhOaog/QdxAKc2uFxNQ4DA4E=
-13,-15,7GyZOzysen0HmDLA/kXr/zlGPYk=,f2GMOWdFMrxajSpDnUBp3qAEPZw=
-8,-14,7GyZOzysen0HmDLA/kXr/zlGPYk=,XgBR+YlUtnaDuV/DTgbVEI47cVI=
-12,-13,7GyZOzysen0HmDLA/kXr/zlGPYk=,s7sAhOaog/QdxAKc2uFxNQ4DA4E=
-10,-15,7GyZOzysen0HmDLA/kXr/zlGPYk=,s7sAhOaog/QdxAKc2uFxNQ4DA4E=
-12,-14,7GyZOzysen0HmDLA/kXr/zlGPYk=,s7sAhOaog/QdxAKc2uFxNQ4DA4E=
-11,-13,7GyZOzysen0HmDLA/kXr/zlGPYk=,s7sAhOaog/QdxAKc2uFxNQ4DA4E=
-11,-15,7GyZOzysen0HmDLA/kXr/zlGPYk=,s7sAhOaog/QdxAKc2uFxNQ4DA4E=
-10,-13,7GyZOzysen0HmDLA/kXr/zlGPYk=,s7sAhOaog/QdxAKc2uFxNQ4DA4E=
-12,-15,7GyZOzysen0HmDLA/kXr/zlGPYk=,s7sAhOaog/QdxAKc2uFxNQ4DA4E=
-11,-16,7GyZOzysen0HmDLA/kXr/zlGPYk=,s7sAhOaog/QdxAKc2uFxNQ4DA4E=
-9,-16,7GyZOzysen0HmDLA/kXr/zlGPYk=,s7sAhOaog/QdxAKc2uFxNQ4DA4E=
-9,-13,7GyZOzysen0HmDLA/kXr/zlGPYk=,s7sAhOaog/QdxAKc2uFxNQ4DA4E=
-11,-12,7GyZOzysen0HmDLA/kXr/zlGPYk=,bA0xl8+EGJAx+lGWWM94vhkIOiA=
-8,-15,7GyZOzysen0HmDLA/kXr/zlGPYk=,XgBR+YlUtnaDuV/DTgbVEI47cVI=
-10,-16,7GyZOzysen0HmDLA/kXr/zlGPYk=,s7sAhOaog/QdxAKc2uFxNQ4DA4E=
-11,-1,7GyZOzysen0HmDLA/kXr/zlGPYk=,pRcPfXpm7+4iKwht4YrBxG2S3qs=
-10,-1,7GyZOzysen0HmDLA/kXr/zlGPYk=,pRcPfXpm7+4iKwht4YrBxG2S3qs=
-12,-16,7GyZOzysen0HmDLA/kXr/zlGPYk=,s7sAhOaog/QdxAKc2uFxNQ4DA4E=
-15,-16,7GyZOzysen0HmDLA/kXr/zlGPYk=,f2GMOWdFMrxajSpDnUBp3qAEPZw=
-14,-16,7GyZOzysen0HmDLA/kXr/zlGPYk=,f2GMOWdFMrxajSpDnUBp3qAEPZw=
-9,-1,7GyZOzysen0HmDLA/kXr/zlGPYk=,pRcPfXpm7+4iKwht4YrBxG2S3qs=
-6,-1,7GyZOzysen0HmDLA/kXr/zlGPYk=,ro3uwjoum5ongOgrMeEfHEmg8To=
-8,-13,7GyZOzysen0HmDLA/kXr/zlGPYk=,XgBR+YlUtnaDuV/DTgbVEI47cVI=
-8,-1,7GyZOzysen0HmDLA/kXr/zlGPYk=,ro3uwjoum5ongOgrMeEfHEmg8To=
-13,-16,7GyZOzysen0HmDLA/kXr/zlGPYk=,f2GMOWdFMrxajSpDnUBp3qAEPZw=
-7,-1,7GyZOzysen0HmDLA/kXr/zlGPYk=,ro3uwjoum5ongOgrMeEfHEmg8To=
-16,-4,7GyZOzysen0HmDLA/kXr/zlGPYk=,nvIxSMFWEINRioTqIf7DbIoy+wY=
-14,-2,7GyZOzysen0HmDLA/kXr/zlGPYk=,nvIxSMFWEINRioTqIf7DbIoy+wY=
-15,-2,7GyZOzysen0HmDLA/kXr/zlGPYk=,nvIxSMFWEINRioTqIf7DbIoy+wY=
-13,-1,7GyZOzysen0HmDLA/kXr/zlGPYk=,nvIxSMFWEINRioTqIf7DbIoy+wY=
-13,-4,7GyZOzysen0HmDLA/kXr/zlGPYk=,nvIxSMFWEINRioTqIf7DbIoy+wY=
-13,-3,7GyZOzysen0HmDLA/kXr/zlGPYk=,nvIxSMFWEINRioTqIf7DbIoy+wY=
-16,-2,7GyZOzysen0HmDLA/kXr/zlGPYk=,nvIxSMFWEINRioTqIf7DbIoy+wY=
-13,-2,7GyZOzysen0HmDLA/kXr/zlGPYk=,nvIxSMFWEINRioTqIf7DbIoy+wY=
-13,-5,7GyZOzysen0HmDLA/kXr/zlGPYk=,av0LVPAcOt+wX6CPwDU/6Ao5h2c=
-14,-1,7GyZOzysen0HmDLA/kXr/zlGPYk=,nvIxSMFWEINRioTqIf7DbIoy+wY=
-14,-5,7GyZOzysen0HmDLA/kXr/zlGPYk=,av0LVPAcOt+wX6CPwDU/6Ao5h2c=
-15,-4,7GyZOzysen0HmDLA/kXr/zlGPYk=,nvIxSMFWEINRioTqIf7DbIoy+wY=
-14,-3,7GyZOzysen0HmDLA/kXr/zlGPYk=,nvIxSMFWEINRioTqIf7DbIoy+wY=
-12,-2,7GyZOzysen0HmDLA/kXr/zlGPYk=,pRcPfXpm7+4iKwht4YrBxG2S3qs=
-15,-3,7GyZOzysen0HmDLA/kXr/zlGPYk=,nvIxSMFWEINRioTqIf7DbIoy+wY=
-12,-4,7GyZOzysen0HmDLA/kXr/zlGPYk=,pRcPfXpm7+4iKwht4YrBxG2S3qs=
-16,-5,7GyZOzysen0HmDLA/kXr/zlGPYk=,av0LVPAcOt+wX6CPwDU/6Ao5h2c=
-14,-4,7GyZOzysen0HmDLA/kXr/zlGPYk=,nvIxSMFWEINRioTqIf7DbIoy+wY=
-16,-3,7GyZOzysen0HmDLA/kXr/zlGPYk=,nvIxSMFWEINRioTqIf7DbIoy+wY=
-12,-1,7GyZOzysen0HmDLA/kXr/zlGPYk=,pRcPfXpm7+4iKwht4YrBxG2S3qs=
-15,-1,7GyZOzysen0HmDLA/kXr/zlGPYk=,nvIxSMFWEINRioTqIf7DbIoy+wY=
-15,-5,7GyZOzysen0HmDLA/kXr/zlGPYk=,av0LVPAcOt+wX6CPwDU/6Ao5h2c=
-12,-3,7GyZOzysen0HmDLA/kXr/zlGPYk=,pRcPfXpm7+4iKwht4YrBxG2S3qs=
-12,-5,7GyZOzysen0HmDLA/kXr/zlGPYk=,uisTo5XNelmS3+zlZV5AKOWHYk8=
-1,-6,7GyZOzysen0HmDLA/kXr/zlGPYk=,kkgADz2kqN95DUZBGSp/plDiw3w=
-1,-7,7GyZOzysen0HmDLA/kXr/zlGPYk=,kkgADz2kqN95DUZBGSp/plDiw3w=
-1,-15,7GyZOzysen0HmDLA/kXr/zlGPYk=,UZG70sg4P6tsO4KV8POB7SGtxKs=
-1,-14,7GyZOzysen0HmDLA/kXr/zlGPYk=,UZG70sg4P6tsO4KV8POB7SGtxKs=
-16,-9,7GyZOzysen0HmDLA/kXr/zlGPYk=,2J6IgbyGOnN7jF5RZXwVNZZv8Fs=
-1,-5,7GyZOzysen0HmDLA/kXr/zlGPYk=,kkgADz2kqN95DUZBGSp/plDiw3w=
-1,-8,7GyZOzysen0HmDLA/kXr/zlGPYk=,kkgADz2kqN95DUZBGSp/plDiw3w=
-16,-8,7GyZOzysen0HmDLA/kXr/zlGPYk=,av0LVPAcOt+wX6CPwDU/6Ao5h2c=
-16,-11,7GyZOzysen0HmDLA/kXr/zlGPYk=,2J6IgbyGOnN7jF5RZXwVNZZv8Fs=
-16,-10,7GyZOzysen0HmDLA/kXr/zlGPYk=,2J6IgbyGOnN7jF5RZXwVNZZv8Fs=
-1,-2,7GyZOzysen0HmDLA/kXr/zlGPYk=,741Sf2Owt3/aJpn93zJCen90/Ig=
-16,-16,7GyZOzysen0HmDLA/kXr/zlGPYk=,f2GMOWdFMrxajSpDnUBp3qAEPZw=
-1,-4,7GyZOzysen0HmDLA/kXr/zlGPYk=,741Sf2Owt3/aJpn93zJCen90/Ig=
-4,-1,7GyZOzysen0HmDLA/kXr/zlGPYk=,741Sf2Owt3/aJpn93zJCen90/Ig=
-1,-16,7GyZOzysen0HmDLA/kXr/zlGPYk=,UZG70sg4P6tsO4KV8POB7SGtxKs=
-1,-3,7GyZOzysen0HmDLA/kXr/zlGPYk=,741Sf2Owt3/aJpn93zJCen90/Ig=
-3,-1,7GyZOzysen0HmDLA/kXr/zlGPYk=,741Sf2Owt3/aJpn93zJCen90/Ig=
-16,-12,7GyZOzysen0HmDLA/kXr/zlGPYk=,2J6IgbyGOnN7jF5RZXwVNZZv8Fs=
-2,-1,7GyZOzysen0HmDLA/kXr/zlGPYk=,741Sf2Owt3/aJpn93zJCen90/Ig=
-16,-13,7GyZOzysen0HmDLA/kXr/zlGPYk=,f2GMOWdFMrxajSpDnUBp3qAEPZw=
-16,-15,7GyZOzysen0HmDLA/kXr/zlGPYk=,f2GMOWdFMrxajSpDnUBp3qAEPZw=
-16,-1,7GyZOzysen0HmDLA/kXr/zlGPYk=,nvIxSMFWEINRioTqIf7DbIoy+wY=
-4,-16,7GyZOzysen0HmDLA/kXr/zlGPYk=,UZG70sg4P6tsO4KV8POB7SGtxKs=
-1,-1,7GyZOzysen0HmDLA/kXr/zlGPYk=,741Sf2Owt3/aJpn93zJCen90/Ig=
-2,-16,7GyZOzysen0HmDLA/kXr/zlGPYk=,UZG70sg4P6tsO4KV8POB7SGtxKs=
-1,-9,7GyZOzysen0HmDLA/kXr/zlGPYk=,U+L7rrrysJriU+C6ugymSS6iDYY=
-5,-16,7GyZOzysen0HmDLA/kXr/zlGPYk=,XgBR+YlUtnaDuV/DTgbVEI47cVI=
-1,-10,7GyZOzysen0HmDLA/kXr/zlGPYk=,U+L7rrrysJriU+C6ugymSS6iDYY=
-16,-14,7GyZOzysen0HmDLA/kXr/zlGPYk=,f2GMOWdFMrxajSpDnUBp3qAEPZw=
-1,-12,7GyZOzysen0HmDLA/kXr/zlGPYk=,U+L7rrrysJriU+C6ugymSS6iDYY=
-3,-16,7GyZOzysen0HmDLA/kXr/zlGPYk=,UZG70sg4P6tsO4KV8POB7SGtxKs=
-5,-1,7GyZOzysen0HmDLA/kXr/zlGPYk=,ro3uwjoum5ongOgrMeEfHEmg8To=
-1,-13,7GyZOzysen0HmDLA/kXr/zlGPYk=,UZG70sg4P6tsO4KV8POB7SGtxKs=
-1,-11,7GyZOzysen0HmDLA/kXr/zlGPYk=,U+L7rrrysJriU+C6ugymSS6iDYY=
-6,-19,7GyZOzysen0HmDLA/kXr/zlGPYk=,gsMcqX8HPkhvkGScgwJPzLZv8gg=
-3,-23,7GyZOzysen0HmDLA/kXr/zlGPYk=,y4HQp6gckmajZzdNFVr6Vd4WEXA=
-6,-18,7GyZOzysen0HmDLA/kXr/zlGPYk=,gsMcqX8HPkhvkGScgwJPzLZv8gg=
-7,-18,7GyZOzysen0HmDLA/kXr/zlGPYk=,gsMcqX8HPkhvkGScgwJPzLZv8gg=
-7,-19,7GyZOzysen0HmDLA/kXr/zlGPYk=,gsMcqX8HPkhvkGScgwJPzLZv8gg=
-2,-23,7GyZOzysen0HmDLA/kXr/zlGPYk=,y4HQp6gckmajZzdNFVr6Vd4WEXA=
-3,-22,7GyZOzysen0HmDLA/kXr/zlGPYk=,y4HQp6gckmajZzdNFVr6Vd4WEXA=
-2,-22,7GyZOzysen0HmDLA/kXr/zlGPYk=,y4HQp6gckmajZzdNFVr6Vd4WEXA=
-4,-23,7GyZOzysen0HmDLA/kXr/zlGPYk=,y4HQp6gckmajZzdNFVr6Vd4WEXA=
-7,-20,7GyZOzysen0HmDLA/kXr/zlGPYk=,gsMcqX8HPkhvkGScgwJPzLZv8gg=
-6,-23,7GyZOzysen0HmDLA/kXr/zlGPYk=,kxGWY1Fej1zimTlNHVSSyEUeEV4=
-6,-20,7GyZOzysen0HmDLA/kXr/zlGPYk=,gsMcqX8HPkhvkGScgwJPzLZv8gg=
-7,-21,7GyZOzysen0HmDLA/kXr/zlGPYk=,kxGWY1Fej1zimTlNHVSSyEUeEV4=
-6,-21,7GyZOzysen0HmDLA/kXr/zlGPYk=,kxGWY1Fej1zimTlNHVSSyEUeEV4=
-7,-23,7GyZOzysen0HmDLA/kXr/zlGPYk=,kxGWY1Fej1zimTlNHVSSyEUeEV4=
-5,-23,7GyZOzysen0HmDLA/kXr/zlGPYk=,kxGWY1Fej1zimTlNHVSSyEUeEV4=
-4,-22,7GyZOzysen0HmDLA/kXr/zlGPYk=,y4HQp6gckmajZzdNFVr6Vd4WEXA=
-6,-22,7GyZOzysen0HmDLA/kXr/zlGPYk=,kxGWY1Fej1zimTlNHVSSyEUeEV4=
-7,-22,7GyZOzysen0HmDLA/kXr/zlGPYk=,kxGWY1Fej1zimTlNHVSSyEUeEV4=
-5,-22,7GyZOzysen0HmDLA/kXr/zlGPYk=,kxGWY1Fej1zimTlNHVSSyEUeEV4=
-9,-23,7GyZOzysen0HmDLA/kXr/zlGPYk=,Vedi7wj+F0D9cw4qRe/O7nNFIgs=
-11,-23,7GyZOzysen0HmDLA/kXr/zlGPYk=,Vedi7wj+F0D9cw4qRe/O7nNFIgs=
-10,-23,7GyZOzysen0HmDLA/kXr/zlGPYk=,Vedi7wj+F0D9cw4qRe/O7nNFIgs=
-8,-23,7GyZOzysen0HmDLA/kXr/zlGPYk=,kxGWY1Fej1zimTlNHVSSyEUeEV4=
-10,-22,7GyZOzysen0HmDLA/kXr/zlGPYk=,Vedi7wj+F0D9cw4qRe/O7nNFIgs=
-9,-22,7GyZOzysen0HmDLA/kXr/zlGPYk=,Vedi7wj+F0D9cw4qRe/O7nNFIgs=
-11,-22,7GyZOzysen0HmDLA/kXr/zlGPYk=,Vedi7wj+F0D9cw4qRe/O7nNFIgs=
-8,-22,7GyZOzysen0HmDLA/kXr/zlGPYk=,kxGWY1Fej1zimTlNHVSSyEUeEV4=
-3,-18,7GyZOzysen0HmDLA/kXr/zlGPYk=,b2VndFbFOVBeiNYe88YMcTi7IAg=
-5,-18,7GyZOzysen0HmDLA/kXr/zlGPYk=,gsMcqX8HPkhvkGScgwJPzLZv8gg=
-4,-18,7GyZOzysen0HmDLA/kXr/zlGPYk=,b2VndFbFOVBeiNYe88YMcTi7IAg=
-3,-19,7GyZOzysen0HmDLA/kXr/zlGPYk=,b2VndFbFOVBeiNYe88YMcTi7IAg=
-5,-20,7GyZOzysen0HmDLA/kXr/zlGPYk=,gsMcqX8HPkhvkGScgwJPzLZv8gg=
-4,-19,7GyZOzysen0HmDLA/kXr/zlGPYk=,b2VndFbFOVBeiNYe88YMcTi7IAg=
-4,-20,7GyZOzysen0HmDLA/kXr/zlGPYk=,b2VndFbFOVBeiNYe88YMcTi7IAg=
-5,-19,7GyZOzysen0HmDLA/kXr/zlGPYk=,gsMcqX8HPkhvkGScgwJPzLZv8gg=
-3,-20,7GyZOzysen0HmDLA/kXr/zlGPYk=,b2VndFbFOVBeiNYe88YMcTi7IAg=
-2,-18,7GyZOzysen0HmDLA/kXr/zlGPYk=,b2VndFbFOVBeiNYe88YMcTi7IAg=
-4,-21,7GyZOzysen0HmDLA/kXr/zlGPYk=,y4HQp6gckmajZzdNFVr6Vd4WEXA=
-2,-21,7GyZOzysen0HmDLA/kXr/zlGPYk=,y4HQp6gckmajZzdNFVr6Vd4WEXA=
-3,-21,7GyZOzysen0HmDLA/kXr/zlGPYk=,y4HQp6gckmajZzdNFVr6Vd4WEXA=
-5,-21,7GyZOzysen0HmDLA/kXr/zlGPYk=,kxGWY1Fej1zimTlNHVSSyEUeEV4=
-2,-20,7GyZOzysen0HmDLA/kXr/zlGPYk=,b2VndFbFOVBeiNYe88YMcTi7IAg=
-2,-19,7GyZOzysen0HmDLA/kXr/zlGPYk=,b2VndFbFOVBeiNYe88YMcTi7IAg=
-15,-27,7GyZOzysen0HmDLA/kXr/zlGPYk=,4AG6PCeaNhAVKha/nOnJHMl2Wa0=
-14,-27,7GyZOzysen0HmDLA/kXr/zlGPYk=,4AG6PCeaNhAVKha/nOnJHMl2Wa0=
-15,-26,7GyZOzysen0HmDLA/kXr/zlGPYk=,4AG6PCeaNhAVKha/nOnJHMl2Wa0=
-14,-26,7GyZOzysen0HmDLA/kXr/zlGPYk=,4AG6PCeaNhAVKha/nOnJHMl2Wa0=
-13,-27,7GyZOzysen0HmDLA/kXr/zlGPYk=,4AG6PCeaNhAVKha/nOnJHMl2Wa0=
-13,-26,7GyZOzysen0HmDLA/kXr/zlGPYk=,4AG6PCeaNhAVKha/nOnJHMl2Wa0=
-11,-24,7GyZOzysen0HmDLA/kXr/zlGPYk=,Vedi7wj+F0D9cw4qRe/O7nNFIgs=
-10,-24,7GyZOzysen0HmDLA/kXr/zlGPYk=,Vedi7wj+F0D9cw4qRe/O7nNFIgs=
-16,-27,7GyZOzysen0HmDLA/kXr/zlGPYk=,4AG6PCeaNhAVKha/nOnJHMl2Wa0=
-16,-26,7GyZOzysen0HmDLA/kXr/zlGPYk=,4AG6PCeaNhAVKha/nOnJHMl2Wa0=
-6,-17,7GyZOzysen0HmDLA/kXr/zlGPYk=,gsMcqX8HPkhvkGScgwJPzLZv8gg=
-7,-17,7GyZOzysen0HmDLA/kXr/zlGPYk=,gsMcqX8HPkhvkGScgwJPzLZv8gg=
-5,-17,7GyZOzysen0HmDLA/kXr/zlGPYk=,gsMcqX8HPkhvkGScgwJPzLZv8gg=
-4,-17,7GyZOzysen0HmDLA/kXr/zlGPYk=,b2VndFbFOVBeiNYe88YMcTi7IAg=
-2,-17,7GyZOzysen0HmDLA/kXr/zlGPYk=,b2VndFbFOVBeiNYe88YMcTi7IAg=
-3,-17,7GyZOzysen0HmDLA/kXr/zlGPYk=,b2VndFbFOVBeiNYe88YMcTi7IAg=
-1,-21,7GyZOzysen0HmDLA/kXr/zlGPYk=,y4HQp6gckmajZzdNFVr6Vd4WEXA=
-1,-23,7GyZOzysen0HmDLA/kXr/zlGPYk=,y4HQp6gckmajZzdNFVr6Vd4WEXA=
-1,-20,7GyZOzysen0HmDLA/kXr/zlGPYk=,b2VndFbFOVBeiNYe88YMcTi7IAg=
-1,-22,7GyZOzysen0HmDLA/kXr/zlGPYk=,y4HQp6gckmajZzdNFVr6Vd4WEXA=
-1,-18,7GyZOzysen0HmDLA/kXr/zlGPYk=,b2VndFbFOVBeiNYe88YMcTi7IAg=
-1,-19,7GyZOzysen0HmDLA/kXr/zlGPYk=,b2VndFbFOVBeiNYe88YMcTi7IAg=
-1,-17,7GyZOzysen0HmDLA/kXr/zlGPYk=,b2VndFbFOVBeiNYe88YMcTi7IAg=
-9,-19,7GyZOzysen0HmDLA/kXr/zlGPYk=,uhu/oE6UMCBDeU1wXUTnj3tkdZ8=
-8,-19,7GyZOzysen0HmDLA/kXr/zlGPYk=,gsMcqX8HPkhvkGScgwJPzLZv8gg=
-9,-20,7GyZOzysen0HmDLA/kXr/zlGPYk=,uhu/oE6UMCBDeU1wXUTnj3tkdZ8=
-8,-21,7GyZOzysen0HmDLA/kXr/zlGPYk=,kxGWY1Fej1zimTlNHVSSyEUeEV4=
-10,-20,7GyZOzysen0HmDLA/kXr/zlGPYk=,uhu/oE6UMCBDeU1wXUTnj3tkdZ8=
-10,-17,7GyZOzysen0HmDLA/kXr/zlGPYk=,uhu/oE6UMCBDeU1wXUTnj3tkdZ8=
-8,-17,7GyZOzysen0HmDLA/kXr/zlGPYk=,gsMcqX8HPkhvkGScgwJPzLZv8gg=
-10,-19,7GyZOzysen0HmDLA/kXr/zlGPYk=,uhu/oE6UMCBDeU1wXUTnj3tkdZ8=
-9,-21,7GyZOzysen0HmDLA/kXr/zlGPYk=,Vedi7wj+F0D9cw4qRe/O7nNFIgs=
-9,-17,7GyZOzysen0HmDLA/kXr/zlGPYk=,uhu/oE6UMCBDeU1wXUTnj3tkdZ8=
-8,-20,7GyZOzysen0HmDLA/kXr/zlGPYk=,gsMcqX8HPkhvkGScgwJPzLZv8gg=
-10,-21,7GyZOzysen0HmDLA/kXr/zlGPYk=,Vedi7wj+F0D9cw4qRe/O7nNFIgs=
-3,-24,7GyZOzysen0HmDLA/kXr/zlGPYk=,y4HQp6gckmajZzdNFVr6Vd4WEXA=
-2,-24,7GyZOzysen0HmDLA/kXr/zlGPYk=,y4HQp6gckmajZzdNFVr6Vd4WEXA=
-15,-28,7GyZOzysen0HmDLA/kXr/zlGPYk=,4AG6PCeaNhAVKha/nOnJHMl2Wa0=
-14,-28,7GyZOzysen0HmDLA/kXr/zlGPYk=,4AG6PCeaNhAVKha/nOnJHMl2Wa0=
-13,-28,7GyZOzysen0HmDLA/kXr/zlGPYk=,4AG6PCeaNhAVKha/nOnJHMl2Wa0=
-1,-24,7GyZOzysen0HmDLA/kXr/zlGPYk=,y4HQp6gckmajZzdNFVr6Vd4WEXA=
-16,-28,7GyZOzysen0HmDLA/kXr/zlGPYk=,4AG6PCeaNhAVKha/nOnJHMl2Wa0=
-10,-18,7GyZOzysen0HmDLA/kXr/zlGPYk=,uhu/oE6UMCBDeU1wXUTnj3tkdZ8=
-8,-18,7GyZOzysen0HmDLA/kXr/zlGPYk=,gsMcqX8HPkhvkGScgwJPzLZv8gg=
-9,-18,7GyZOzysen0HmDLA/kXr/zlGPYk=,uhu/oE6UMCBDeU1wXUTnj3tkdZ8=
-11,-20,7GyZOzysen0HmDLA/kXr/zlGPYk=,uhu/oE6UMCBDeU1wXUTnj3tkdZ8=
-11,-17,7GyZOzysen0HmDLA/kXr/zlGPYk=,uhu/oE6UMCBDeU1wXUTnj3tkdZ8=
-11,-21,7GyZOzysen0HmDLA/kXr/zlGPYk=,Vedi7wj+F0D9cw4qRe/O7nNFIgs=
-11,-18,7GyZOzysen0HmDLA/kXr/zlGPYk=,uhu/oE6UMCBDeU1wXUTnj3tkdZ8=
-11,-19,7GyZOzysen0HmDLA/kXr/zlGPYk=,uhu/oE6UMCBDeU1wXUTnj3tkdZ8=
-13,-24,7GyZOzysen0HmDLA/kXr/zlGPYk=,mFRK35N8/+Wf1eqWMziz8cdQu8I=
-14,-24,7GyZOzysen0HmDLA/kXr/zlGPYk=,mFRK35N8/+Wf1eqWMziz8cdQu8I=
-13,-25,7GyZOzysen0HmDLA/kXr/zlGPYk=,4AG6PCeaNhAVKha/nOnJHMl2Wa0=
-12,-23,7GyZOzysen0HmDLA/kXr/zlGPYk=,Vedi7wj+F0D9cw4qRe/O7nNFIgs=
-15,-25,7GyZOzysen0HmDLA/kXr/zlGPYk=,4AG6PCeaNhAVKha/nOnJHMl2Wa0=
-12,-24,7GyZOzysen0HmDLA/kXr/zlGPYk=,Vedi7wj+F0D9cw4qRe/O7nNFIgs=
-12,-22,7GyZOzysen0HmDLA/kXr/zlGPYk=,Vedi7wj+F0D9cw4qRe/O7nNFIgs=
-14,-25,7GyZOzysen0HmDLA/kXr/zlGPYk=,4AG6PCeaNhAVKha/nOnJHMl2Wa0=
-13,-23,7GyZOzysen0HmDLA/kXr/zlGPYk=,mFRK35N8/+Wf1eqWMziz8cdQu8I=
-16,-25,7GyZOzysen0HmDLA/kXr/zlGPYk=,4AG6PCeaNhAVKha/nOnJHMl2Wa0=
-15,-22,7GyZOzysen0HmDLA/kXr/zlGPYk=,mFRK35N8/+Wf1eqWMziz8cdQu8I=
-13,-22,7GyZOzysen0HmDLA/kXr/zlGPYk=,mFRK35N8/+Wf1eqWMziz8cdQu8I=
-14,-22,7GyZOzysen0HmDLA/kXr/zlGPYk=,mFRK35N8/+Wf1eqWMziz8cdQu8I=
-16,-23,7GyZOzysen0HmDLA/kXr/zlGPYk=,mFRK35N8/+Wf1eqWMziz8cdQu8I=
-14,-23,7GyZOzysen0HmDLA/kXr/zlGPYk=,mFRK35N8/+Wf1eqWMziz8cdQu8I=
-15,-23,7GyZOzysen0HmDLA/kXr/zlGPYk=,mFRK35N8/+Wf1eqWMziz8cdQu8I=
-16,-22,7GyZOzysen0HmDLA/kXr/zlGPYk=,mFRK35N8/+Wf1eqWMziz8cdQu8I=
-15,-24,7GyZOzysen0HmDLA/kXr/zlGPYk=,mFRK35N8/+Wf1eqWMziz8cdQu8I=
-16,-24,7GyZOzysen0HmDLA/kXr/zlGPYk=,mFRK35N8/+Wf1eqWMziz8cdQu8I=
-8,-25,7GyZOzysen0HmDLA/kXr/zlGPYk=,TXdRdDJ+5kNfX15huM69IKXz8RY=
-8,-26,7GyZOzysen0HmDLA/kXr/zlGPYk=,TXdRdDJ+5kNfX15huM69IKXz8RY=
-9,-24,7GyZOzysen0HmDLA/kXr/zlGPYk=,Vedi7wj+F0D9cw4qRe/O7nNFIgs=
-7,-27,7GyZOzysen0HmDLA/kXr/zlGPYk=,TXdRdDJ+5kNfX15huM69IKXz8RY=
-5,-24,7GyZOzysen0HmDLA/kXr/zlGPYk=,kxGWY1Fej1zimTlNHVSSyEUeEV4=
-8,-27,7GyZOzysen0HmDLA/kXr/zlGPYk=,TXdRdDJ+5kNfX15huM69IKXz8RY=
-7,-24,7GyZOzysen0HmDLA/kXr/zlGPYk=,kxGWY1Fej1zimTlNHVSSyEUeEV4=
-4,-24,7GyZOzysen0HmDLA/kXr/zlGPYk=,y4HQp6gckmajZzdNFVr6Vd4WEXA=
-8,-24,7GyZOzysen0HmDLA/kXr/zlGPYk=,kxGWY1Fej1zimTlNHVSSyEUeEV4=
-5,-25,7GyZOzysen0HmDLA/kXr/zlGPYk=,TXdRdDJ+5kNfX15huM69IKXz8RY=
-7,-28,7GyZOzysen0HmDLA/kXr/zlGPYk=,TXdRdDJ+5kNfX15huM69IKXz8RY=
-7,-25,7GyZOzysen0HmDLA/kXr/zlGPYk=,TXdRdDJ+5kNfX15huM69IKXz8RY=
-8,-28,7GyZOzysen0HmDLA/kXr/zlGPYk=,TXdRdDJ+5kNfX15huM69IKXz8RY=
-6,-24,7GyZOzysen0HmDLA/kXr/zlGPYk=,kxGWY1Fej1zimTlNHVSSyEUeEV4=
-7,-26,7GyZOzysen0HmDLA/kXr/zlGPYk=,TXdRdDJ+5kNfX15huM69IKXz8RY=
-16,-17,7GyZOzysen0HmDLA/kXr/zlGPYk=,svHlYVCwOHk8SwAfgGIw0xgZx+A=
-6,-28,7GyZOzysen0HmDLA/kXr/zlGPYk=,TXdRdDJ+5kNfX15huM69IKXz8RY=
-6,-25,7GyZOzysen0HmDLA/kXr/zlGPYk=,TXdRdDJ+5kNfX15huM69IKXz8RY=
-5,-28,7GyZOzysen0HmDLA/kXr/zlGPYk=,TXdRdDJ+5kNfX15huM69IKXz8RY=
-5,-26,7GyZOzysen0HmDLA/kXr/zlGPYk=,TXdRdDJ+5kNfX15huM69IKXz8RY=
-14,-21,7GyZOzysen0HmDLA/kXr/zlGPYk=,mFRK35N8/+Wf1eqWMziz8cdQu8I=
-13,-20,7GyZOzysen0HmDLA/kXr/zlGPYk=,svHlYVCwOHk8SwAfgGIw0xgZx+A=
-5,-27,7GyZOzysen0HmDLA/kXr/zlGPYk=,TXdRdDJ+5kNfX15huM69IKXz8RY=
-13,-18,7GyZOzysen0HmDLA/kXr/zlGPYk=,svHlYVCwOHk8SwAfgGIw0xgZx+A=
-14,-20,7GyZOzysen0HmDLA/kXr/zlGPYk=,svHlYVCwOHk8SwAfgGIw0xgZx+A=
-15,-17,7GyZOzysen0HmDLA/kXr/zlGPYk=,svHlYVCwOHk8SwAfgGIw0xgZx+A=
-12,-18,7GyZOzysen0HmDLA/kXr/zlGPYk=,uhu/oE6UMCBDeU1wXUTnj3tkdZ8=
-15,-18,7GyZOzysen0HmDLA/kXr/zlGPYk=,svHlYVCwOHk8SwAfgGIw0xgZx+A=
-15,-21,7GyZOzysen0HmDLA/kXr/zlGPYk=,mFRK35N8/+Wf1eqWMziz8cdQu8I=
-6,-27,7GyZOzysen0HmDLA/kXr/zlGPYk=,TXdRdDJ+5kNfX15huM69IKXz8RY=
-13,-21,7GyZOzysen0HmDLA/kXr/zlGPYk=,mFRK35N8/+Wf1eqWMziz8cdQu8I=
-6,-26,7GyZOzysen0HmDLA/kXr/zlGPYk=,TXdRdDJ+5kNfX15huM69IKXz8RY=
-16,-21,7GyZOzysen0HmDLA/kXr/zlGPYk=,mFRK35N8/+Wf1eqWMziz8cdQu8I=
-15,-20,7GyZOzysen0HmDLA/kXr/zlGPYk=,svHlYVCwOHk8SwAfgGIw0xgZx+A=
-14,-18,7GyZOzysen0HmDLA/kXr/zlGPYk=,svHlYVCwOHk8SwAfgGIw0xgZx+A=
-16,-20,7GyZOzysen0HmDLA/kXr/zlGPYk=,svHlYVCwOHk8SwAfgGIw0xgZx+A=
-13,-19,7GyZOzysen0HmDLA/kXr/zlGPYk=,svHlYVCwOHk8SwAfgGIw0xgZx+A=
-16,-18,7GyZOzysen0HmDLA/kXr/zlGPYk=,svHlYVCwOHk8SwAfgGIw0xgZx+A=
-16,-19,7GyZOzysen0HmDLA/kXr/zlGPYk=,svHlYVCwOHk8SwAfgGIw0xgZx+A=
-14,-17,7GyZOzysen0HmDLA/kXr/zlGPYk=,svHlYVCwOHk8SwAfgGIw0xgZx+A=
-12,-21,7GyZOzysen0HmDLA/kXr/zlGPYk=,Vedi7wj+F0D9cw4qRe/O7nNFIgs=
-15,-19,7GyZOzysen0HmDLA/kXr/zlGPYk=,svHlYVCwOHk8SwAfgGIw0xgZx+A=
-13,-17,7GyZOzysen0HmDLA/kXr/zlGPYk=,svHlYVCwOHk8SwAfgGIw0xgZx+A=
-12,-19,7GyZOzysen0HmDLA/kXr/zlGPYk=,uhu/oE6UMCBDeU1wXUTnj3tkdZ8=
-12,-17,7GyZOzysen0HmDLA/kXr/zlGPYk=,uhu/oE6UMCBDeU1wXUTnj3tkdZ8=
-14,-19,7GyZOzysen0HmDLA/kXr/zlGPYk=,svHlYVCwOHk8SwAfgGIw0xgZx+A=
-12,-20,7GyZOzysen0HmDLA/kXr/zlGPYk=,uhu/oE6UMCBDeU1wXUTnj3tkdZ8=
-19,-27,bY9p71TWMfWkRKb5+w01pfDsXt4=,wXFIBOF7imdK2dsbaDoyHZo39Z8=
-18,-26,bY9p71TWMfWkRKb5+w01pfDsXt4=,wXFIBOF7imdK2dsbaDoyHZo39Z8=
-18,-27,bY9p71TWMfWkRKb5+w01pfDsXt4=,wXFIBOF7imdK2dsbaDoyHZo39Z8=
-19,-26,bY9p71TWMfWkRKb5+w01pfDsXt4=,wXFIBOF7imdK2dsbaDoyHZo39Z8=
-20,-27,bY9p71TWMfWkRKb5+w01pfDsXt4=,wXFIBOF7imdK2dsbaDoyHZo39Z8=
-20,-26,bY9p71TWMfWkRKb5+w01pfDsXt4=,wXFIBOF7imdK2dsbaDoyHZo39Z8=
-17,-27,bY9p71TWMfWkRKb5+w01pfDsXt4=,wXFIBOF7imdK2dsbaDoyHZo39Z8=
-17,-26,bY9p71TWMfWkRKb5+w01pfDsXt4=,wXFIBOF7imdK2dsbaDoyHZo39Z8=
-18,-28,bY9p71TWMfWkRKb5+w01pfDsXt4=,wXFIBOF7imdK2dsbaDoyHZo39Z8=
-19,-28,bY9p71TWMfWkRKb5+w01pfDsXt4=,wXFIBOF7imdK2dsbaDoyHZo39Z8=
-20,-28,bY9p71TWMfWkRKb5+w01pfDsXt4=,wXFIBOF7imdK2dsbaDoyHZo39Z8=
-17,-28,bY9p71TWMfWkRKb5+w01pfDsXt4=,wXFIBOF7imdK2dsbaDoyHZo39Z8=
-18,-22,bY9p71TWMfWkRKb5+w01pfDsXt4=,69Fv9LWlkeOTexH//Liz2Yp0teo=
-19,-24,bY9p71TWMfWkRKb5+w01pfDsXt4=,69Fv9LWlkeOTexH//Liz2Yp0teo=
-19,-22,bY9p71TWMfWkRKb5+w01pfDsXt4=,69Fv9LWlkeOTexH//Liz2Yp0teo=
-18,-24,bY9p71TWMfWkRKb5+w01pfDsXt4=,69Fv9LWlkeOTexH//Liz2Yp0teo=
-19,-23,bY9p71TWMfWkRKb5+w01pfDsXt4=,69Fv9LWlkeOTexH//Liz2Yp0teo=
-18,-23,bY9p71TWMfWkRKb5+w01pfDsXt4=,69Fv9LWlkeOTexH//Liz2Yp0teo=
-17,-22,bY9p71TWMfWkRKb5+w01pfDsXt4=,69Fv9LWlkeOTexH//Liz2Yp0teo=
-18,-25,bY9p71TWMfWkRKb5+w01pfDsXt4=,wXFIBOF7imdK2dsbaDoyHZo39Z8=
-19,-25,bY9p71TWMfWkRKb5+w01pfDsXt4=,wXFIBOF7imdK2dsbaDoyHZo39Z8=
-17,-25,bY9p71TWMfWkRKb5+w01pfDsXt4=,wXFIBOF7imdK2dsbaDoyHZo39Z8=
-17,-23,bY9p71TWMfWkRKb5+w01pfDsXt4=,69Fv9LWlkeOTexH//Liz2Yp0teo=
-17,-24,bY9p71TWMfWkRKb5+w01pfDsXt4=,69Fv9LWlkeOTexH//Liz2Yp0teo=
-20,-24,bY9p71TWMfWkRKb5+w01pfDsXt4=,69Fv9LWlkeOTexH//Liz2Yp0teo=
-21,-23,bY9p71TWMfWkRKb5+w01pfDsXt4=,U5zw/YH8QJtcDcn+GCbx+bkiKi4=
-21,-24,bY9p71TWMfWkRKb5+w01pfDsXt4=,U5zw/YH8QJtcDcn+GCbx+bkiKi4=
-22,-24,bY9p71TWMfWkRKb5+w01pfDsXt4=,U5zw/YH8QJtcDcn+GCbx+bkiKi4=
-24,-22,bY9p71TWMfWkRKb5+w01pfDsXt4=,U5zw/YH8QJtcDcn+GCbx+bkiKi4=
-22,-23,bY9p71TWMfWkRKb5+w01pfDsXt4=,U5zw/YH8QJtcDcn+GCbx+bkiKi4=
-20,-23,bY9p71TWMfWkRKb5+w01pfDsXt4=,69Fv9LWlkeOTexH//Liz2Yp0teo=
-23,-21,bY9p71TWMfWkRKb5+w01pfDsXt4=,U5zw/YH8QJtcDcn+GCbx+bkiKi4=
-20,-22,bY9p71TWMfWkRKb5+w01pfDsXt4=,69Fv9LWlkeOTexH//Liz2Yp0teo=
-24,-21,bY9p71TWMfWkRKb5+w01pfDsXt4=,U5zw/YH8QJtcDcn+GCbx+bkiKi4=
-22,-21,bY9p71TWMfWkRKb5+w01pfDsXt4=,U5zw/YH8QJtcDcn+GCbx+bkiKi4=
-23,-24,bY9p71TWMfWkRKb5+w01pfDsXt4=,U5zw/YH8QJtcDcn+GCbx+bkiKi4=
-24,-24,bY9p71TWMfWkRKb5+w01pfDsXt4=,U5zw/YH8QJtcDcn+GCbx+bkiKi4=
-20,-25,bY9p71TWMfWkRKb5+w01pfDsXt4=,wXFIBOF7imdK2dsbaDoyHZo39Z8=
-23,-22,bY9p71TWMfWkRKb5+w01pfDsXt4=,U5zw/YH8QJtcDcn+GCbx+bkiKi4=
-24,-23,bY9p71TWMfWkRKb5+w01pfDsXt4=,U5zw/YH8QJtcDcn+GCbx+bkiKi4=
-22,-22,bY9p71TWMfWkRKb5+w01pfDsXt4=,U5zw/YH8QJtcDcn+GCbx+bkiKi4=
-21,-22,bY9p71TWMfWkRKb5+w01pfDsXt4=,U5zw/YH8QJtcDcn+GCbx+bkiKi4=
-23,-23,bY9p71TWMfWkRKb5+w01pfDsXt4=,U5zw/YH8QJtcDcn+GCbx+bkiKi4=
-18,-17,bY9p71TWMfWkRKb5+w01pfDsXt4=,uOwnxBoOLHp4z9EPQqP3PUFE+e4=
-20,-18,bY9p71TWMfWkRKb5+w01pfDsXt4=,uOwnxBoOLHp4z9EPQqP3PUFE+e4=
-17,-21,bY9p71TWMfWkRKb5+w01pfDsXt4=,69Fv9LWlkeOTexH//Liz2Yp0teo=
-18,-21,bY9p71TWMfWkRKb5+w01pfDsXt4=,69Fv9LWlkeOTexH//Liz2Yp0teo=
-20,-17,bY9p71TWMfWkRKb5+w01pfDsXt4=,uOwnxBoOLHp4z9EPQqP3PUFE+e4=
-17,-17,bY9p71TWMfWkRKb5+w01pfDsXt4=,uOwnxBoOLHp4z9EPQqP3PUFE+e4=
-19,-21,bY9p71TWMfWkRKb5+w01pfDsXt4=,69Fv9LWlkeOTexH//Liz2Yp0teo=
-19,-17,bY9p71TWMfWkRKb5+w01pfDsXt4=,uOwnxBoOLHp4z9EPQqP3PUFE+e4=
-19,-18,bY9p71TWMfWkRKb5+w01pfDsXt4=,uOwnxBoOLHp4z9EPQqP3PUFE+e4=
-18,-18,bY9p71TWMfWkRKb5+w01pfDsXt4=,uOwnxBoOLHp4z9EPQqP3PUFE+e4=
-17,-19,bY9p71TWMfWkRKb5+w01pfDsXt4=,uOwnxBoOLHp4z9EPQqP3PUFE+e4=
-17,-20,bY9p71TWMfWkRKb5+w01pfDsXt4=,uOwnxBoOLHp4z9EPQqP3PUFE+e4=
-17,-18,bY9p71TWMfWkRKb5+w01pfDsXt4=,uOwnxBoOLHp4z9EPQqP3PUFE+e4=
-20,-21,bY9p71TWMfWkRKb5+w01pfDsXt4=,69Fv9LWlkeOTexH//Liz2Yp0teo=
-18,-20,bY9p71TWMfWkRKb5+w01pfDsXt4=,uOwnxBoOLHp4z9EPQqP3PUFE+e4=
-19,-19,bY9p71TWMfWkRKb5+w01pfDsXt4=,uOwnxBoOLHp4z9EPQqP3PUFE+e4=
-20,-19,bY9p71TWMfWkRKb5+w01pfDsXt4=,uOwnxBoOLHp4z9EPQqP3PUFE+e4=
-21,-21,bY9p71TWMfWkRKb5+w01pfDsXt4=,U5zw/YH8QJtcDcn+GCbx+bkiKi4=
-20,-20,bY9p71TWMfWkRKb5+w01pfDsXt4=,uOwnxBoOLHp4z9EPQqP3PUFE+e4=
-18,-19,bY9p71TWMfWkRKb5+w01pfDsXt4=,uOwnxBoOLHp4z9EPQqP3PUFE+e4=
-19,-20,bY9p71TWMfWkRKb5+w01pfDsXt4=,uOwnxBoOLHp4z9EPQqP3PUFE+e4=
-31,-6,bY9p71TWMfWkRKb5+w01pfDsXt4=,GX2DbUhweEKSj/eexuqH3QtGJO4=
-30,-6,bY9p71TWMfWkRKb5+w01pfDsXt4=,GX2DbUhweEKSj/eexuqH3QtGJO4=
-31,-7,bY9p71TWMfWkRKb5+w01pfDsXt4=,GX2DbUhweEKSj/eexuqH3QtGJO4=
-30,-7,bY9p71TWMfWkRKb5+w01pfDsXt4=,GX2DbUhweEKSj/eexuqH3QtGJO4=
-28,-7,bY9p71TWMfWkRKb5+w01pfDsXt4=,Znlch4FUbDAskZizF4GpCEvqKak=
-27,-7,bY9p71TWMfWkRKb5+w01pfDsXt4=,Znlch4FUbDAskZizF4GpCEvqKak=
-26,-7,bY9p71TWMfWkRKb5+w01pfDsXt4=,Znlch4FUbDAskZizF4GpCEvqKak=
-29,-7,bY9p71TWMfWkRKb5+w01pfDsXt4=,GX2DbUhweEKSj/eexuqH3QtGJO4=
-23,-7,bY9p71TWMfWkRKb5+w01pfDsXt4=,vX1K8+DGESEX2LcTp9mFgSlJItE=
-22,-7,bY9p71TWMfWkRKb5+w01pfDsXt4=,vX1K8+DGESEX2LcTp9mFgSlJItE=
-24,-6,bY9p71TWMfWkRKb5+w01pfDsXt4=,vX1K8+DGESEX2LcTp9mFgSlJItE=
-26,-6,bY9p71TWMfWkRKb5+w01pfDsXt4=,Znlch4FUbDAskZizF4GpCEvqKak=
-28,-6,bY9p71TWMfWkRKb5+w01pfDsXt4=,Znlch4FUbDAskZizF4GpCEvqKak=
-25,-6,bY9p71TWMfWkRKb5+w01pfDsXt4=,Znlch4FUbDAskZizF4GpCEvqKak=
-27,-6,bY9p71TWMfWkRKb5+w01pfDsXt4=,Znlch4FUbDAskZizF4GpCEvqKak=
-22,-6,bY9p71TWMfWkRKb5+w01pfDsXt4=,vX1K8+DGESEX2LcTp9mFgSlJItE=
-23,-6,bY9p71TWMfWkRKb5+w01pfDsXt4=,vX1K8+DGESEX2LcTp9mFgSlJItE=
-25,-7,bY9p71TWMfWkRKb5+w01pfDsXt4=,Znlch4FUbDAskZizF4GpCEvqKak=
-24,-7,bY9p71TWMfWkRKb5+w01pfDsXt4=,vX1K8+DGESEX2LcTp9mFgSlJItE=
-27,-11,bY9p71TWMfWkRKb5+w01pfDsXt4=,NtpMr8wBphvnSV3BqoqNHbnkqkc=
-26,-11,bY9p71TWMfWkRKb5+w01pfDsXt4=,NtpMr8wBphvnSV3BqoqNHbnkqkc=
-27,-10,bY9p71TWMfWkRKb5+w01pfDsXt4=,NtpMr8wBphvnSV3BqoqNHbnkqkc=
-26,-10,bY9p71TWMfWkRKb5+w01pfDsXt4=,NtpMr8wBphvnSV3BqoqNHbnkqkc=
-27,-9,bY9p71TWMfWkRKb5+w01pfDsXt4=,NtpMr8wBphvnSV3BqoqNHbnkqkc=
-26,-9,bY9p71TWMfWkRKb5+w01pfDsXt4=,NtpMr8wBphvnSV3BqoqNHbnkqkc=
-27,-8,bY9p71TWMfWkRKb5+w01pfDsXt4=,Znlch4FUbDAskZizF4GpCEvqKak=
-26,-8,bY9p71TWMfWkRKb5+w01pfDsXt4=,Znlch4FUbDAskZizF4GpCEvqKak=
-23,-3,bY9p71TWMfWkRKb5+w01pfDsXt4=,tAK0ptjubBXHk2W9UA/AOdxZbIM=
-23,-5,bY9p71TWMfWkRKb5+w01pfDsXt4=,vX1K8+DGESEX2LcTp9mFgSlJItE=
-23,-4,bY9p71TWMfWkRKb5+w01pfDsXt4=,tAK0ptjubBXHk2W9UA/AOdxZbIM=
-23,-2,bY9p71TWMfWkRKb5+w01pfDsXt4=,tAK0ptjubBXHk2W9UA/AOdxZbIM=
-22,-3,bY9p71TWMfWkRKb5+w01pfDsXt4=,tAK0ptjubBXHk2W9UA/AOdxZbIM=
-22,-2,bY9p71TWMfWkRKb5+w01pfDsXt4=,tAK0ptjubBXHk2W9UA/AOdxZbIM=
-22,-5,bY9p71TWMfWkRKb5+w01pfDsXt4=,vX1K8+DGESEX2LcTp9mFgSlJItE=
-22,-4,bY9p71TWMfWkRKb5+w01pfDsXt4=,tAK0ptjubBXHk2W9UA/AOdxZbIM=
-27,-4,bY9p71TWMfWkRKb5+w01pfDsXt4=,jDyR+332FerkW2TDfV47POo7BgI=
-24,-4,bY9p71TWMfWkRKb5+w01pfDsXt4=,tAK0ptjubBXHk2W9UA/AOdxZbIM=
-26,-4,bY9p71TWMfWkRKb5+w01pfDsXt4=,jDyR+332FerkW2TDfV47POo7BgI=
-25,-5,bY9p71TWMfWkRKb5+w01pfDsXt4=,Znlch4FUbDAskZizF4GpCEvqKak=
-24,-5,bY9p71TWMfWkRKb5+w01pfDsXt4=,vX1K8+DGESEX2LcTp9mFgSlJItE=
-27,-2,bY9p71TWMfWkRKb5+w01pfDsXt4=,jDyR+332FerkW2TDfV47POo7BgI=
-26,-5,bY9p71TWMfWkRKb5+w01pfDsXt4=,Znlch4FUbDAskZizF4GpCEvqKak=
-25,-2,bY9p71TWMfWkRKb5+w01pfDsXt4=,jDyR+332FerkW2TDfV47POo7BgI=
-29,-6,bY9p71TWMfWkRKb5+w01pfDsXt4=,GX2DbUhweEKSj/eexuqH3QtGJO4=
-27,-5,bY9p71TWMfWkRKb5+w01pfDsXt4=,Znlch4FUbDAskZizF4GpCEvqKak=
-25,-4,bY9p71TWMfWkRKb5+w01pfDsXt4=,jDyR+332FerkW2TDfV47POo7BgI=
-24,-3,bY9p71TWMfWkRKb5+w01pfDsXt4=,tAK0ptjubBXHk2W9UA/AOdxZbIM=
-27,-3,bY9p71TWMfWkRKb5+w01pfDsXt4=,jDyR+332FerkW2TDfV47POo7BgI=
-26,-2,bY9p71TWMfWkRKb5+w01pfDsXt4=,jDyR+332FerkW2TDfV47POo7BgI=
-24,-2,bY9p71TWMfWkRKb5+w01pfDsXt4=,tAK0ptjubBXHk2W9UA/AOdxZbIM=
-26,-3,bY9p71TWMfWkRKb5+w01pfDsXt4=,jDyR+332FerkW2TDfV47POo7BgI=
-25,-3,bY9p71TWMfWkRKb5+w01pfDsXt4=,jDyR+332FerkW2TDfV47POo7BgI=
-19,-11,bY9p71TWMfWkRKb5+w01pfDsXt4=,SoepO4anaTHjZBGZftj2FaLdoKA=
-18,-10,bY9p71TWMfWkRKb5+w01pfDsXt4=,SoepO4anaTHjZBGZftj2FaLdoKA=
-18,-11,bY9p71TWMfWkRKb5+w01pfDsXt4=,SoepO4anaTHjZBGZftj2FaLdoKA=
-19,-10,bY9p71TWMfWkRKb5+w01pfDsXt4=,SoepO4anaTHjZBGZftj2FaLdoKA=
-27,-13,bY9p71TWMfWkRKb5+w01pfDsXt4=,X/BW6nmLeXkXRtsZw8iWuHZnnsw=
-27,-15,bY9p71TWMfWkRKb5+w01pfDsXt4=,X/BW6nmLeXkXRtsZw8iWuHZnnsw=
-26,-15,bY9p71TWMfWkRKb5+w01pfDsXt4=,X/BW6nmLeXkXRtsZw8iWuHZnnsw=
-27,-12,bY9p71TWMfWkRKb5+w01pfDsXt4=,NtpMr8wBphvnSV3BqoqNHbnkqkc=
-26,-13,bY9p71TWMfWkRKb5+w01pfDsXt4=,X/BW6nmLeXkXRtsZw8iWuHZnnsw=
-26,-12,bY9p71TWMfWkRKb5+w01pfDsXt4=,NtpMr8wBphvnSV3BqoqNHbnkqkc=
-27,-14,bY9p71TWMfWkRKb5+w01pfDsXt4=,X/BW6nmLeXkXRtsZw8iWuHZnnsw=
-26,-14,bY9p71TWMfWkRKb5+w01pfDsXt4=,X/BW6nmLeXkXRtsZw8iWuHZnnsw=
-28,-15,bY9p71TWMfWkRKb5+w01pfDsXt4=,X/BW6nmLeXkXRtsZw8iWuHZnnsw=
-28,-14,bY9p71TWMfWkRKb5+w01pfDsXt4=,X/BW6nmLeXkXRtsZw8iWuHZnnsw=
-19,-13,bY9p71TWMfWkRKb5+w01pfDsXt4=,nTy14UrIfVuvIIWrbIdSaEh/FH8=
-18,-12,bY9p71TWMfWkRKb5+w01pfDsXt4=,SoepO4anaTHjZBGZftj2FaLdoKA=
-19,-12,bY9p71TWMfWkRKb5+w01pfDsXt4=,SoepO4anaTHjZBGZftj2FaLdoKA=
-18,-15,bY9p71TWMfWkRKb5+w01pfDsXt4=,nTy14UrIfVuvIIWrbIdSaEh/FH8=
-19,-15,bY9p71TWMfWkRKb5+w01pfDsXt4=,nTy14UrIfVuvIIWrbIdSaEh/FH8=
-18,-16,bY9p71TWMfWkRKb5+w01pfDsXt4=,nTy14UrIfVuvIIWrbIdSaEh/FH8=
-18,-13,bY9p71TWMfWkRKb5+w01pfDsXt4=,nTy14UrIfVuvIIWrbIdSaEh/FH8=
-19,-14,bY9p71TWMfWkRKb5+w01pfDsXt4=,nTy14UrIfVuvIIWrbIdSaEh/FH8=
-19,-16,bY9p71TWMfWkRKb5+w01pfDsXt4=,nTy14UrIfVuvIIWrbIdSaEh/FH8=
-17,-15,bY9p71TWMfWkRKb5+w01pfDsXt4=,nTy14UrIfVuvIIWrbIdSaEh/FH8=
-18,-14,bY9p71TWMfWkRKb5+w01pfDsXt4=,nTy14UrIfVuvIIWrbIdSaEh/FH8=
-21,-16,bY9p71TWMfWkRKb5+w01pfDsXt4=,AP8gv+XlMJhjWKSBGKiZfzkQhEE=
-20,-15,bY9p71TWMfWkRKb5+w01pfDsXt4=,nTy14UrIfVuvIIWrbIdSaEh/FH8=
-22,-16,bY9p71TWMfWkRKb5+w01pfDsXt4=,AP8gv+XlMJhjWKSBGKiZfzkQhEE=
-24,-15,bY9p71TWMfWkRKb5+w01pfDsXt4=,AP8gv+XlMJhjWKSBGKiZfzkQhEE=
-23,-15,bY9p71TWMfWkRKb5+w01pfDsXt4=,AP8gv+XlMJhjWKSBGKiZfzkQhEE=
-25,-15,bY9p71TWMfWkRKb5+w01pfDsXt4=,X/BW6nmLeXkXRtsZw8iWuHZnnsw=
-20,-16,bY9p71TWMfWkRKb5+w01pfDsXt4=,nTy14UrIfVuvIIWrbIdSaEh/FH8=
-22,-15,bY9p71TWMfWkRKb5+w01pfDsXt4=,AP8gv+XlMJhjWKSBGKiZfzkQhEE=
-23,-16,bY9p71TWMfWkRKb5+w01pfDsXt4=,AP8gv+XlMJhjWKSBGKiZfzkQhEE=
-17,-14,bY9p71TWMfWkRKb5+w01pfDsXt4=,nTy14UrIfVuvIIWrbIdSaEh/FH8=
-25,-14,bY9p71TWMfWkRKb5+w01pfDsXt4=,X/BW6nmLeXkXRtsZw8iWuHZnnsw=
-23,-14,bY9p71TWMfWkRKb5+w01pfDsXt4=,AP8gv+XlMJhjWKSBGKiZfzkQhEE=
-20,-14,bY9p71TWMfWkRKb5+w01pfDsXt4=,nTy14UrIfVuvIIWrbIdSaEh/FH8=
-21,-14,bY9p71TWMfWkRKb5+w01pfDsXt4=,AP8gv+XlMJhjWKSBGKiZfzkQhEE=
-21,-15,bY9p71TWMfWkRKb5+w01pfDsXt4=,AP8gv+XlMJhjWKSBGKiZfzkQhEE=
-22,-14,bY9p71TWMfWkRKb5+w01pfDsXt4=,AP8gv+XlMJhjWKSBGKiZfzkQhEE=
-24,-14,bY9p71TWMfWkRKb5+w01pfDsXt4=,AP8gv+XlMJhjWKSBGKiZfzkQhEE=
-20,-11,bY9p71TWMfWkRKb5+w01pfDsXt4=,SoepO4anaTHjZBGZftj2FaLdoKA=
-22,-8,bY9p71TWMfWkRKb5+w01pfDsXt4=,vX1K8+DGESEX2LcTp9mFgSlJItE=
-23,-8,bY9p71TWMfWkRKb5+w01pfDsXt4=,vX1K8+DGESEX2LcTp9mFgSlJItE=
-25,-8,bY9p71TWMfWkRKb5+w01pfDsXt4=,Znlch4FUbDAskZizF4GpCEvqKak=
-21,-11,bY9p71TWMfWkRKb5+w01pfDsXt4=,SgjHm74Zl6HzqzonLyfZLW0iPm0=
-23,-10,bY9p71TWMfWkRKb5+w01pfDsXt4=,SgjHm74Zl6HzqzonLyfZLW0iPm0=
-24,-10,bY9p71TWMfWkRKb5+w01pfDsXt4=,SgjHm74Zl6HzqzonLyfZLW0iPm0=
-25,-9,bY9p71TWMfWkRKb5+w01pfDsXt4=,NtpMr8wBphvnSV3BqoqNHbnkqkc=
-25,-12,bY9p71TWMfWkRKb5+w01pfDsXt4=,NtpMr8wBphvnSV3BqoqNHbnkqkc=
-24,-13,bY9p71TWMfWkRKb5+w01pfDsXt4=,AP8gv+XlMJhjWKSBGKiZfzkQhEE=
-24,-9,bY9p71TWMfWkRKb5+w01pfDsXt4=,SgjHm74Zl6HzqzonLyfZLW0iPm0=
-24,-8,bY9p71TWMfWkRKb5+w01pfDsXt4=,vX1K8+DGESEX2LcTp9mFgSlJItE=
-25,-10,bY9p71TWMfWkRKb5+w01pfDsXt4=,NtpMr8wBphvnSV3BqoqNHbnkqkc=
-21,-12,bY9p71TWMfWkRKb5+w01pfDsXt4=,SgjHm74Zl6HzqzonLyfZLW0iPm0=
-24,-11,bY9p71TWMfWkRKb5+w01pfDsXt4=,SgjHm74Zl6HzqzonLyfZLW0iPm0=
-22,-12,bY9p71TWMfWkRKb5+w01pfDsXt4=,SgjHm74Zl6HzqzonLyfZLW0iPm0=
-25,-13,bY9p71TWMfWkRKb5+w01pfDsXt4=,X/BW6nmLeXkXRtsZw8iWuHZnnsw=
-25,-11,bY9p71TWMfWkRKb5+w01pfDsXt4=,NtpMr8wBphvnSV3BqoqNHbnkqkc=
-21,-10,bY9p71TWMfWkRKb5+w01pfDsXt4=,SgjHm74Zl6HzqzonLyfZLW0iPm0=
-20,-12,bY9p71TWMfWkRKb5+w01pfDsXt4=,SoepO4anaTHjZBGZftj2FaLdoKA=
-22,-9,bY9p71TWMfWkRKb5+w01pfDsXt4=,SgjHm74Zl6HzqzonLyfZLW0iPm0=
-20,-13,bY9p71TWMfWkRKb5+w01pfDsXt4=,nTy14UrIfVuvIIWrbIdSaEh/FH8=
-23,-9,bY9p71TWMfWkRKb5+w01pfDsXt4=,SgjHm74Zl6HzqzonLyfZLW0iPm0=
-23,-12,bY9p71TWMfWkRKb5+w01pfDsXt4=,SgjHm74Zl6HzqzonLyfZLW0iPm0=
-23,-11,bY9p71TWMfWkRKb5+w01pfDsXt4=,SgjHm74Zl6HzqzonLyfZLW0iPm0=
-22,-10,bY9p71TWMfWkRKb5+w01pfDsXt4=,SgjHm74Zl6HzqzonLyfZLW0iPm0=
-22,-11,bY9p71TWMfWkRKb5+w01pfDsXt4=,SgjHm74Zl6HzqzonLyfZLW0iPm0=
-23,-13,bY9p71TWMfWkRKb5+w01pfDsXt4=,AP8gv+XlMJhjWKSBGKiZfzkQhEE=
-22,-13,bY9p71TWMfWkRKb5+w01pfDsXt4=,AP8gv+XlMJhjWKSBGKiZfzkQhEE=
-24,-12,bY9p71TWMfWkRKb5+w01pfDsXt4=,SgjHm74Zl6HzqzonLyfZLW0iPm0=
-21,-13,bY9p71TWMfWkRKb5+w01pfDsXt4=,AP8gv+XlMJhjWKSBGKiZfzkQhEE=
-20,-10,bY9p71TWMfWkRKb5+w01pfDsXt4=,SoepO4anaTHjZBGZftj2FaLdoKA=
-17,-11,bY9p71TWMfWkRKb5+w01pfDsXt4=,SoepO4anaTHjZBGZftj2FaLdoKA=
-17,-12,bY9p71TWMfWkRKb5+w01pfDsXt4=,SoepO4anaTHjZBGZftj2FaLdoKA=
-17,-10,bY9p71TWMfWkRKb5+w01pfDsXt4=,SoepO4anaTHjZBGZftj2FaLdoKA=
-17,-13,bY9p71TWMfWkRKb5+w01pfDsXt4=,nTy14UrIfVuvIIWrbIdSaEh/FH8=
-28,-2,bY9p71TWMfWkRKb5+w01pfDsXt4=,jDyR+332FerkW2TDfV47POo7BgI=
-28,-3,bY9p71TWMfWkRKb5+w01pfDsXt4=,jDyR+332FerkW2TDfV47POo7BgI=
-30,-5,bY9p71TWMfWkRKb5+w01pfDsXt4=,GX2DbUhweEKSj/eexuqH3QtGJO4=
-31,-5,bY9p71TWMfWkRKb5+w01pfDsXt4=,GX2DbUhweEKSj/eexuqH3QtGJO4=
-27,-1,bY9p71TWMfWkRKb5+w01pfDsXt4=,jDyR+332FerkW2TDfV47POo7BgI=
-23,-1,bY9p71TWMfWkRKb5+w01pfDsXt4=,tAK0ptjubBXHk2W9UA/AOdxZbIM=
-28,-4,bY9p71TWMfWkRKb5+w01pfDsXt4=,jDyR+332FerkW2TDfV47POo7BgI=
-26,-1,bY9p71TWMfWkRKb5+w01pfDsXt4=,jDyR+332FerkW2TDfV47POo7BgI=
-29,-5,bY9p71TWMfWkRKb5+w01pfDsXt4=,GX2DbUhweEKSj/eexuqH3QtGJO4=
-24,-1,bY9p71TWMfWkRKb5+w01pfDsXt4=,tAK0ptjubBXHk2W9UA/AOdxZbIM=
-25,-1,bY9p71TWMfWkRKb5+w01pfDsXt4=,jDyR+332FerkW2TDfV47POo7BgI=
-28,-5,bY9p71TWMfWkRKb5+w01pfDsXt4=,Znlch4FUbDAskZizF4GpCEvqKak=
-22,-1,bY9p71TWMfWkRKb5+w01pfDsXt4=,tAK0ptjubBXHk2W9UA/AOdxZbIM=
-32,-7,bY9p71TWMfWkRKb5+w01pfDsXt4=,GX2DbUhweEKSj/eexuqH3QtGJO4=
-32,-6,bY9p71TWMfWkRKb5+w01pfDsXt4=,GX2DbUhweEKSj/eexuqH3QtGJO4=
-17,-16,bY9p71TWMfWkRKb5+w01pfDsXt4=,nTy14UrIfVuvIIWrbIdSaEh/FH8=
-27,-16,bY9p71TWMfWkRKb5+w01pfDsXt4=,X/BW6nmLeXkXRtsZw8iWuHZnnsw=
-24,-16,bY9p71TWMfWkRKb5+w01pfDsXt4=,AP8gv+XlMJhjWKSBGKiZfzkQhEE=
-26,-16,bY9p71TWMfWkRKb5+w01pfDsXt4=,X/BW6nmLeXkXRtsZw8iWuHZnnsw=
-25,-16,bY9p71TWMfWkRKb5+w01pfDsXt4=,X/BW6nmLeXkXRtsZw8iWuHZnnsw=
-28,-16,bY9p71TWMfWkRKb5+w01pfDsXt4=,X/BW6nmLeXkXRtsZw8iWuHZnnsw=
-32,-5,bY9p71TWMfWkRKb5+w01pfDsXt4=,GX2DbUhweEKSj/eexuqH3QtGJO4=
-28,-1,bY9p71TWMfWkRKb5+w01pfDsXt4=,jDyR+332FerkW2TDfV47POo7BgI=
-28,-11,bY9p71TWMfWkRKb5+w01pfDsXt4=,NtpMr8wBphvnSV3BqoqNHbnkqkc=
-29,-12,bY9p71TWMfWkRKb5+w01pfDsXt4=,8Hw5jLfcposYvfS2n4vo5vZJi8Q=
-29,-10,bY9p71TWMfWkRKb5+w01pfDsXt4=,8Hw5jLfcposYvfS2n4vo5vZJi8Q=
-30,-12,bY9p71TWMfWkRKb5+w01pfDsXt4=,8Hw5jLfcposYvfS2n4vo5vZJi8Q=
-31,-12,bY9p71TWMfWkRKb5+w01pfDsXt4=,8Hw5jLfcposYvfS2n4vo5vZJi8Q=
-30,-10,bY9p71TWMfWkRKb5+w01pfDsXt4=,8Hw5jLfcposYvfS2n4vo5vZJi8Q=
-28,-8,bY9p71TWMfWkRKb5+w01pfDsXt4=,Znlch4FUbDAskZizF4GpCEvqKak=
-32,-12,bY9p71TWMfWkRKb5+w01pfDsXt4=,8Hw5jLfcposYvfS2n4vo5vZJi8Q=
-31,-10,bY9p71TWMfWkRKb5+w01pfDsXt4=,8Hw5jLfcposYvfS2n4vo5vZJi8Q=
-29,-8,bY9p71TWMfWkRKb5+w01pfDsXt4=,GX2DbUhweEKSj/eexuqH3QtGJO4=
-32,-9,bY9p71TWMfWkRKb5+w01pfDsXt4=,8Hw5jLfcposYvfS2n4vo5vZJi8Q=
-28,-13,bY9p71TWMfWkRKb5+w01pfDsXt4=,X/BW6nmLeXkXRtsZw8iWuHZnnsw=
-32,-11,bY9p71TWMfWkRKb5+w01pfDsXt4=,8Hw5jLfcposYvfS2n4vo5vZJi8Q=
-31,-11,bY9p71TWMfWkRKb5+w01pfDsXt4=,8Hw5jLfcposYvfS2n4vo5vZJi8Q=
-31,-9,bY9p71TWMfWkRKb5+w01pfDsXt4=,8Hw5jLfcposYvfS2n4vo5vZJi8Q=
-29,-11,bY9p71TWMfWkRKb5+w01pfDsXt4=,8Hw5jLfcposYvfS2n4vo5vZJi8Q=
-30,-11,bY9p71TWMfWkRKb5+w01pfDsXt4=,8Hw5jLfcposYvfS2n4vo5vZJi8Q=
-28,-12,bY9p71TWMfWkRKb5+w01pfDsXt4=,NtpMr8wBphvnSV3BqoqNHbnkqkc=
-28,-10,bY9p71TWMfWkRKb5+w01pfDsXt4=,NtpMr8wBphvnSV3BqoqNHbnkqkc=
-32,-10,bY9p71TWMfWkRKb5+w01pfDsXt4=,8Hw5jLfcposYvfS2n4vo5vZJi8Q=
-30,-9,bY9p71TWMfWkRKb5+w01pfDsXt4=,8Hw5jLfcposYvfS2n4vo5vZJi8Q=
-29,-9,bY9p71TWMfWkRKb5+w01pfDsXt4=,8Hw5jLfcposYvfS2n4vo5vZJi8Q=
-28,-9,bY9p71TWMfWkRKb5+w01pfDsXt4=,NtpMr8wBphvnSV3BqoqNHbnkqkc=
-30,-8,bY9p71TWMfWkRKb5+w01pfDsXt4=,GX2DbUhweEKSj/eexuqH3QtGJO4=
-31,-8,bY9p71TWMfWkRKb5+w01pfDsXt4=,GX2DbUhweEKSj/eexuqH3QtGJO4=
-32,-8,bY9p71TWMfWkRKb5+w01pfDsXt4=,GX2DbUhweEKSj/eexuqH3QtGJO4=
-20,-2,bY9p71TWMfWkRKb5+w01pfDsXt4=,1lRusu049beItF9cN8bWcM7vty8=
-19,-3,bY9p71TWMfWkRKb5+w01pfDsXt4=,1lRusu049beItF9cN8bWcM7vty8=
-17,-3,bY9p71TWMfWkRKb5+w01pfDsXt4=,1lRusu049beItF9cN8bWcM7vty8=
-19,-1,bY9p71TWMfWkRKb5+w01pfDsXt4=,1lRusu049beItF9cN8bWcM7vty8=
-17,-1,bY9p71TWMfWkRKb5+w01pfDsXt4=,1lRusu049beItF9cN8bWcM7vty8=
-19,-2,bY9p71TWMfWkRKb5+w01pfDsXt4=,1lRusu049beItF9cN8bWcM7vty8=
-18,-3,bY9p71TWMfWkRKb5+w01pfDsXt4=,1lRusu049beItF9cN8bWcM7vty8=
-20,-1,bY9p71TWMfWkRKb5+w01pfDsXt4=,1lRusu049beItF9cN8bWcM7vty8=
-21,-1,bY9p71TWMfWkRKb5+w01pfDsXt4=,tAK0ptjubBXHk2W9UA/AOdxZbIM=
-18,-2,bY9p71TWMfWkRKb5+w01pfDsXt4=,1lRusu049beItF9cN8bWcM7vty8=
-21,-2,bY9p71TWMfWkRKb5+w01pfDsXt4=,tAK0ptjubBXHk2W9UA/AOdxZbIM=
-18,-1,bY9p71TWMfWkRKb5+w01pfDsXt4=,1lRusu049beItF9cN8bWcM7vty8=
-20,-3,bY9p71TWMfWkRKb5+w01pfDsXt4=,1lRusu049beItF9cN8bWcM7vty8=
-17,-2,bY9p71TWMfWkRKb5+w01pfDsXt4=,1lRusu049beItF9cN8bWcM7vty8=
-21,-3,bY9p71TWMfWkRKb5+w01pfDsXt4=,tAK0ptjubBXHk2W9UA/AOdxZbIM=
-18,-7,bY9p71TWMfWkRKb5+w01pfDsXt4=,dctL4qzS1w9KxZfhVe6df7wnE60=
-21,-6,bY9p71TWMfWkRKb5+w01pfDsXt4=,vX1K8+DGESEX2LcTp9mFgSlJItE=
-17,-7,bY9p71TWMfWkRKb5+w01pfDsXt4=,dctL4qzS1w9KxZfhVe6df7wnE60=
-18,-8,bY9p71TWMfWkRKb5+w01pfDsXt4=,dctL4qzS1w9KxZfhVe6df7wnE60=
-17,-8,bY9p71TWMfWkRKb5+w01pfDsXt4=,dctL4qzS1w9KxZfhVe6df7wnE60=
-17,-4,bY9p71TWMfWkRKb5+w01pfDsXt4=,1lRusu049beItF9cN8bWcM7vty8=
-19,-6,bY9p71TWMfWkRKb5+w01pfDsXt4=,dctL4qzS1w9KxZfhVe6df7wnE60=
-21,-8,bY9p71TWMfWkRKb5+w01pfDsXt4=,vX1K8+DGESEX2LcTp9mFgSlJItE=
-17,-9,bY9p71TWMfWkRKb5+w01pfDsXt4=,SoepO4anaTHjZBGZftj2FaLdoKA=
-18,-9,bY9p71TWMfWkRKb5+w01pfDsXt4=,SoepO4anaTHjZBGZftj2FaLdoKA=
-20,-7,bY9p71TWMfWkRKb5+w01pfDsXt4=,dctL4qzS1w9KxZfhVe6df7wnE60=
-21,-9,bY9p71TWMfWkRKb5+w01pfDsXt4=,SgjHm74Zl6HzqzonLyfZLW0iPm0=
-19,-7,bY9p71TWMfWkRKb5+w01pfDsXt4=,dctL4qzS1w9KxZfhVe6df7wnE60=
-20,-9,bY9p71TWMfWkRKb5+w01pfDsXt4=,SoepO4anaTHjZBGZftj2FaLdoKA=
-18,-4,bY9p71TWMfWkRKb5+w01pfDsXt4=,1lRusu049beItF9cN8bWcM7vty8=
-21,-7,bY9p71TWMfWkRKb5+w01pfDsXt4=,vX1K8+DGESEX2LcTp9mFgSlJItE=
-20,-8,bY9p71TWMfWkRKb5+w01pfDsXt4=,dctL4qzS1w9KxZfhVe6df7wnE60=
-19,-8,bY9p71TWMfWkRKb5+w01pfDsXt4=,dctL4qzS1w9KxZfhVe6df7wnE60=
-19,-9,bY9p71TWMfWkRKb5+w01pfDsXt4=,SoepO4anaTHjZBGZftj2FaLdoKA=
-18,-6,bY9p71TWMfWkRKb5+w01pfDsXt4=,dctL4qzS1w9KxZfhVe6df7wnE60=
-17,-5,bY9p71TWMfWkRKb5+w01pfDsXt4=,dctL4qzS1w9KxZfhVe6df7wnE60=
-18,-5,bY9p71TWMfWkRKb5+w01pfDsXt4=,dctL4qzS1w9KxZfhVe6df7wnE60=
-19,-5,bY9p71TWMfWkRKb5+w01pfDsXt4=,dctL4qzS1w9KxZfhVe6df7wnE60=
-17,-6,bY9p71TWMfWkRKb5+w01pfDsXt4=,dctL4qzS1w9KxZfhVe6df7wnE60=
-19,-4,bY9p71TWMfWkRKb5+w01pfDsXt4=,1lRusu049beItF9cN8bWcM7vty8=
-21,-4,bY9p71TWMfWkRKb5+w01pfDsXt4=,tAK0ptjubBXHk2W9UA/AOdxZbIM=
-21,-5,bY9p71TWMfWkRKb5+w01pfDsXt4=,vX1K8+DGESEX2LcTp9mFgSlJItE=
-20,-6,bY9p71TWMfWkRKb5+w01pfDsXt4=,dctL4qzS1w9KxZfhVe6df7wnE60=
-20,-4,bY9p71TWMfWkRKb5+w01pfDsXt4=,1lRusu049beItF9cN8bWcM7vty8=
-20,-5,bY9p71TWMfWkRKb5+w01pfDsXt4=,dctL4qzS1w9KxZfhVe6df7wnE60=
