0,0,ZTAwIpiKU3gF69Nmbtch7lTZEiA=,KXjfYSNuneVwoMlVF4v1vdSvVUg=
0,1,ZTAwIpiKU3gF69Nmbtch7lTZEiA=,PLNRZg44D/tFPBjTy+9xews3mgE=
0,2,ZTAwIpiKU3gF69Nmbtch7lTZEiA=,PLNRZg44D/tFPBjTy+9xews3mgE=
0,3,ZTAwIpiKU3gF69Nmbtch7lTZEiA=,PLNRZg44D/tFPBjTy+9xews3mgE=
0,4,ZTAwIpiKU3gF69Nmbtch7lTZEiA=,PLNRZg44D/tFPBjTy+9xews3mgE=
0,5,ZTAwIpiKU3gF69Nmbtch7lTZEiA=,PLNRZg44D/tFPBjTy+9xews3mgE=
0,6,EnM+7h6smdoouVwKsP/PAdPwh6s=,OIA1wYKKhbSlAAqlCYV3h+Bar74=
0,7,EnM+7h6smdoouVwKsP/PAdPwh6s=,akFDLhWb2MLR0g20k+UqOcvaZ7E=
0,8,EnM+7h6smdoouVwKsP/PAdPwh6s=,sZJF1nyyUGpYklzRu/FtAjLi5+U=
1,1,EnM+7h6smdoouVwKsP/PAdPwh6s=,SRdz0fDdF/D2alQkDcM6129hjiM=
1,0,EnM+7h6smdoouVwKsP/PAdPwh6s=,4D0FKD1m8WVIpKM9vIqzEbUVBZQ=
1,3,EnM+7h6smdoouVwKsP/PAdPwh6s=,IdzOD4ZQ3KXR5foq5aYIfk1uG48=
1,2,EnM+7h6smdoouVwKsP/PAdPwh6s=,IdzOD4ZQ3KXR5foq5aYIfk1uG48=
1,5,EnM+7h6smdoouVwKsP/PAdPwh6s=,8Ha26wDL7yFXIvyXmcfNYqgUSpA=
1,4,EnM+7h6smdoouVwKsP/PAdPwh6s=,IdzOD4ZQ3KXR5foq5aYIfk1uG48=
1,7,EnM+7h6smdoouVwKsP/PAdPwh6s=,akFDLhWb2MLR0g20k+UqOcvaZ7E=
1,6,EnM+7h6smdoouVwKsP/PAdPwh6s=,77fvfiWUJLMNLmkpfsutGuhKg5I=
1,9,EnM+7h6smdoouVwKsP/PAdPwh6s=,sZJF1nyyUGpYklzRu/FtAjLi5+U=
1,8,EnM+7h6smdoouVwKsP/PAdPwh6s=,sZJF1nyyUGpYklzRu/FtAjLi5+U=
2,2,EnM+7h6smdoouVwKsP/PAdPwh6s=,8Ha26wDL7yFXIvyXmcfNYqgUSpA=
2,3,EnM+7h6smdoouVwKsP/PAdPwh6s=,+cUo9q4yYuqkB1Llri30N6yAwe8=
2,0,EnM+7h6smdoouVwKsP/PAdPwh6s=,akFDLhWb2MLR0g20k+UqOcvaZ7E=
2,1,EnM+7h6smdoouVwKsP/PAdPwh6s=,fTiLzO0cUF1NP9FeXE0B9mIGvnU=
2,6,EnM+7h6smdoouVwKsP/PAdPwh6s=,akFDLhWb2MLR0g20k+UqOcvaZ7E=
2,4,EnM+7h6smdoouVwKsP/PAdPwh6s=,+cUo9q4yYuqkB1Llri30N6yAwe8=
2,5,EnM+7h6smdoouVwKsP/PAdPwh6s=,77fvfiWUJLMNLmkpfsutGuhKg5I=
2,10,EnM+7h6smdoouVwKsP/PAdPwh6s=,sZJF1nyyUGpYklzRu/FtAjLi5+U=
2,11,EnM+7h6smdoouVwKsP/PAdPwh6s=,sZJF1nyyUGpYklzRu/FtAjLi5+U=
2,9,EnM+7h6smdoouVwKsP/PAdPwh6s=,D9XFyjdYPVi5ImabYF1GL76TrAw=
3,3,EnM+7h6smdoouVwKsP/PAdPwh6s=,akFDLhWb2MLR0g20k+UqOcvaZ7E=
3,2,EnM+7h6smdoouVwKsP/PAdPwh6s=,HFK5E6smteEOYvb0topHxBzCCLQ=
3,1,EnM+7h6smdoouVwKsP/PAdPwh6s=,fTiLzO0cUF1NP9FeXE0B9mIGvnU=
3,0,EnM+7h6smdoouVwKsP/PAdPwh6s=,akFDLhWb2MLR0g20k+UqOcvaZ7E=
3,7,EnM+7h6smdoouVwKsP/PAdPwh6s=,akFDLhWb2MLR0g20k+UqOcvaZ7E=
3,6,EnM+7h6smdoouVwKsP/PAdPwh6s=,akFDLhWb2MLR0g20k+UqOcvaZ7E=
3,5,EnM+7h6smdoouVwKsP/PAdPwh6s=,akFDLhWb2MLR0g20k+UqOcvaZ7E=
3,4,EnM+7h6smdoouVwKsP/PAdPwh6s=,akFDLhWb2MLR0g20k+UqOcvaZ7E=
3,11,EnM+7h6smdoouVwKsP/PAdPwh6s=,sZJF1nyyUGpYklzRu/FtAjLi5+U=
3,10,EnM+7h6smdoouVwKsP/PAdPwh6s=,BLSE2LSP58tTEEAlHf9Zj8E/BKw=
3,8,EnM+7h6smdoouVwKsP/PAdPwh6s=,eSAp3FiEX8LuGInTYCpc+qOQFyk=
3,12,EnM+7h6smdoouVwKsP/PAdPwh6s=,sZJF1nyyUGpYklzRu/FtAjLi5+U=
4,0,EnM+7h6smdoouVwKsP/PAdPwh6s=,akFDLhWb2MLR0g20k+UqOcvaZ7E=
4,1,EnM+7h6smdoouVwKsP/PAdPwh6s=,4D0FKD1m8WVIpKM9vIqzEbUVBZQ=
4,2,EnM+7h6smdoouVwKsP/PAdPwh6s=,77fvfiWUJLMNLmkpfsutGuhKg5I=
4,12,EnM+7h6smdoouVwKsP/PAdPwh6s=,sZJF1nyyUGpYklzRu/FtAjLi5+U=
4,13,EnM+7h6smdoouVwKsP/PAdPwh6s=,sZJF1nyyUGpYklzRu/FtAjLi5+U=
4,8,EnM+7h6smdoouVwKsP/PAdPwh6s=,akFDLhWb2MLR0g20k+UqOcvaZ7E=
4,11,EnM+7h6smdoouVwKsP/PAdPwh6s=,sZJF1nyyUGpYklzRu/FtAjLi5+U=
5,7,EnM+7h6smdoouVwKsP/PAdPwh6s=,akFDLhWb2MLR0g20k+UqOcvaZ7E=
5,1,EnM+7h6smdoouVwKsP/PAdPwh6s=,akFDLhWb2MLR0g20k+UqOcvaZ7E=
5,0,EnM+7h6smdoouVwKsP/PAdPwh6s=,akFDLhWb2MLR0g20k+UqOcvaZ7E=
5,2,EnM+7h6smdoouVwKsP/PAdPwh6s=,akFDLhWb2MLR0g20k+UqOcvaZ7E=
5,13,EnM+7h6smdoouVwKsP/PAdPwh6s=,sZJF1nyyUGpYklzRu/FtAjLi5+U=
5,14,EnM+7h6smdoouVwKsP/PAdPwh6s=,sZJF1nyyUGpYklzRu/FtAjLi5+U=
5,8,EnM+7h6smdoouVwKsP/PAdPwh6s=,Ye2ASxSF1xc7os2rkNzoDbtKue8=
6,7,EnM+7h6smdoouVwKsP/PAdPwh6s=,akFDLhWb2MLR0g20k+UqOcvaZ7E=
6,2,EnM+7h6smdoouVwKsP/PAdPwh6s=,akFDLhWb2MLR0g20k+UqOcvaZ7E=
6,0,EnM+7h6smdoouVwKsP/PAdPwh6s=,akFDLhWb2MLR0g20k+UqOcvaZ7E=
6,1,EnM+7h6smdoouVwKsP/PAdPwh6s=,akFDLhWb2MLR0g20k+UqOcvaZ7E=
6,14,0kkTBNXtQcldKuBmikKwh9cQ/Z0=,sZJF1nyyUGpYklzRu/FtAjLi5+U=
6,15,0kkTBNXtQcldKuBmikKwh9cQ/Z0=,sZJF1nyyUGpYklzRu/FtAjLi5+U=
7,7,0kkTBNXtQcldKuBmikKwh9cQ/Z0=,akFDLhWb2MLR0g20k+UqOcvaZ7E=
7,2,0kkTBNXtQcldKuBmikKwh9cQ/Z0=,akFDLhWb2MLR0g20k+UqOcvaZ7E=
7,1,0kkTBNXtQcldKuBmikKwh9cQ/Z0=,akFDLhWb2MLR0g20k+UqOcvaZ7E=
7,0,0kkTBNXtQcldKuBmikKwh9cQ/Z0=,akFDLhWb2MLR0g20k+UqOcvaZ7E=
7,15,0kkTBNXtQcldKuBmikKwh9cQ/Z0=,sZJF1nyyUGpYklzRu/FtAjLi5+U=
7,8,0kkTBNXtQcldKuBmikKwh9cQ/Z0=,sZJF1nyyUGpYklzRu/FtAjLi5+U=
7,16,0kkTBNXtQcldKuBmikKwh9cQ/Z0=,wUzJrd0Im35D0Rs6m/ZKqL55W/M=
8,8,0kkTBNXtQcldKuBmikKwh9cQ/Z0=,wUzJrd0Im35D0Rs6m/ZKqL55W/M=
8,9,0kkTBNXtQcldKuBmikKwh9cQ/Z0=,wUzJrd0Im35D0Rs6m/ZKqL55W/M=
8,0,0kkTBNXtQcldKuBmikKwh9cQ/Z0=,wUzJrd0Im35D0Rs6m/ZKqL55W/M=
8,16,0kkTBNXtQcldKuBmikKwh9cQ/Z0=,wUzJrd0Im35D0Rs6m/ZKqL55W/M=
8,17,0kkTBNXtQcldKuBmikKwh9cQ/Z0=,wUzJrd0Im35D0Rs6m/ZKqL55W/M=
9,9,0kkTBNXtQcldKuBmikKwh9cQ/Z0=,wUzJrd0Im35D0Rs6m/ZKqL55W/M=
9,8,0kkTBNXtQcldKuBmikKwh9cQ/Z0=,wUzJrd0Im35D0Rs6m/ZKqL55W/M=
9,0,0kkTBNXtQcldKuBmikKwh9cQ/Z0=,wUzJrd0Im35D0Rs6m/ZKqL55W/M=
9,17,0kkTBNXtQcldKuBmikKwh9cQ/Z0=,wUzJrd0Im35D0Rs6m/ZKqL55W/M=
9,19,0kkTBNXtQcldKuBmikKwh9cQ/Z0=,wUzJrd0Im35D0Rs6m/ZKqL55W/M=
9,18,0kkTBNXtQcldKuBmikKwh9cQ/Z0=,wUzJrd0Im35D0Rs6m/ZKqL55W/M=
10,10,0kkTBNXtQcldKuBmikKwh9cQ/Z0=,wUzJrd0Im35D0Rs6m/ZKqL55W/M=
10,9,0kkTBNXtQcldKuBmikKwh9cQ/Z0=,wUzJrd0Im35D0Rs6m/ZKqL55W/M=
10,0,0kkTBNXtQcldKuBmikKwh9cQ/Z0=,wUzJrd0Im35D0Rs6m/ZKqL55W/M=
10,18,0kkTBNXtQcldKuBmikKwh9cQ/Z0=,wUzJrd0Im35D0Rs6m/ZKqL55W/M=
10,19,0kkTBNXtQcldKuBmikKwh9cQ/Z0=,wUzJrd0Im35D0Rs6m/ZKqL55W/M=
11,10,0kkTBNXtQcldKuBmikKwh9cQ/Z0=,wUzJrd0Im35D0Rs6m/ZKqL55W/M=
11,0,0kkTBNXtQcldKuBmikKwh9cQ/Z0=,wUzJrd0Im35D0Rs6m/ZKqL55W/M=
11,18,0kkTBNXtQcldKuBmikKwh9cQ/Z0=,wUzJrd0Im35D0Rs6m/ZKqL55W/M=
12,10,0kkTBNXtQcldKuBmikKwh9cQ/Z0=,wUzJrd0Im35D0Rs6m/ZKqL55W/M=
12,11,0kkTBNXtQcldKuBmikKwh9cQ/Z0=,wUzJrd0Im35D0Rs6m/ZKqL55W/M=
12,0,0kkTBNXtQcldKuBmikKwh9cQ/Z0=,wUzJrd0Im35D0Rs6m/ZKqL55W/M=
12,20,0kkTBNXtQcldKuBmikKwh9cQ/Z0=,wUzJrd0Im35D0Rs6m/ZKqL55W/M=
12,18,0kkTBNXtQcldKuBmikKwh9cQ/Z0=,wUzJrd0Im35D0Rs6m/ZKqL55W/M=
13,12,0kkTBNXtQcldKuBmikKwh9cQ/Z0=,wUzJrd0Im35D0Rs6m/ZKqL55W/M=
13,11,0kkTBNXtQcldKuBmikKwh9cQ/Z0=,wUzJrd0Im35D0Rs6m/ZKqL55W/M=
13,20,0kkTBNXtQcldKuBmikKwh9cQ/Z0=,wUzJrd0Im35D0Rs6m/ZKqL55W/M=
13,19,0kkTBNXtQcldKuBmikKwh9cQ/Z0=,wUzJrd0Im35D0Rs6m/ZKqL55W/M=
13,18,0kkTBNXtQcldKuBmikKwh9cQ/Z0=,wUzJrd0Im35D0Rs6m/ZKqL55W/M=
14,12,0kkTBNXtQcldKuBmikKwh9cQ/Z0=,wUzJrd0Im35D0Rs6m/ZKqL55W/M=
14,13,0kkTBNXtQcldKuBmikKwh9cQ/Z0=,wUzJrd0Im35D0Rs6m/ZKqL55W/M=
14,20,0kkTBNXtQcldKuBmikKwh9cQ/Z0=,wUzJrd0Im35D0Rs6m/ZKqL55W/M=
15,13,0kkTBNXtQcldKuBmikKwh9cQ/Z0=,wUzJrd0Im35D0Rs6m/ZKqL55W/M=
15,20,0kkTBNXtQcldKuBmikKwh9cQ/Z0=,wUzJrd0Im35D0Rs6m/ZKqL55W/M=
16,20,0kkTBNXtQcldKuBmikKwh9cQ/Z0=,wUzJrd0Im35D0Rs6m/ZKqL55W/M=
16,21,0kkTBNXtQcldKuBmikKwh9cQ/Z0=,wUzJrd0Im35D0Rs6m/ZKqL55W/M=
16,13,0kkTBNXtQcldKuBmikKwh9cQ/Z0=,wUzJrd0Im35D0Rs6m/ZKqL55W/M=
16,14,0kkTBNXtQcldKuBmikKwh9cQ/Z0=,wUzJrd0Im35D0Rs6m/ZKqL55W/M=
17,21,0kkTBNXtQcldKuBmikKwh9cQ/Z0=,wUzJrd0Im35D0Rs6m/ZKqL55W/M=
17,20,0kkTBNXtQcldKuBmikKwh9cQ/Z0=,wUzJrd0Im35D0Rs6m/ZKqL55W/M=
17,15,0kkTBNXtQcldKuBmikKwh9cQ/Z0=,wUzJrd0Im35D0Rs6m/ZKqL55W/M=
17,14,0kkTBNXtQcldKuBmikKwh9cQ/Z0=,wUzJrd0Im35D0Rs6m/ZKqL55W/M=
18,16,0kkTBNXtQcldKuBmikKwh9cQ/Z0=,wUzJrd0Im35D0Rs6m/ZKqL55W/M=
18,22,0kkTBNXtQcldKuBmikKwh9cQ/Z0=,wUzJrd0Im35D0Rs6m/ZKqL55W/M=
18,21,0kkTBNXtQcldKuBmikKwh9cQ/Z0=,wUzJrd0Im35D0Rs6m/ZKqL55W/M=
18,15,0kkTBNXtQcldKuBmikKwh9cQ/Z0=,wUzJrd0Im35D0Rs6m/ZKqL55W/M=
19,17,0kkTBNXtQcldKuBmikKwh9cQ/Z0=,wUzJrd0Im35D0Rs6m/ZKqL55W/M=
19,16,0kkTBNXtQcldKuBmikKwh9cQ/Z0=,wUzJrd0Im35D0Rs6m/ZKqL55W/M=
19,21,0kkTBNXtQcldKuBmikKwh9cQ/Z0=,wUzJrd0Im35D0Rs6m/ZKqL55W/M=
20,20,0kkTBNXtQcldKuBmikKwh9cQ/Z0=,wUzJrd0Im35D0Rs6m/ZKqL55W/M=
20,21,0kkTBNXtQcldKuBmikKwh9cQ/Z0=,wUzJrd0Im35D0Rs6m/ZKqL55W/M=
20,17,0kkTBNXtQcldKuBmikKwh9cQ/Z0=,wUzJrd0Im35D0Rs6m/ZKqL55W/M=
20,18,0kkTBNXtQcldKuBmikKwh9cQ/Z0=,wUzJrd0Im35D0Rs6m/ZKqL55W/M=
20,19,0kkTBNXtQcldKuBmikKwh9cQ/Z0=,wUzJrd0Im35D0Rs6m/ZKqL55W/M=
21,21,0kkTBNXtQcldKuBmikKwh9cQ/Z0=,wUzJrd0Im35D0Rs6m/ZKqL55W/M=
21,20,0kkTBNXtQcldKuBmikKwh9cQ/Z0=,wUzJrd0Im35D0Rs6m/ZKqL55W/M=
21,19,0kkTBNXtQcldKuBmikKwh9cQ/Z0=,wUzJrd0Im35D0Rs6m/ZKqL55W/M=
21,18,0kkTBNXtQcldKuBmikKwh9cQ/Z0=,wUzJrd0Im35D0Rs6m/ZKqL55W/M=
22,21,0kkTBNXtQcldKuBmikKwh9cQ/Z0=,wUzJrd0Im35D0Rs6m/ZKqL55W/M=
