131,104,lpph1p7UJVdgHsDAGquYdwuY0bk=,h9ZDJbCHHP6XVZ8eX1CnLHZTrhc=
133,110,lpph1p7UJVdgHsDAGquYdwuY0bk=,h9ZDJbCHHP6XVZ8eX1CnLHZTrhc=
132,111,lpph1p7UJVdgHsDAGquYdwuY0bk=,h9ZDJbCHHP6XVZ8eX1CnLHZTrhc=
132,106,lpph1p7UJVdgHsDAGquYdwuY0bk=,h9ZDJbCHHP6XVZ8eX1CnLHZTrhc=
130,111,lpph1p7UJVdgHsDAGquYdwuY0bk=,h9ZDJbCHHP6XVZ8eX1CnLHZTrhc=
131,111,lpph1p7UJVdgHsDAGquYdwuY0bk=,h9ZDJbCHHP6XVZ8eX1CnLHZTrhc=
133,111,lpph1p7UJVdgHsDAGquYdwuY0bk=,h9ZDJbCHHP6XVZ8eX1CnLHZTrhc=
131,106,lpph1p7UJVdgHsDAGquYdwuY0bk=,h9ZDJbCHHP6XVZ8eX1CnLHZTrhc=
129,111,lpph1p7UJVdgHsDAGquYdwuY0bk=,h9ZDJbCHHP6XVZ8eX1CnLHZTrhc=
133,109,lpph1p7UJVdgHsDAGquYdwuY0bk=,h9ZDJbCHHP6XVZ8eX1CnLHZTrhc=
130,107,lpph1p7UJVdgHsDAGquYdwuY0bk=,h9ZDJbCHHP6XVZ8eX1CnLHZTrhc=
132,110,lpph1p7UJVdgHsDAGquYdwuY0bk=,h9ZDJbCHHP6XVZ8eX1CnLHZTrhc=
131,110,lpph1p7UJVdgHsDAGquYdwuY0bk=,h9ZDJbCHHP6XVZ8eX1CnLHZTrhc=
131,107,lpph1p7UJVdgHsDAGquYdwuY0bk=,h9ZDJbCHHP6XVZ8eX1CnLHZTrhc=
135,108,lpph1p7UJVdgHsDAGquYdwuY0bk=,h9ZDJbCHHP6XVZ8eX1CnLHZTrhc=
130,108,lpph1p7UJVdgHsDAGquYdwuY0bk=,h9ZDJbCHHP6XVZ8eX1CnLHZTrhc=
129,108,lpph1p7UJVdgHsDAGquYdwuY0bk=,h9ZDJbCHHP6XVZ8eX1CnLHZTrhc=
130,106,lpph1p7UJVdgHsDAGquYdwuY0bk=,h9ZDJbCHHP6XVZ8eX1CnLHZTrhc=
133,106,lpph1p7UJVdgHsDAGquYdwuY0bk=,h9ZDJbCHHP6XVZ8eX1CnLHZTrhc=
134,108,lpph1p7UJVdgHsDAGquYdwuY0bk=,h9ZDJbCHHP6XVZ8eX1CnLHZTrhc=
135,110,lpph1p7UJVdgHsDAGquYdwuY0bk=,h9ZDJbCHHP6XVZ8eX1CnLHZTrhc=
134,110,lpph1p7UJVdgHsDAGquYdwuY0bk=,h9ZDJbCHHP6XVZ8eX1CnLHZTrhc=
134,111,lpph1p7UJVdgHsDAGquYdwuY0bk=,h9ZDJbCHHP6XVZ8eX1CnLHZTrhc=
129,107,lpph1p7UJVdgHsDAGquYdwuY0bk=,h9ZDJbCHHP6XVZ8eX1CnLHZTrhc=
129,106,lpph1p7UJVdgHsDAGquYdwuY0bk=,h9ZDJbCHHP6XVZ8eX1CnLHZTrhc=
128,109,lpph1p7UJVdgHsDAGquYdwuY0bk=,h9ZDJbCHHP6XVZ8eX1CnLHZTrhc=
132,109,lpph1p7UJVdgHsDAGquYdwuY0bk=,h9ZDJbCHHP6XVZ8eX1CnLHZTrhc=
129,104,lpph1p7UJVdgHsDAGquYdwuY0bk=,h9ZDJbCHHP6XVZ8eX1CnLHZTrhc=
135,111,lpph1p7UJVdgHsDAGquYdwuY0bk=,h9ZDJbCHHP6XVZ8eX1CnLHZTrhc=
128,107,lpph1p7UJVdgHsDAGquYdwuY0bk=,h9ZDJbCHHP6XVZ8eX1CnLHZTrhc=
129,110,lpph1p7UJVdgHsDAGquYdwuY0bk=,h9ZDJbCHHP6XVZ8eX1CnLHZTrhc=
132,107,lpph1p7UJVdgHsDAGquYdwuY0bk=,h9ZDJbCHHP6XVZ8eX1CnLHZTrhc=
130,110,lpph1p7UJVdgHsDAGquYdwuY0bk=,h9ZDJbCHHP6XVZ8eX1CnLHZTrhc=
135,106,lpph1p7UJVdgHsDAGquYdwuY0bk=,h9ZDJbCHHP6XVZ8eX1CnLHZTrhc=
130,104,lpph1p7UJVdgHsDAGquYdwuY0bk=,h9ZDJbCHHP6XVZ8eX1CnLHZTrhc=
131,108,lpph1p7UJVdgHsDAGquYdwuY0bk=,h9ZDJbCHHP6XVZ8eX1CnLHZTrhc=
128,106,lpph1p7UJVdgHsDAGquYdwuY0bk=,h9ZDJbCHHP6XVZ8eX1CnLHZTrhc=
133,107,lpph1p7UJVdgHsDAGquYdwuY0bk=,h9ZDJbCHHP6XVZ8eX1CnLHZTrhc=
135,109,lpph1p7UJVdgHsDAGquYdwuY0bk=,h9ZDJbCHHP6XVZ8eX1CnLHZTrhc=
132,105,lpph1p7UJVdgHsDAGquYdwuY0bk=,h9ZDJbCHHP6XVZ8eX1CnLHZTrhc=
134,109,lpph1p7UJVdgHsDAGquYdwuY0bk=,h9ZDJbCHHP6XVZ8eX1CnLHZTrhc=
131,109,lpph1p7UJVdgHsDAGquYdwuY0bk=,h9ZDJbCHHP6XVZ8eX1CnLHZTrhc=
134,106,lpph1p7UJVdgHsDAGquYdwuY0bk=,h9ZDJbCHHP6XVZ8eX1CnLHZTrhc=
133,108,lpph1p7UJVdgHsDAGquYdwuY0bk=,h9ZDJbCHHP6XVZ8eX1CnLHZTrhc=
128,104,lpph1p7UJVdgHsDAGquYdwuY0bk=,h9ZDJbCHHP6XVZ8eX1CnLHZTrhc=
132,108,lpph1p7UJVdgHsDAGquYdwuY0bk=,h9ZDJbCHHP6XVZ8eX1CnLHZTrhc=
130,109,lpph1p7UJVdgHsDAGquYdwuY0bk=,h9ZDJbCHHP6XVZ8eX1CnLHZTrhc=
131,105,lpph1p7UJVdgHsDAGquYdwuY0bk=,h9ZDJbCHHP6XVZ8eX1CnLHZTrhc=
129,109,lpph1p7UJVdgHsDAGquYdwuY0bk=,h9ZDJbCHHP6XVZ8eX1CnLHZTrhc=
130,105,lpph1p7UJVdgHsDAGquYdwuY0bk=,h9ZDJbCHHP6XVZ8eX1CnLHZTrhc=
129,105,lpph1p7UJVdgHsDAGquYdwuY0bk=,h9ZDJbCHHP6XVZ8eX1CnLHZTrhc=
132,104,lpph1p7UJVdgHsDAGquYdwuY0bk=,h9ZDJbCHHP6XVZ8eX1CnLHZTrhc=
128,105,lpph1p7UJVdgHsDAGquYdwuY0bk=,h9ZDJbCHHP6XVZ8eX1CnLHZTrhc=
135,104,lpph1p7UJVdgHsDAGquYdwuY0bk=,h9ZDJbCHHP6XVZ8eX1CnLHZTrhc=
133,105,lpph1p7UJVdgHsDAGquYdwuY0bk=,h9ZDJbCHHP6XVZ8eX1CnLHZTrhc=
134,104,lpph1p7UJVdgHsDAGquYdwuY0bk=,h9ZDJbCHHP6XVZ8eX1CnLHZTrhc=
134,107,lpph1p7UJVdgHsDAGquYdwuY0bk=,h9ZDJbCHHP6XVZ8eX1CnLHZTrhc=
135,105,lpph1p7UJVdgHsDAGquYdwuY0bk=,h9ZDJbCHHP6XVZ8eX1CnLHZTrhc=
135,107,lpph1p7UJVdgHsDAGquYdwuY0bk=,h9ZDJbCHHP6XVZ8eX1CnLHZTrhc=
133,104,lpph1p7UJVdgHsDAGquYdwuY0bk=,h9ZDJbCHHP6XVZ8eX1CnLHZTrhc=
134,105,lpph1p7UJVdgHsDAGquYdwuY0bk=,h9ZDJbCHHP6XVZ8eX1CnLHZTrhc=
128,108,lpph1p7UJVdgHsDAGquYdwuY0bk=,h9ZDJbCHHP6XVZ8eX1CnLHZTrhc=
128,110,lpph1p7UJVdgHsDAGquYdwuY0bk=,h9ZDJbCHHP6XVZ8eX1CnLHZTrhc=
128,111,lpph1p7UJVdgHsDAGquYdwuY0bk=,h9ZDJbCHHP6XVZ8eX1CnLHZTrhc=
140,117,lpph1p7UJVdgHsDAGquYdwuY0bk=,z2+FBKFrZexXEBbm5/i9czu0I6E=
139,117,lpph1p7UJVdgHsDAGquYdwuY0bk=,z2+FBKFrZexXEBbm5/i9czu0I6E=
137,117,lpph1p7UJVdgHsDAGquYdwuY0bk=,z2+FBKFrZexXEBbm5/i9czu0I6E=
138,117,lpph1p7UJVdgHsDAGquYdwuY0bk=,z2+FBKFrZexXEBbm5/i9czu0I6E=
143,116,lpph1p7UJVdgHsDAGquYdwuY0bk=,z2+FBKFrZexXEBbm5/i9czu0I6E=
142,116,lpph1p7UJVdgHsDAGquYdwuY0bk=,z2+FBKFrZexXEBbm5/i9czu0I6E=
141,116,lpph1p7UJVdgHsDAGquYdwuY0bk=,z2+FBKFrZexXEBbm5/i9czu0I6E=
140,116,lpph1p7UJVdgHsDAGquYdwuY0bk=,z2+FBKFrZexXEBbm5/i9czu0I6E=
139,116,lpph1p7UJVdgHsDAGquYdwuY0bk=,z2+FBKFrZexXEBbm5/i9czu0I6E=
138,116,lpph1p7UJVdgHsDAGquYdwuY0bk=,z2+FBKFrZexXEBbm5/i9czu0I6E=
143,115,lpph1p7UJVdgHsDAGquYdwuY0bk=,z2+FBKFrZexXEBbm5/i9czu0I6E=
137,116,lpph1p7UJVdgHsDAGquYdwuY0bk=,z2+FBKFrZexXEBbm5/i9czu0I6E=
142,115,lpph1p7UJVdgHsDAGquYdwuY0bk=,z2+FBKFrZexXEBbm5/i9czu0I6E=
140,115,lpph1p7UJVdgHsDAGquYdwuY0bk=,z2+FBKFrZexXEBbm5/i9czu0I6E=
139,115,lpph1p7UJVdgHsDAGquYdwuY0bk=,z2+FBKFrZexXEBbm5/i9czu0I6E=
141,115,lpph1p7UJVdgHsDAGquYdwuY0bk=,z2+FBKFrZexXEBbm5/i9czu0I6E=
138,115,lpph1p7UJVdgHsDAGquYdwuY0bk=,z2+FBKFrZexXEBbm5/i9czu0I6E=
137,115,lpph1p7UJVdgHsDAGquYdwuY0bk=,z2+FBKFrZexXEBbm5/i9czu0I6E=
142,114,lpph1p7UJVdgHsDAGquYdwuY0bk=,z2+FBKFrZexXEBbm5/i9czu0I6E=
143,114,lpph1p7UJVdgHsDAGquYdwuY0bk=,z2+FBKFrZexXEBbm5/i9czu0I6E=
140,114,lpph1p7UJVdgHsDAGquYdwuY0bk=,z2+FBKFrZexXEBbm5/i9czu0I6E=
141,114,lpph1p7UJVdgHsDAGquYdwuY0bk=,z2+FBKFrZexXEBbm5/i9czu0I6E=
143,118,lpph1p7UJVdgHsDAGquYdwuY0bk=,z2+FBKFrZexXEBbm5/i9czu0I6E=
139,114,lpph1p7UJVdgHsDAGquYdwuY0bk=,z2+FBKFrZexXEBbm5/i9czu0I6E=
138,114,lpph1p7UJVdgHsDAGquYdwuY0bk=,z2+FBKFrZexXEBbm5/i9czu0I6E=
142,118,lpph1p7UJVdgHsDAGquYdwuY0bk=,z2+FBKFrZexXEBbm5/i9czu0I6E=
137,114,lpph1p7UJVdgHsDAGquYdwuY0bk=,z2+FBKFrZexXEBbm5/i9czu0I6E=
141,118,lpph1p7UJVdgHsDAGquYdwuY0bk=,z2+FBKFrZexXEBbm5/i9czu0I6E=
140,118,lpph1p7UJVdgHsDAGquYdwuY0bk=,z2+FBKFrZexXEBbm5/i9czu0I6E=
139,118,lpph1p7UJVdgHsDAGquYdwuY0bk=,z2+FBKFrZexXEBbm5/i9czu0I6E=
143,113,lpph1p7UJVdgHsDAGquYdwuY0bk=,z2+FBKFrZexXEBbm5/i9czu0I6E=
138,118,lpph1p7UJVdgHsDAGquYdwuY0bk=,z2+FBKFrZexXEBbm5/i9czu0I6E=
142,113,lpph1p7UJVdgHsDAGquYdwuY0bk=,z2+FBKFrZexXEBbm5/i9czu0I6E=
141,113,lpph1p7UJVdgHsDAGquYdwuY0bk=,z2+FBKFrZexXEBbm5/i9czu0I6E=
140,113,lpph1p7UJVdgHsDAGquYdwuY0bk=,z2+FBKFrZexXEBbm5/i9czu0I6E=
137,118,lpph1p7UJVdgHsDAGquYdwuY0bk=,z2+FBKFrZexXEBbm5/i9czu0I6E=
139,113,lpph1p7UJVdgHsDAGquYdwuY0bk=,z2+FBKFrZexXEBbm5/i9czu0I6E=
143,117,lpph1p7UJVdgHsDAGquYdwuY0bk=,z2+FBKFrZexXEBbm5/i9czu0I6E=
138,113,lpph1p7UJVdgHsDAGquYdwuY0bk=,z2+FBKFrZexXEBbm5/i9czu0I6E=
137,113,lpph1p7UJVdgHsDAGquYdwuY0bk=,z2+FBKFrZexXEBbm5/i9czu0I6E=
143,112,lpph1p7UJVdgHsDAGquYdwuY0bk=,z2+FBKFrZexXEBbm5/i9czu0I6E=
142,112,lpph1p7UJVdgHsDAGquYdwuY0bk=,z2+FBKFrZexXEBbm5/i9czu0I6E=
141,112,lpph1p7UJVdgHsDAGquYdwuY0bk=,z2+FBKFrZexXEBbm5/i9czu0I6E=
140,112,lpph1p7UJVdgHsDAGquYdwuY0bk=,z2+FBKFrZexXEBbm5/i9czu0I6E=
139,112,lpph1p7UJVdgHsDAGquYdwuY0bk=,z2+FBKFrZexXEBbm5/i9czu0I6E=
138,112,lpph1p7UJVdgHsDAGquYdwuY0bk=,z2+FBKFrZexXEBbm5/i9czu0I6E=
137,112,lpph1p7UJVdgHsDAGquYdwuY0bk=,z2+FBKFrZexXEBbm5/i9czu0I6E=
142,117,lpph1p7UJVdgHsDAGquYdwuY0bk=,z2+FBKFrZexXEBbm5/i9czu0I6E=
141,117,lpph1p7UJVdgHsDAGquYdwuY0bk=,z2+FBKFrZexXEBbm5/i9czu0I6E=
140,127,lpph1p7UJVdgHsDAGquYdwuY0bk=,Bv46WboF5sgtSIUhpDsFsDlZKv8=
139,127,lpph1p7UJVdgHsDAGquYdwuY0bk=,Bv46WboF5sgtSIUhpDsFsDlZKv8=
141,127,lpph1p7UJVdgHsDAGquYdwuY0bk=,Bv46WboF5sgtSIUhpDsFsDlZKv8=
138,127,lpph1p7UJVdgHsDAGquYdwuY0bk=,Bv46WboF5sgtSIUhpDsFsDlZKv8=
142,127,lpph1p7UJVdgHsDAGquYdwuY0bk=,Bv46WboF5sgtSIUhpDsFsDlZKv8=
137,127,lpph1p7UJVdgHsDAGquYdwuY0bk=,Bv46WboF5sgtSIUhpDsFsDlZKv8=
143,127,lpph1p7UJVdgHsDAGquYdwuY0bk=,Bv46WboF5sgtSIUhpDsFsDlZKv8=
136,127,lpph1p7UJVdgHsDAGquYdwuY0bk=,Bv46WboF5sgtSIUhpDsFsDlZKv8=
142,126,lpph1p7UJVdgHsDAGquYdwuY0bk=,Bv46WboF5sgtSIUhpDsFsDlZKv8=
141,126,lpph1p7UJVdgHsDAGquYdwuY0bk=,Bv46WboF5sgtSIUhpDsFsDlZKv8=
140,126,lpph1p7UJVdgHsDAGquYdwuY0bk=,Bv46WboF5sgtSIUhpDsFsDlZKv8=
139,126,lpph1p7UJVdgHsDAGquYdwuY0bk=,Bv46WboF5sgtSIUhpDsFsDlZKv8=
138,126,lpph1p7UJVdgHsDAGquYdwuY0bk=,Bv46WboF5sgtSIUhpDsFsDlZKv8=
137,126,lpph1p7UJVdgHsDAGquYdwuY0bk=,Bv46WboF5sgtSIUhpDsFsDlZKv8=
136,126,lpph1p7UJVdgHsDAGquYdwuY0bk=,Bv46WboF5sgtSIUhpDsFsDlZKv8=
137,120,lpph1p7UJVdgHsDAGquYdwuY0bk=,Bv46WboF5sgtSIUhpDsFsDlZKv8=
141,125,lpph1p7UJVdgHsDAGquYdwuY0bk=,Bv46WboF5sgtSIUhpDsFsDlZKv8=
139,125,lpph1p7UJVdgHsDAGquYdwuY0bk=,Bv46WboF5sgtSIUhpDsFsDlZKv8=
140,125,lpph1p7UJVdgHsDAGquYdwuY0bk=,Bv46WboF5sgtSIUhpDsFsDlZKv8=
137,125,lpph1p7UJVdgHsDAGquYdwuY0bk=,Bv46WboF5sgtSIUhpDsFsDlZKv8=
138,125,lpph1p7UJVdgHsDAGquYdwuY0bk=,Bv46WboF5sgtSIUhpDsFsDlZKv8=
136,125,lpph1p7UJVdgHsDAGquYdwuY0bk=,Bv46WboF5sgtSIUhpDsFsDlZKv8=
143,126,lpph1p7UJVdgHsDAGquYdwuY0bk=,Bv46WboF5sgtSIUhpDsFsDlZKv8=
142,125,lpph1p7UJVdgHsDAGquYdwuY0bk=,Bv46WboF5sgtSIUhpDsFsDlZKv8=
140,124,lpph1p7UJVdgHsDAGquYdwuY0bk=,Bv46WboF5sgtSIUhpDsFsDlZKv8=
139,124,lpph1p7UJVdgHsDAGquYdwuY0bk=,Bv46WboF5sgtSIUhpDsFsDlZKv8=
138,124,lpph1p7UJVdgHsDAGquYdwuY0bk=,Bv46WboF5sgtSIUhpDsFsDlZKv8=
137,124,lpph1p7UJVdgHsDAGquYdwuY0bk=,Bv46WboF5sgtSIUhpDsFsDlZKv8=
136,124,lpph1p7UJVdgHsDAGquYdwuY0bk=,Bv46WboF5sgtSIUhpDsFsDlZKv8=
143,124,lpph1p7UJVdgHsDAGquYdwuY0bk=,Bv46WboF5sgtSIUhpDsFsDlZKv8=
143,125,lpph1p7UJVdgHsDAGquYdwuY0bk=,Bv46WboF5sgtSIUhpDsFsDlZKv8=
143,123,lpph1p7UJVdgHsDAGquYdwuY0bk=,Bv46WboF5sgtSIUhpDsFsDlZKv8=
140,123,lpph1p7UJVdgHsDAGquYdwuY0bk=,Bv46WboF5sgtSIUhpDsFsDlZKv8=
139,123,lpph1p7UJVdgHsDAGquYdwuY0bk=,Bv46WboF5sgtSIUhpDsFsDlZKv8=
143,119,lpph1p7UJVdgHsDAGquYdwuY0bk=,z2+FBKFrZexXEBbm5/i9czu0I6E=
142,119,lpph1p7UJVdgHsDAGquYdwuY0bk=,z2+FBKFrZexXEBbm5/i9czu0I6E=
141,119,lpph1p7UJVdgHsDAGquYdwuY0bk=,z2+FBKFrZexXEBbm5/i9czu0I6E=
140,119,lpph1p7UJVdgHsDAGquYdwuY0bk=,z2+FBKFrZexXEBbm5/i9czu0I6E=
138,123,lpph1p7UJVdgHsDAGquYdwuY0bk=,Bv46WboF5sgtSIUhpDsFsDlZKv8=
138,120,lpph1p7UJVdgHsDAGquYdwuY0bk=,Bv46WboF5sgtSIUhpDsFsDlZKv8=
139,120,lpph1p7UJVdgHsDAGquYdwuY0bk=,Bv46WboF5sgtSIUhpDsFsDlZKv8=
137,123,lpph1p7UJVdgHsDAGquYdwuY0bk=,Bv46WboF5sgtSIUhpDsFsDlZKv8=
136,123,lpph1p7UJVdgHsDAGquYdwuY0bk=,Bv46WboF5sgtSIUhpDsFsDlZKv8=
143,122,lpph1p7UJVdgHsDAGquYdwuY0bk=,Bv46WboF5sgtSIUhpDsFsDlZKv8=
142,124,lpph1p7UJVdgHsDAGquYdwuY0bk=,Bv46WboF5sgtSIUhpDsFsDlZKv8=
139,119,lpph1p7UJVdgHsDAGquYdwuY0bk=,z2+FBKFrZexXEBbm5/i9czu0I6E=
138,119,lpph1p7UJVdgHsDAGquYdwuY0bk=,z2+FBKFrZexXEBbm5/i9czu0I6E=
140,120,lpph1p7UJVdgHsDAGquYdwuY0bk=,Bv46WboF5sgtSIUhpDsFsDlZKv8=
141,120,lpph1p7UJVdgHsDAGquYdwuY0bk=,Bv46WboF5sgtSIUhpDsFsDlZKv8=
142,120,lpph1p7UJVdgHsDAGquYdwuY0bk=,Bv46WboF5sgtSIUhpDsFsDlZKv8=
143,120,lpph1p7UJVdgHsDAGquYdwuY0bk=,Bv46WboF5sgtSIUhpDsFsDlZKv8=
136,121,lpph1p7UJVdgHsDAGquYdwuY0bk=,Bv46WboF5sgtSIUhpDsFsDlZKv8=
137,121,lpph1p7UJVdgHsDAGquYdwuY0bk=,Bv46WboF5sgtSIUhpDsFsDlZKv8=
141,123,lpph1p7UJVdgHsDAGquYdwuY0bk=,Bv46WboF5sgtSIUhpDsFsDlZKv8=
142,122,lpph1p7UJVdgHsDAGquYdwuY0bk=,Bv46WboF5sgtSIUhpDsFsDlZKv8=
142,123,lpph1p7UJVdgHsDAGquYdwuY0bk=,Bv46WboF5sgtSIUhpDsFsDlZKv8=
138,122,lpph1p7UJVdgHsDAGquYdwuY0bk=,Bv46WboF5sgtSIUhpDsFsDlZKv8=
137,122,lpph1p7UJVdgHsDAGquYdwuY0bk=,Bv46WboF5sgtSIUhpDsFsDlZKv8=
136,122,lpph1p7UJVdgHsDAGquYdwuY0bk=,Bv46WboF5sgtSIUhpDsFsDlZKv8=
143,121,lpph1p7UJVdgHsDAGquYdwuY0bk=,Bv46WboF5sgtSIUhpDsFsDlZKv8=
142,121,lpph1p7UJVdgHsDAGquYdwuY0bk=,Bv46WboF5sgtSIUhpDsFsDlZKv8=
138,121,lpph1p7UJVdgHsDAGquYdwuY0bk=,Bv46WboF5sgtSIUhpDsFsDlZKv8=
139,122,lpph1p7UJVdgHsDAGquYdwuY0bk=,Bv46WboF5sgtSIUhpDsFsDlZKv8=
141,122,lpph1p7UJVdgHsDAGquYdwuY0bk=,Bv46WboF5sgtSIUhpDsFsDlZKv8=
140,122,lpph1p7UJVdgHsDAGquYdwuY0bk=,Bv46WboF5sgtSIUhpDsFsDlZKv8=
141,121,lpph1p7UJVdgHsDAGquYdwuY0bk=,Bv46WboF5sgtSIUhpDsFsDlZKv8=
139,121,lpph1p7UJVdgHsDAGquYdwuY0bk=,Bv46WboF5sgtSIUhpDsFsDlZKv8=
137,119,lpph1p7UJVdgHsDAGquYdwuY0bk=,z2+FBKFrZexXEBbm5/i9czu0I6E=
141,124,lpph1p7UJVdgHsDAGquYdwuY0bk=,Bv46WboF5sgtSIUhpDsFsDlZKv8=
140,121,lpph1p7UJVdgHsDAGquYdwuY0bk=,Bv46WboF5sgtSIUhpDsFsDlZKv8=
133,114,lpph1p7UJVdgHsDAGquYdwuY0bk=,QCmfvqJShRasM00OWC6+xNOuwHk=
128,114,lpph1p7UJVdgHsDAGquYdwuY0bk=,QCmfvqJShRasM00OWC6+xNOuwHk=
134,119,lpph1p7UJVdgHsDAGquYdwuY0bk=,QCmfvqJShRasM00OWC6+xNOuwHk=
133,119,lpph1p7UJVdgHsDAGquYdwuY0bk=,QCmfvqJShRasM00OWC6+xNOuwHk=
135,113,lpph1p7UJVdgHsDAGquYdwuY0bk=,QCmfvqJShRasM00OWC6+xNOuwHk=
132,119,lpph1p7UJVdgHsDAGquYdwuY0bk=,QCmfvqJShRasM00OWC6+xNOuwHk=
131,119,lpph1p7UJVdgHsDAGquYdwuY0bk=,QCmfvqJShRasM00OWC6+xNOuwHk=
130,119,lpph1p7UJVdgHsDAGquYdwuY0bk=,QCmfvqJShRasM00OWC6+xNOuwHk=
129,119,lpph1p7UJVdgHsDAGquYdwuY0bk=,QCmfvqJShRasM00OWC6+xNOuwHk=
134,113,lpph1p7UJVdgHsDAGquYdwuY0bk=,QCmfvqJShRasM00OWC6+xNOuwHk=
128,119,lpph1p7UJVdgHsDAGquYdwuY0bk=,QCmfvqJShRasM00OWC6+xNOuwHk=
135,119,lpph1p7UJVdgHsDAGquYdwuY0bk=,QCmfvqJShRasM00OWC6+xNOuwHk=
136,116,lpph1p7UJVdgHsDAGquYdwuY0bk=,z2+FBKFrZexXEBbm5/i9czu0I6E=
134,118,lpph1p7UJVdgHsDAGquYdwuY0bk=,QCmfvqJShRasM00OWC6+xNOuwHk=
133,118,lpph1p7UJVdgHsDAGquYdwuY0bk=,QCmfvqJShRasM00OWC6+xNOuwHk=
132,118,lpph1p7UJVdgHsDAGquYdwuY0bk=,QCmfvqJShRasM00OWC6+xNOuwHk=
130,115,lpph1p7UJVdgHsDAGquYdwuY0bk=,QCmfvqJShRasM00OWC6+xNOuwHk=
131,118,lpph1p7UJVdgHsDAGquYdwuY0bk=,QCmfvqJShRasM00OWC6+xNOuwHk=
131,112,lpph1p7UJVdgHsDAGquYdwuY0bk=,QCmfvqJShRasM00OWC6+xNOuwHk=
130,118,lpph1p7UJVdgHsDAGquYdwuY0bk=,QCmfvqJShRasM00OWC6+xNOuwHk=
129,115,lpph1p7UJVdgHsDAGquYdwuY0bk=,QCmfvqJShRasM00OWC6+xNOuwHk=
131,115,lpph1p7UJVdgHsDAGquYdwuY0bk=,QCmfvqJShRasM00OWC6+xNOuwHk=
133,113,lpph1p7UJVdgHsDAGquYdwuY0bk=,QCmfvqJShRasM00OWC6+xNOuwHk=
135,112,lpph1p7UJVdgHsDAGquYdwuY0bk=,QCmfvqJShRasM00OWC6+xNOuwHk=
136,115,lpph1p7UJVdgHsDAGquYdwuY0bk=,z2+FBKFrZexXEBbm5/i9czu0I6E=
132,114,lpph1p7UJVdgHsDAGquYdwuY0bk=,QCmfvqJShRasM00OWC6+xNOuwHk=
129,118,lpph1p7UJVdgHsDAGquYdwuY0bk=,QCmfvqJShRasM00OWC6+xNOuwHk=
128,118,lpph1p7UJVdgHsDAGquYdwuY0bk=,QCmfvqJShRasM00OWC6+xNOuwHk=
128,113,lpph1p7UJVdgHsDAGquYdwuY0bk=,QCmfvqJShRasM00OWC6+xNOuwHk=
132,113,lpph1p7UJVdgHsDAGquYdwuY0bk=,QCmfvqJShRasM00OWC6+xNOuwHk=
133,117,lpph1p7UJVdgHsDAGquYdwuY0bk=,QCmfvqJShRasM00OWC6+xNOuwHk=
132,117,lpph1p7UJVdgHsDAGquYdwuY0bk=,QCmfvqJShRasM00OWC6+xNOuwHk=
131,117,lpph1p7UJVdgHsDAGquYdwuY0bk=,QCmfvqJShRasM00OWC6+xNOuwHk=
134,112,lpph1p7UJVdgHsDAGquYdwuY0bk=,QCmfvqJShRasM00OWC6+xNOuwHk=
132,115,lpph1p7UJVdgHsDAGquYdwuY0bk=,QCmfvqJShRasM00OWC6+xNOuwHk=
129,114,lpph1p7UJVdgHsDAGquYdwuY0bk=,QCmfvqJShRasM00OWC6+xNOuwHk=
134,117,lpph1p7UJVdgHsDAGquYdwuY0bk=,QCmfvqJShRasM00OWC6+xNOuwHk=
128,115,lpph1p7UJVdgHsDAGquYdwuY0bk=,QCmfvqJShRasM00OWC6+xNOuwHk=
131,114,lpph1p7UJVdgHsDAGquYdwuY0bk=,QCmfvqJShRasM00OWC6+xNOuwHk=
135,114,lpph1p7UJVdgHsDAGquYdwuY0bk=,QCmfvqJShRasM00OWC6+xNOuwHk=
130,117,lpph1p7UJVdgHsDAGquYdwuY0bk=,QCmfvqJShRasM00OWC6+xNOuwHk=
133,112,lpph1p7UJVdgHsDAGquYdwuY0bk=,QCmfvqJShRasM00OWC6+xNOuwHk=
129,112,lpph1p7UJVdgHsDAGquYdwuY0bk=,QCmfvqJShRasM00OWC6+xNOuwHk=
135,117,lpph1p7UJVdgHsDAGquYdwuY0bk=,QCmfvqJShRasM00OWC6+xNOuwHk=
129,117,lpph1p7UJVdgHsDAGquYdwuY0bk=,QCmfvqJShRasM00OWC6+xNOuwHk=
128,117,lpph1p7UJVdgHsDAGquYdwuY0bk=,QCmfvqJShRasM00OWC6+xNOuwHk=
134,114,lpph1p7UJVdgHsDAGquYdwuY0bk=,QCmfvqJShRasM00OWC6+xNOuwHk=
135,116,lpph1p7UJVdgHsDAGquYdwuY0bk=,QCmfvqJShRasM00OWC6+xNOuwHk=
136,114,lpph1p7UJVdgHsDAGquYdwuY0bk=,z2+FBKFrZexXEBbm5/i9czu0I6E=
133,115,lpph1p7UJVdgHsDAGquYdwuY0bk=,QCmfvqJShRasM00OWC6+xNOuwHk=
136,119,lpph1p7UJVdgHsDAGquYdwuY0bk=,z2+FBKFrZexXEBbm5/i9czu0I6E=
132,116,lpph1p7UJVdgHsDAGquYdwuY0bk=,QCmfvqJShRasM00OWC6+xNOuwHk=
131,116,lpph1p7UJVdgHsDAGquYdwuY0bk=,QCmfvqJShRasM00OWC6+xNOuwHk=
134,115,lpph1p7UJVdgHsDAGquYdwuY0bk=,QCmfvqJShRasM00OWC6+xNOuwHk=
135,115,lpph1p7UJVdgHsDAGquYdwuY0bk=,QCmfvqJShRasM00OWC6+xNOuwHk=
128,116,lpph1p7UJVdgHsDAGquYdwuY0bk=,QCmfvqJShRasM00OWC6+xNOuwHk=
135,118,lpph1p7UJVdgHsDAGquYdwuY0bk=,QCmfvqJShRasM00OWC6+xNOuwHk=
136,113,lpph1p7UJVdgHsDAGquYdwuY0bk=,z2+FBKFrZexXEBbm5/i9czu0I6E=
130,116,lpph1p7UJVdgHsDAGquYdwuY0bk=,QCmfvqJShRasM00OWC6+xNOuwHk=
136,120,lpph1p7UJVdgHsDAGquYdwuY0bk=,Bv46WboF5sgtSIUhpDsFsDlZKv8=
129,116,lpph1p7UJVdgHsDAGquYdwuY0bk=,QCmfvqJShRasM00OWC6+xNOuwHk=
134,116,lpph1p7UJVdgHsDAGquYdwuY0bk=,QCmfvqJShRasM00OWC6+xNOuwHk=
136,112,lpph1p7UJVdgHsDAGquYdwuY0bk=,z2+FBKFrZexXEBbm5/i9czu0I6E=
132,112,lpph1p7UJVdgHsDAGquYdwuY0bk=,QCmfvqJShRasM00OWC6+xNOuwHk=
133,116,lpph1p7UJVdgHsDAGquYdwuY0bk=,QCmfvqJShRasM00OWC6+xNOuwHk=
136,118,lpph1p7UJVdgHsDAGquYdwuY0bk=,z2+FBKFrZexXEBbm5/i9czu0I6E=
136,117,lpph1p7UJVdgHsDAGquYdwuY0bk=,z2+FBKFrZexXEBbm5/i9czu0I6E=
128,112,lpph1p7UJVdgHsDAGquYdwuY0bk=,QCmfvqJShRasM00OWC6+xNOuwHk=
130,113,lpph1p7UJVdgHsDAGquYdwuY0bk=,QCmfvqJShRasM00OWC6+xNOuwHk=
130,114,lpph1p7UJVdgHsDAGquYdwuY0bk=,QCmfvqJShRasM00OWC6+xNOuwHk=
129,113,lpph1p7UJVdgHsDAGquYdwuY0bk=,QCmfvqJShRasM00OWC6+xNOuwHk=
131,113,lpph1p7UJVdgHsDAGquYdwuY0bk=,QCmfvqJShRasM00OWC6+xNOuwHk=
130,112,lpph1p7UJVdgHsDAGquYdwuY0bk=,QCmfvqJShRasM00OWC6+xNOuwHk=
149,124,dk2tC9Rg3TJ2cwSxa5vNwy+H814=,S1aHhRVKMJ/N18WtTFlr8CUj2hs=
147,125,dk2tC9Rg3TJ2cwSxa5vNwy+H814=,S1aHhRVKMJ/N18WtTFlr8CUj2hs=
148,120,dk2tC9Rg3TJ2cwSxa5vNwy+H814=,S1aHhRVKMJ/N18WtTFlr8CUj2hs=
148,125,dk2tC9Rg3TJ2cwSxa5vNwy+H814=,S1aHhRVKMJ/N18WtTFlr8CUj2hs=
146,125,dk2tC9Rg3TJ2cwSxa5vNwy+H814=,S1aHhRVKMJ/N18WtTFlr8CUj2hs=
151,121,dk2tC9Rg3TJ2cwSxa5vNwy+H814=,S1aHhRVKMJ/N18WtTFlr8CUj2hs=
149,123,dk2tC9Rg3TJ2cwSxa5vNwy+H814=,S1aHhRVKMJ/N18WtTFlr8CUj2hs=
144,120,dk2tC9Rg3TJ2cwSxa5vNwy+H814=,S1aHhRVKMJ/N18WtTFlr8CUj2hs=
145,125,dk2tC9Rg3TJ2cwSxa5vNwy+H814=,S1aHhRVKMJ/N18WtTFlr8CUj2hs=
149,125,dk2tC9Rg3TJ2cwSxa5vNwy+H814=,S1aHhRVKMJ/N18WtTFlr8CUj2hs=
151,124,dk2tC9Rg3TJ2cwSxa5vNwy+H814=,S1aHhRVKMJ/N18WtTFlr8CUj2hs=
147,120,dk2tC9Rg3TJ2cwSxa5vNwy+H814=,S1aHhRVKMJ/N18WtTFlr8CUj2hs=
150,125,dk2tC9Rg3TJ2cwSxa5vNwy+H814=,S1aHhRVKMJ/N18WtTFlr8CUj2hs=
151,125,dk2tC9Rg3TJ2cwSxa5vNwy+H814=,S1aHhRVKMJ/N18WtTFlr8CUj2hs=
150,121,dk2tC9Rg3TJ2cwSxa5vNwy+H814=,S1aHhRVKMJ/N18WtTFlr8CUj2hs=
145,121,dk2tC9Rg3TJ2cwSxa5vNwy+H814=,S1aHhRVKMJ/N18WtTFlr8CUj2hs=
146,121,dk2tC9Rg3TJ2cwSxa5vNwy+H814=,S1aHhRVKMJ/N18WtTFlr8CUj2hs=
150,124,dk2tC9Rg3TJ2cwSxa5vNwy+H814=,S1aHhRVKMJ/N18WtTFlr8CUj2hs=
148,124,dk2tC9Rg3TJ2cwSxa5vNwy+H814=,S1aHhRVKMJ/N18WtTFlr8CUj2hs=
146,120,dk2tC9Rg3TJ2cwSxa5vNwy+H814=,S1aHhRVKMJ/N18WtTFlr8CUj2hs=
147,124,dk2tC9Rg3TJ2cwSxa5vNwy+H814=,S1aHhRVKMJ/N18WtTFlr8CUj2hs=
144,121,dk2tC9Rg3TJ2cwSxa5vNwy+H814=,S1aHhRVKMJ/N18WtTFlr8CUj2hs=
146,124,dk2tC9Rg3TJ2cwSxa5vNwy+H814=,S1aHhRVKMJ/N18WtTFlr8CUj2hs=
149,121,dk2tC9Rg3TJ2cwSxa5vNwy+H814=,S1aHhRVKMJ/N18WtTFlr8CUj2hs=
145,124,dk2tC9Rg3TJ2cwSxa5vNwy+H814=,S1aHhRVKMJ/N18WtTFlr8CUj2hs=
148,121,dk2tC9Rg3TJ2cwSxa5vNwy+H814=,S1aHhRVKMJ/N18WtTFlr8CUj2hs=
150,127,dk2tC9Rg3TJ2cwSxa5vNwy+H814=,S1aHhRVKMJ/N18WtTFlr8CUj2hs=
151,123,dk2tC9Rg3TJ2cwSxa5vNwy+H814=,S1aHhRVKMJ/N18WtTFlr8CUj2hs=
151,127,dk2tC9Rg3TJ2cwSxa5vNwy+H814=,S1aHhRVKMJ/N18WtTFlr8CUj2hs=
149,127,dk2tC9Rg3TJ2cwSxa5vNwy+H814=,S1aHhRVKMJ/N18WtTFlr8CUj2hs=
151,122,dk2tC9Rg3TJ2cwSxa5vNwy+H814=,S1aHhRVKMJ/N18WtTFlr8CUj2hs=
151,120,dk2tC9Rg3TJ2cwSxa5vNwy+H814=,S1aHhRVKMJ/N18WtTFlr8CUj2hs=
148,123,dk2tC9Rg3TJ2cwSxa5vNwy+H814=,S1aHhRVKMJ/N18WtTFlr8CUj2hs=
148,127,dk2tC9Rg3TJ2cwSxa5vNwy+H814=,S1aHhRVKMJ/N18WtTFlr8CUj2hs=
147,123,dk2tC9Rg3TJ2cwSxa5vNwy+H814=,S1aHhRVKMJ/N18WtTFlr8CUj2hs=
150,123,dk2tC9Rg3TJ2cwSxa5vNwy+H814=,S1aHhRVKMJ/N18WtTFlr8CUj2hs=
146,127,dk2tC9Rg3TJ2cwSxa5vNwy+H814=,S1aHhRVKMJ/N18WtTFlr8CUj2hs=
147,127,dk2tC9Rg3TJ2cwSxa5vNwy+H814=,S1aHhRVKMJ/N18WtTFlr8CUj2hs=
146,123,dk2tC9Rg3TJ2cwSxa5vNwy+H814=,S1aHhRVKMJ/N18WtTFlr8CUj2hs=
147,121,dk2tC9Rg3TJ2cwSxa5vNwy+H814=,S1aHhRVKMJ/N18WtTFlr8CUj2hs=
145,123,dk2tC9Rg3TJ2cwSxa5vNwy+H814=,S1aHhRVKMJ/N18WtTFlr8CUj2hs=
145,127,dk2tC9Rg3TJ2cwSxa5vNwy+H814=,S1aHhRVKMJ/N18WtTFlr8CUj2hs=
150,120,dk2tC9Rg3TJ2cwSxa5vNwy+H814=,S1aHhRVKMJ/N18WtTFlr8CUj2hs=
145,120,dk2tC9Rg3TJ2cwSxa5vNwy+H814=,S1aHhRVKMJ/N18WtTFlr8CUj2hs=
150,122,dk2tC9Rg3TJ2cwSxa5vNwy+H814=,S1aHhRVKMJ/N18WtTFlr8CUj2hs=
149,122,dk2tC9Rg3TJ2cwSxa5vNwy+H814=,S1aHhRVKMJ/N18WtTFlr8CUj2hs=
151,126,dk2tC9Rg3TJ2cwSxa5vNwy+H814=,S1aHhRVKMJ/N18WtTFlr8CUj2hs=
148,122,dk2tC9Rg3TJ2cwSxa5vNwy+H814=,S1aHhRVKMJ/N18WtTFlr8CUj2hs=
150,126,dk2tC9Rg3TJ2cwSxa5vNwy+H814=,S1aHhRVKMJ/N18WtTFlr8CUj2hs=
149,126,dk2tC9Rg3TJ2cwSxa5vNwy+H814=,S1aHhRVKMJ/N18WtTFlr8CUj2hs=
147,122,dk2tC9Rg3TJ2cwSxa5vNwy+H814=,S1aHhRVKMJ/N18WtTFlr8CUj2hs=
146,122,dk2tC9Rg3TJ2cwSxa5vNwy+H814=,S1aHhRVKMJ/N18WtTFlr8CUj2hs=
145,122,dk2tC9Rg3TJ2cwSxa5vNwy+H814=,S1aHhRVKMJ/N18WtTFlr8CUj2hs=
144,122,dk2tC9Rg3TJ2cwSxa5vNwy+H814=,S1aHhRVKMJ/N18WtTFlr8CUj2hs=
144,123,dk2tC9Rg3TJ2cwSxa5vNwy+H814=,S1aHhRVKMJ/N18WtTFlr8CUj2hs=
148,126,dk2tC9Rg3TJ2cwSxa5vNwy+H814=,S1aHhRVKMJ/N18WtTFlr8CUj2hs=
149,120,dk2tC9Rg3TJ2cwSxa5vNwy+H814=,S1aHhRVKMJ/N18WtTFlr8CUj2hs=
146,126,dk2tC9Rg3TJ2cwSxa5vNwy+H814=,S1aHhRVKMJ/N18WtTFlr8CUj2hs=
144,124,dk2tC9Rg3TJ2cwSxa5vNwy+H814=,S1aHhRVKMJ/N18WtTFlr8CUj2hs=
145,126,dk2tC9Rg3TJ2cwSxa5vNwy+H814=,S1aHhRVKMJ/N18WtTFlr8CUj2hs=
147,126,dk2tC9Rg3TJ2cwSxa5vNwy+H814=,S1aHhRVKMJ/N18WtTFlr8CUj2hs=
144,125,dk2tC9Rg3TJ2cwSxa5vNwy+H814=,S1aHhRVKMJ/N18WtTFlr8CUj2hs=
144,127,dk2tC9Rg3TJ2cwSxa5vNwy+H814=,S1aHhRVKMJ/N18WtTFlr8CUj2hs=
144,126,dk2tC9Rg3TJ2cwSxa5vNwy+H814=,S1aHhRVKMJ/N18WtTFlr8CUj2hs=
