-1,-1,IEKfhniJWMj8jJYZyRxZhO12Dw8=,J7Mq2B6vYVaa7MjPUJQrpKjGmgo=
-1,-2,IEKfhniJWMj8jJYZyRxZhO12Dw8=,VKm3eSxB/pmmSskYCPlXT0/9dFY=
-1,-3,IEKfhniJWMj8jJYZyRxZhO12Dw8=,VKm3eSxB/pmmSskYCPlXT0/9dFY=
-1,-4,IEKfhniJWMj8jJYZyRxZhO12Dw8=,X6YYuZkTcPJXe72BHiG3pRQsjLc=
-1,-5,IEKfhniJWMj8jJYZyRxZhO12Dw8=,J7Mq2B6vYVaa7MjPUJQrpKjGmgo=
-1,-6,IEKfhniJWMj8jJYZyRxZhO12Dw8=,J7Mq2B6vYVaa7MjPUJQrpKjGmgo=
-2,-2,IEKfhniJWMj8jJYZyRxZhO12Dw8=,MQf2fykJeka8MTasA+2VhvhfwGc=
-2,-1,IEKfhniJWMj8jJYZyRxZhO12Dw8=,gZidgifN9xx2wfsfQvaK1obuJiA=
-2,-4,IEKfhniJWMj8jJYZyRxZhO12Dw8=,fa87TlnnfD1SYLNkXVXb+lS406A=
-2,-3,IEKfhniJWMj8jJYZyRxZhO12Dw8=,fQQjX4TovS7roIbYLOmruotIJKw=
-2,-6,IEKfhniJWMj8jJYZyRxZhO12Dw8=,X6YYuZkTcPJXe72BHiG3pRQsjLc=
-2,-5,IEKfhniJWMj8jJYZyRxZhO12Dw8=,UDGFfmoRVuz4hSeSmL83vnYSE6I=
-2,-7,IEKfhniJWMj8jJYZyRxZhO12Dw8=,J7Mq2B6vYVaa7MjPUJQrpKjGmgo=
-3,-3,AWn3lk0IrLJp29p7BExqtjrqn2I=,J7Mq2B6vYVaa7MjPUJQrpKjGmgo=
-3,-4,AWn3lk0IrLJp29p7BExqtjrqn2I=,J7Mq2B6vYVaa7MjPUJQrpKjGmgo=
-3,-1,AWn3lk0IrLJp29p7BExqtjrqn2I=,gVK9IekisbO9MqGRh5aBvq/v3Ow=
-3,-2,AWn3lk0IrLJp29p7BExqtjrqn2I=,oDB5uzbBvtpHKiuJE5ufFm1JEqU=
-3,-5,AWn3lk0IrLJp29p7BExqtjrqn2I=,gSLe7NUg0AF8By37RKXYIMm6+EE=
-3,-6,AWn3lk0IrLJp29p7BExqtjrqn2I=,fa87TlnnfD1SYLNkXVXb+lS406A=
-4,-4,AWn3lk0IrLJp29p7BExqtjrqn2I=,JHdkyPwk/R7GVNkyg41LAHC3fV8=
-4,-3,AWn3lk0IrLJp29p7BExqtjrqn2I=,JHdkyPwk/R7GVNkyg41LAHC3fV8=
-4,-2,AWn3lk0IrLJp29p7BExqtjrqn2I=,q0puKjifIT8kY7I8jgs1vgg/sLk=
-4,-1,AWn3lk0IrLJp29p7BExqtjrqn2I=,MNg/YcN7NiC6YUsHwsWvgprF7o4=
-4,-7,2B16VHnWKAMfTJphdzjdqw3lQAw=,J7Mq2B6vYVaa7MjPUJQrpKjGmgo=
-4,-6,2B16VHnWKAMfTJphdzjdqw3lQAw=,J7Mq2B6vYVaa7MjPUJQrpKjGmgo=
-4,-5,2B16VHnWKAMfTJphdzjdqw3lQAw=,nkSGitYx4ZtwK+O/FR8o8h+z6K0=
-5,-5,2B16VHnWKAMfTJphdzjdqw3lQAw=,QsT0ozRMLoWq8XRAYKpv6ezsqtY=
-5,-6,2B16VHnWKAMfTJphdzjdqw3lQAw=,J7Mq2B6vYVaa7MjPUJQrpKjGmgo=
-5,-7,2B16VHnWKAMfTJphdzjdqw3lQAw=,J7Mq2B6vYVaa7MjPUJQrpKjGmgo=
-5,-1,2B16VHnWKAMfTJphdzjdqw3lQAw=,yq3vFCIil6FVie15lT2TJdSuJkQ=
-5,-2,2B16VHnWKAMfTJphdzjdqw3lQAw=,90ddw4+2AgR3/m+zv7Jo0vSnWpU=
-5,-3,2B16VHnWKAMfTJphdzjdqw3lQAw=,3Giq2dxAVM8RZIexhFeyQfjEBoE=
-5,-4,2B16VHnWKAMfTJphdzjdqw3lQAw=,RmfOZmlgdQ4Qi01aaQpciyueDvU=
-6,-6,n0WHV5UNp509E8UO/OEGGqRPV3o=,J7Mq2B6vYVaa7MjPUJQrpKjGmgo=
-6,-2,n0WHV5UNp509E8UO/OEGGqRPV3o=,/DuoWH+E9kQj/DmeCEGmVY39koE=
-6,-1,n0WHV5UNp509E8UO/OEGGqRPV3o=,/DuoWH+E9kQj/DmeCEGmVY39koE=
-6,-4,n0WHV5UNp509E8UO/OEGGqRPV3o=,1cfpepVuliqUwbBDAT28dq8crcs=
-6,-3,n0WHV5UNp509E8UO/OEGGqRPV3o=,vVRp7E1Pkb6XgcToWoHlQGMYL84=
-7,-3,n0WHV5UNp509E8UO/OEGGqRPV3o=,5IwMAyK8rx7esKqlSMi+Fr5tFeE=
-7,-4,n0WHV5UNp509E8UO/OEGGqRPV3o=,J7Mq2B6vYVaa7MjPUJQrpKjGmgo=
-7,-1,n0WHV5UNp509E8UO/OEGGqRPV3o=,CHx984b0RHoGUbRvW0+TKia/p0c=
-7,-2,n0WHV5UNp509E8UO/OEGGqRPV3o=,/DuoWH+E9kQj/DmeCEGmVY39koE=
-8,-3,fBT8hWtQxmH5GBPO+ylG2pTAjoQ=,5IwMAyK8rx7esKqlSMi+Fr5tFeE=
-8,-2,fBT8hWtQxmH5GBPO+ylG2pTAjoQ=,BQHoFSEYqE4DqDUc6g8LS6SFS/8=
-9,-1,fBT8hWtQxmH5GBPO+ylG2pTAjoQ=,LMMSkrvzKlu8nx4DbKlP5+mC+WE=
-9,-2,fBT8hWtQxmH5GBPO+ylG2pTAjoQ=,LMMSkrvzKlu8nx4DbKlP5+mC+WE=
-9,-3,fBT8hWtQxmH5GBPO+ylG2pTAjoQ=,LMMSkrvzKlu8nx4DbKlP5+mC+WE=
-10,-2,tNkoJbQPwSjVxSc0+J5W5bGlweE=,LMMSkrvzKlu8nx4DbKlP5+mC+WE=
-10,-1,tNkoJbQPwSjVxSc0+J5W5bGlweE=,LMMSkrvzKlu8nx4DbKlP5+mC+WE=
-15,-1,DWRP7IZon/fVZfgaNwcI3fQvdb8=,LMMSkrvzKlu8nx4DbKlP5+mC+WE=
-16,-1,DWRP7IZon/fVZfgaNwcI3fQvdb8=,LMMSkrvzKlu8nx4DbKlP5+mC+WE=
-17,-1,DWRP7IZon/fVZfgaNwcI3fQvdb8=,LMMSkrvzKlu8nx4DbKlP5+mC+WE=
