6,99,wvDwLzsqgwJcgSAMAtvUTcxHHbc=,oPNUkwBWBVHPr82s44BuxHu69NM=
5,96,aHg70ge82JubKGoM1BrviJbHE2g=,oPNUkwBWBVHPr82s44BuxHu69NM=
5,98,4w7krkgm6jlUWgGxg4HjwLeaH1Y=,oPNUkwBWBVHPr82s44BuxHu69NM=
5,99,4w7krkgm6jlUWgGxg4HjwLeaH1Y=,oPNUkwBWBVHPr82s44BuxHu69NM=
6,98,WTGNwDS+6ftyNRSV03Cjk59Ekr8=,oPNUkwBWBVHPr82s44BuxHu69NM=
3,96,WTGNwDS+6ftyNRSV03Cjk59Ekr8=,oPNUkwBWBVHPr82s44BuxHu69NM=
4,99,WTGNwDS+6ftyNRSV03Cjk59Ekr8=,oPNUkwBWBVHPr82s44BuxHu69NM=
7,99,WTGNwDS+6ftyNRSV03Cjk59Ekr8=,oPNUkwBWBVHPr82s44BuxHu69NM=
5,97,WTGNwDS+6ftyNRSV03Cjk59Ekr8=,oPNUkwBWBVHPr82s44BuxHu69NM=
4,97,WTGNwDS+6ftyNRSV03Cjk59Ekr8=,oPNUkwBWBVHPr82s44BuxHu69NM=
4,98,WTGNwDS+6ftyNRSV03Cjk59Ekr8=,oPNUkwBWBVHPr82s44BuxHu69NM=
3,99,WTGNwDS+6ftyNRSV03Cjk59Ekr8=,oPNUkwBWBVHPr82s44BuxHu69NM=
15,111,WTGNwDS+6ftyNRSV03Cjk59Ekr8=,oPNUkwBWBVHPr82s44BuxHu69NM=
2,99,WTGNwDS+6ftyNRSV03Cjk59Ekr8=,oPNUkwBWBVHPr82s44BuxHu69NM=
1,96,WTGNwDS+6ftyNRSV03Cjk59Ekr8=,oPNUkwBWBVHPr82s44BuxHu69NM=
9,111,WTGNwDS+6ftyNRSV03Cjk59Ekr8=,oPNUkwBWBVHPr82s44BuxHu69NM=
7,111,WTGNwDS+6ftyNRSV03Cjk59Ekr8=,oPNUkwBWBVHPr82s44BuxHu69NM=
6,111,WTGNwDS+6ftyNRSV03Cjk59Ekr8=,oPNUkwBWBVHPr82s44BuxHu69NM=
5,111,WTGNwDS+6ftyNRSV03Cjk59Ekr8=,oPNUkwBWBVHPr82s44BuxHu69NM=
4,111,WTGNwDS+6ftyNRSV03Cjk59Ekr8=,oPNUkwBWBVHPr82s44BuxHu69NM=
8,111,WTGNwDS+6ftyNRSV03Cjk59Ekr8=,oPNUkwBWBVHPr82s44BuxHu69NM=
2,111,WTGNwDS+6ftyNRSV03Cjk59Ekr8=,oPNUkwBWBVHPr82s44BuxHu69NM=
3,111,WTGNwDS+6ftyNRSV03Cjk59Ekr8=,oPNUkwBWBVHPr82s44BuxHu69NM=
1,111,WTGNwDS+6ftyNRSV03Cjk59Ekr8=,oPNUkwBWBVHPr82s44BuxHu69NM=
0,111,WTGNwDS+6ftyNRSV03Cjk59Ekr8=,oPNUkwBWBVHPr82s44BuxHu69NM=
15,110,WTGNwDS+6ftyNRSV03Cjk59Ekr8=,oPNUkwBWBVHPr82s44BuxHu69NM=
4,96,WTGNwDS+6ftyNRSV03Cjk59Ekr8=,oPNUkwBWBVHPr82s44BuxHu69NM=
3,98,WTGNwDS+6ftyNRSV03Cjk59Ekr8=,oPNUkwBWBVHPr82s44BuxHu69NM=
13,111,WTGNwDS+6ftyNRSV03Cjk59Ekr8=,oPNUkwBWBVHPr82s44BuxHu69NM=
14,111,WTGNwDS+6ftyNRSV03Cjk59Ekr8=,oPNUkwBWBVHPr82s44BuxHu69NM=
10,110,WTGNwDS+6ftyNRSV03Cjk59Ekr8=,oPNUkwBWBVHPr82s44BuxHu69NM=
9,110,WTGNwDS+6ftyNRSV03Cjk59Ekr8=,oPNUkwBWBVHPr82s44BuxHu69NM=
8,110,WTGNwDS+6ftyNRSV03Cjk59Ekr8=,oPNUkwBWBVHPr82s44BuxHu69NM=
7,110,WTGNwDS+6ftyNRSV03Cjk59Ekr8=,oPNUkwBWBVHPr82s44BuxHu69NM=
6,110,WTGNwDS+6ftyNRSV03Cjk59Ekr8=,oPNUkwBWBVHPr82s44BuxHu69NM=
5,110,WTGNwDS+6ftyNRSV03Cjk59Ekr8=,oPNUkwBWBVHPr82s44BuxHu69NM=
4,110,WTGNwDS+6ftyNRSV03Cjk59Ekr8=,oPNUkwBWBVHPr82s44BuxHu69NM=
3,110,WTGNwDS+6ftyNRSV03Cjk59Ekr8=,oPNUkwBWBVHPr82s44BuxHu69NM=
2,110,WTGNwDS+6ftyNRSV03Cjk59Ekr8=,oPNUkwBWBVHPr82s44BuxHu69NM=
1,110,WTGNwDS+6ftyNRSV03Cjk59Ekr8=,oPNUkwBWBVHPr82s44BuxHu69NM=
1,99,WTGNwDS+6ftyNRSV03Cjk59Ekr8=,oPNUkwBWBVHPr82s44BuxHu69NM=
3,97,WTGNwDS+6ftyNRSV03Cjk59Ekr8=,oPNUkwBWBVHPr82s44BuxHu69NM=
2,98,WTGNwDS+6ftyNRSV03Cjk59Ekr8=,oPNUkwBWBVHPr82s44BuxHu69NM=
0,110,WTGNwDS+6ftyNRSV03Cjk59Ekr8=,oPNUkwBWBVHPr82s44BuxHu69NM=
15,109,WTGNwDS+6ftyNRSV03Cjk59Ekr8=,oPNUkwBWBVHPr82s44BuxHu69NM=
2,97,WTGNwDS+6ftyNRSV03Cjk59Ekr8=,oPNUkwBWBVHPr82s44BuxHu69NM=
14,109,WTGNwDS+6ftyNRSV03Cjk59Ekr8=,oPNUkwBWBVHPr82s44BuxHu69NM=
8,99,WTGNwDS+6ftyNRSV03Cjk59Ekr8=,oPNUkwBWBVHPr82s44BuxHu69NM=
10,111,WTGNwDS+6ftyNRSV03Cjk59Ekr8=,oPNUkwBWBVHPr82s44BuxHu69NM=
12,110,WTGNwDS+6ftyNRSV03Cjk59Ekr8=,oPNUkwBWBVHPr82s44BuxHu69NM=
14,110,WTGNwDS+6ftyNRSV03Cjk59Ekr8=,oPNUkwBWBVHPr82s44BuxHu69NM=
9,109,WTGNwDS+6ftyNRSV03Cjk59Ekr8=,oPNUkwBWBVHPr82s44BuxHu69NM=
8,109,WTGNwDS+6ftyNRSV03Cjk59Ekr8=,oPNUkwBWBVHPr82s44BuxHu69NM=
7,109,WTGNwDS+6ftyNRSV03Cjk59Ekr8=,oPNUkwBWBVHPr82s44BuxHu69NM=
6,109,WTGNwDS+6ftyNRSV03Cjk59Ekr8=,oPNUkwBWBVHPr82s44BuxHu69NM=
5,109,WTGNwDS+6ftyNRSV03Cjk59Ekr8=,oPNUkwBWBVHPr82s44BuxHu69NM=
4,109,WTGNwDS+6ftyNRSV03Cjk59Ekr8=,oPNUkwBWBVHPr82s44BuxHu69NM=
3,109,WTGNwDS+6ftyNRSV03Cjk59Ekr8=,oPNUkwBWBVHPr82s44BuxHu69NM=
2,109,WTGNwDS+6ftyNRSV03Cjk59Ekr8=,oPNUkwBWBVHPr82s44BuxHu69NM=
1,97,WTGNwDS+6ftyNRSV03Cjk59Ekr8=,oPNUkwBWBVHPr82s44BuxHu69NM=
1,98,WTGNwDS+6ftyNRSV03Cjk59Ekr8=,oPNUkwBWBVHPr82s44BuxHu69NM=
1,109,WTGNwDS+6ftyNRSV03Cjk59Ekr8=,oPNUkwBWBVHPr82s44BuxHu69NM=
0,109,WTGNwDS+6ftyNRSV03Cjk59Ekr8=,oPNUkwBWBVHPr82s44BuxHu69NM=
15,108,WTGNwDS+6ftyNRSV03Cjk59Ekr8=,oPNUkwBWBVHPr82s44BuxHu69NM=
14,108,WTGNwDS+6ftyNRSV03Cjk59Ekr8=,oPNUkwBWBVHPr82s44BuxHu69NM=
11,111,WTGNwDS+6ftyNRSV03Cjk59Ekr8=,oPNUkwBWBVHPr82s44BuxHu69NM=
12,111,WTGNwDS+6ftyNRSV03Cjk59Ekr8=,oPNUkwBWBVHPr82s44BuxHu69NM=
11,110,WTGNwDS+6ftyNRSV03Cjk59Ekr8=,oPNUkwBWBVHPr82s44BuxHu69NM=
13,110,WTGNwDS+6ftyNRSV03Cjk59Ekr8=,oPNUkwBWBVHPr82s44BuxHu69NM=
13,109,WTGNwDS+6ftyNRSV03Cjk59Ekr8=,oPNUkwBWBVHPr82s44BuxHu69NM=
7,108,WTGNwDS+6ftyNRSV03Cjk59Ekr8=,oPNUkwBWBVHPr82s44BuxHu69NM=
6,108,WTGNwDS+6ftyNRSV03Cjk59Ekr8=,oPNUkwBWBVHPr82s44BuxHu69NM=
5,108,WTGNwDS+6ftyNRSV03Cjk59Ekr8=,oPNUkwBWBVHPr82s44BuxHu69NM=
4,108,WTGNwDS+6ftyNRSV03Cjk59Ekr8=,oPNUkwBWBVHPr82s44BuxHu69NM=
3,108,WTGNwDS+6ftyNRSV03Cjk59Ekr8=,oPNUkwBWBVHPr82s44BuxHu69NM=
2,108,WTGNwDS+6ftyNRSV03Cjk59Ekr8=,oPNUkwBWBVHPr82s44BuxHu69NM=
1,108,WTGNwDS+6ftyNRSV03Cjk59Ekr8=,oPNUkwBWBVHPr82s44BuxHu69NM=
0,97,WTGNwDS+6ftyNRSV03Cjk59Ekr8=,oPNUkwBWBVHPr82s44BuxHu69NM=
2,96,WTGNwDS+6ftyNRSV03Cjk59Ekr8=,oPNUkwBWBVHPr82s44BuxHu69NM=
15,96,WTGNwDS+6ftyNRSV03Cjk59Ekr8=,oPNUkwBWBVHPr82s44BuxHu69NM=
0,99,WTGNwDS+6ftyNRSV03Cjk59Ekr8=,oPNUkwBWBVHPr82s44BuxHu69NM=
14,96,WTGNwDS+6ftyNRSV03Cjk59Ekr8=,oPNUkwBWBVHPr82s44BuxHu69NM=
0,98,WTGNwDS+6ftyNRSV03Cjk59Ekr8=,oPNUkwBWBVHPr82s44BuxHu69NM=
15,97,WTGNwDS+6ftyNRSV03Cjk59Ekr8=,oPNUkwBWBVHPr82s44BuxHu69NM=
0,108,WTGNwDS+6ftyNRSV03Cjk59Ekr8=,oPNUkwBWBVHPr82s44BuxHu69NM=
15,107,WTGNwDS+6ftyNRSV03Cjk59Ekr8=,oPNUkwBWBVHPr82s44BuxHu69NM=
14,107,WTGNwDS+6ftyNRSV03Cjk59Ekr8=,oPNUkwBWBVHPr82s44BuxHu69NM=
10,109,WTGNwDS+6ftyNRSV03Cjk59Ekr8=,oPNUkwBWBVHPr82s44BuxHu69NM=
13,108,WTGNwDS+6ftyNRSV03Cjk59Ekr8=,oPNUkwBWBVHPr82s44BuxHu69NM=
8,108,WTGNwDS+6ftyNRSV03Cjk59Ekr8=,oPNUkwBWBVHPr82s44BuxHu69NM=
12,109,WTGNwDS+6ftyNRSV03Cjk59Ekr8=,oPNUkwBWBVHPr82s44BuxHu69NM=
9,108,WTGNwDS+6ftyNRSV03Cjk59Ekr8=,oPNUkwBWBVHPr82s44BuxHu69NM=
8,107,WTGNwDS+6ftyNRSV03Cjk59Ekr8=,oPNUkwBWBVHPr82s44BuxHu69NM=
6,107,WTGNwDS+6ftyNRSV03Cjk59Ekr8=,oPNUkwBWBVHPr82s44BuxHu69NM=
7,107,WTGNwDS+6ftyNRSV03Cjk59Ekr8=,oPNUkwBWBVHPr82s44BuxHu69NM=
5,107,WTGNwDS+6ftyNRSV03Cjk59Ekr8=,oPNUkwBWBVHPr82s44BuxHu69NM=
4,107,WTGNwDS+6ftyNRSV03Cjk59Ekr8=,oPNUkwBWBVHPr82s44BuxHu69NM=
14,97,WTGNwDS+6ftyNRSV03Cjk59Ekr8=,oPNUkwBWBVHPr82s44BuxHu69NM=
3,107,WTGNwDS+6ftyNRSV03Cjk59Ekr8=,oPNUkwBWBVHPr82s44BuxHu69NM=
2,107,WTGNwDS+6ftyNRSV03Cjk59Ekr8=,oPNUkwBWBVHPr82s44BuxHu69NM=
13,96,WTGNwDS+6ftyNRSV03Cjk59Ekr8=,oPNUkwBWBVHPr82s44BuxHu69NM=
15,98,WTGNwDS+6ftyNRSV03Cjk59Ekr8=,oPNUkwBWBVHPr82s44BuxHu69NM=
0,107,WTGNwDS+6ftyNRSV03Cjk59Ekr8=,oPNUkwBWBVHPr82s44BuxHu69NM=
1,107,WTGNwDS+6ftyNRSV03Cjk59Ekr8=,oPNUkwBWBVHPr82s44BuxHu69NM=
13,97,WTGNwDS+6ftyNRSV03Cjk59Ekr8=,oPNUkwBWBVHPr82s44BuxHu69NM=
15,106,WTGNwDS+6ftyNRSV03Cjk59Ekr8=,oPNUkwBWBVHPr82s44BuxHu69NM=
14,106,WTGNwDS+6ftyNRSV03Cjk59Ekr8=,oPNUkwBWBVHPr82s44BuxHu69NM=
14,98,WTGNwDS+6ftyNRSV03Cjk59Ekr8=,oPNUkwBWBVHPr82s44BuxHu69NM=
13,106,WTGNwDS+6ftyNRSV03Cjk59Ekr8=,oPNUkwBWBVHPr82s44BuxHu69NM=
13,107,WTGNwDS+6ftyNRSV03Cjk59Ekr8=,oPNUkwBWBVHPr82s44BuxHu69NM=
11,109,WTGNwDS+6ftyNRSV03Cjk59Ekr8=,oPNUkwBWBVHPr82s44BuxHu69NM=
12,108,WTGNwDS+6ftyNRSV03Cjk59Ekr8=,oPNUkwBWBVHPr82s44BuxHu69NM=
10,108,WTGNwDS+6ftyNRSV03Cjk59Ekr8=,oPNUkwBWBVHPr82s44BuxHu69NM=
8,106,WTGNwDS+6ftyNRSV03Cjk59Ekr8=,oPNUkwBWBVHPr82s44BuxHu69NM=
7,106,WTGNwDS+6ftyNRSV03Cjk59Ekr8=,oPNUkwBWBVHPr82s44BuxHu69NM=
6,106,WTGNwDS+6ftyNRSV03Cjk59Ekr8=,oPNUkwBWBVHPr82s44BuxHu69NM=
5,106,WTGNwDS+6ftyNRSV03Cjk59Ekr8=,oPNUkwBWBVHPr82s44BuxHu69NM=
4,106,WTGNwDS+6ftyNRSV03Cjk59Ekr8=,oPNUkwBWBVHPr82s44BuxHu69NM=
3,106,WTGNwDS+6ftyNRSV03Cjk59Ekr8=,oPNUkwBWBVHPr82s44BuxHu69NM=
2,106,WTGNwDS+6ftyNRSV03Cjk59Ekr8=,oPNUkwBWBVHPr82s44BuxHu69NM=
1,106,WTGNwDS+6ftyNRSV03Cjk59Ekr8=,oPNUkwBWBVHPr82s44BuxHu69NM=
0,106,WTGNwDS+6ftyNRSV03Cjk59Ekr8=,oPNUkwBWBVHPr82s44BuxHu69NM=
12,96,WTGNwDS+6ftyNRSV03Cjk59Ekr8=,oPNUkwBWBVHPr82s44BuxHu69NM=
12,97,WTGNwDS+6ftyNRSV03Cjk59Ekr8=,oPNUkwBWBVHPr82s44BuxHu69NM=
13,98,WTGNwDS+6ftyNRSV03Cjk59Ekr8=,oPNUkwBWBVHPr82s44BuxHu69NM=
15,105,WTGNwDS+6ftyNRSV03Cjk59Ekr8=,oPNUkwBWBVHPr82s44BuxHu69NM=
14,105,WTGNwDS+6ftyNRSV03Cjk59Ekr8=,oPNUkwBWBVHPr82s44BuxHu69NM=
13,105,WTGNwDS+6ftyNRSV03Cjk59Ekr8=,oPNUkwBWBVHPr82s44BuxHu69NM=
11,108,WTGNwDS+6ftyNRSV03Cjk59Ekr8=,oPNUkwBWBVHPr82s44BuxHu69NM=
12,106,WTGNwDS+6ftyNRSV03Cjk59Ekr8=,oPNUkwBWBVHPr82s44BuxHu69NM=
9,99,WTGNwDS+6ftyNRSV03Cjk59Ekr8=,oPNUkwBWBVHPr82s44BuxHu69NM=
12,107,WTGNwDS+6ftyNRSV03Cjk59Ekr8=,oPNUkwBWBVHPr82s44BuxHu69NM=
9,107,WTGNwDS+6ftyNRSV03Cjk59Ekr8=,oPNUkwBWBVHPr82s44BuxHu69NM=
8,105,WTGNwDS+6ftyNRSV03Cjk59Ekr8=,oPNUkwBWBVHPr82s44BuxHu69NM=
7,105,WTGNwDS+6ftyNRSV03Cjk59Ekr8=,oPNUkwBWBVHPr82s44BuxHu69NM=
6,105,WTGNwDS+6ftyNRSV03Cjk59Ekr8=,oPNUkwBWBVHPr82s44BuxHu69NM=
5,105,WTGNwDS+6ftyNRSV03Cjk59Ekr8=,oPNUkwBWBVHPr82s44BuxHu69NM=
4,105,WTGNwDS+6ftyNRSV03Cjk59Ekr8=,oPNUkwBWBVHPr82s44BuxHu69NM=
3,105,WTGNwDS+6ftyNRSV03Cjk59Ekr8=,oPNUkwBWBVHPr82s44BuxHu69NM=
2,105,WTGNwDS+6ftyNRSV03Cjk59Ekr8=,oPNUkwBWBVHPr82s44BuxHu69NM=
1,105,WTGNwDS+6ftyNRSV03Cjk59Ekr8=,oPNUkwBWBVHPr82s44BuxHu69NM=
11,107,WTGNwDS+6ftyNRSV03Cjk59Ekr8=,oPNUkwBWBVHPr82s44BuxHu69NM=
12,98,WTGNwDS+6ftyNRSV03Cjk59Ekr8=,oPNUkwBWBVHPr82s44BuxHu69NM=
0,105,WTGNwDS+6ftyNRSV03Cjk59Ekr8=,oPNUkwBWBVHPr82s44BuxHu69NM=
11,96,WTGNwDS+6ftyNRSV03Cjk59Ekr8=,oPNUkwBWBVHPr82s44BuxHu69NM=
15,104,WTGNwDS+6ftyNRSV03Cjk59Ekr8=,oPNUkwBWBVHPr82s44BuxHu69NM=
14,104,WTGNwDS+6ftyNRSV03Cjk59Ekr8=,oPNUkwBWBVHPr82s44BuxHu69NM=
13,104,WTGNwDS+6ftyNRSV03Cjk59Ekr8=,oPNUkwBWBVHPr82s44BuxHu69NM=
10,107,WTGNwDS+6ftyNRSV03Cjk59Ekr8=,oPNUkwBWBVHPr82s44BuxHu69NM=
11,97,WTGNwDS+6ftyNRSV03Cjk59Ekr8=,oPNUkwBWBVHPr82s44BuxHu69NM=
0,96,WTGNwDS+6ftyNRSV03Cjk59Ekr8=,oPNUkwBWBVHPr82s44BuxHu69NM=
10,106,WTGNwDS+6ftyNRSV03Cjk59Ekr8=,oPNUkwBWBVHPr82s44BuxHu69NM=
12,105,WTGNwDS+6ftyNRSV03Cjk59Ekr8=,oPNUkwBWBVHPr82s44BuxHu69NM=
8,104,WTGNwDS+6ftyNRSV03Cjk59Ekr8=,oPNUkwBWBVHPr82s44BuxHu69NM=
7,104,WTGNwDS+6ftyNRSV03Cjk59Ekr8=,oPNUkwBWBVHPr82s44BuxHu69NM=
6,104,WTGNwDS+6ftyNRSV03Cjk59Ekr8=,oPNUkwBWBVHPr82s44BuxHu69NM=
5,104,WTGNwDS+6ftyNRSV03Cjk59Ekr8=,oPNUkwBWBVHPr82s44BuxHu69NM=
4,104,WTGNwDS+6ftyNRSV03Cjk59Ekr8=,oPNUkwBWBVHPr82s44BuxHu69NM=
3,104,WTGNwDS+6ftyNRSV03Cjk59Ekr8=,oPNUkwBWBVHPr82s44BuxHu69NM=
2,104,WTGNwDS+6ftyNRSV03Cjk59Ekr8=,oPNUkwBWBVHPr82s44BuxHu69NM=
1,104,WTGNwDS+6ftyNRSV03Cjk59Ekr8=,oPNUkwBWBVHPr82s44BuxHu69NM=
9,106,WTGNwDS+6ftyNRSV03Cjk59Ekr8=,oPNUkwBWBVHPr82s44BuxHu69NM=
11,106,WTGNwDS+6ftyNRSV03Cjk59Ekr8=,oPNUkwBWBVHPr82s44BuxHu69NM=
0,104,WTGNwDS+6ftyNRSV03Cjk59Ekr8=,oPNUkwBWBVHPr82s44BuxHu69NM=
15,103,WTGNwDS+6ftyNRSV03Cjk59Ekr8=,oPNUkwBWBVHPr82s44BuxHu69NM=
11,98,WTGNwDS+6ftyNRSV03Cjk59Ekr8=,oPNUkwBWBVHPr82s44BuxHu69NM=
14,103,WTGNwDS+6ftyNRSV03Cjk59Ekr8=,oPNUkwBWBVHPr82s44BuxHu69NM=
13,103,WTGNwDS+6ftyNRSV03Cjk59Ekr8=,oPNUkwBWBVHPr82s44BuxHu69NM=
12,104,WTGNwDS+6ftyNRSV03Cjk59Ekr8=,oPNUkwBWBVHPr82s44BuxHu69NM=
9,105,WTGNwDS+6ftyNRSV03Cjk59Ekr8=,oPNUkwBWBVHPr82s44BuxHu69NM=
12,103,WTGNwDS+6ftyNRSV03Cjk59Ekr8=,oPNUkwBWBVHPr82s44BuxHu69NM=
10,99,WTGNwDS+6ftyNRSV03Cjk59Ekr8=,oPNUkwBWBVHPr82s44BuxHu69NM=
11,105,WTGNwDS+6ftyNRSV03Cjk59Ekr8=,oPNUkwBWBVHPr82s44BuxHu69NM=
10,105,WTGNwDS+6ftyNRSV03Cjk59Ekr8=,oPNUkwBWBVHPr82s44BuxHu69NM=
7,103,WTGNwDS+6ftyNRSV03Cjk59Ekr8=,oPNUkwBWBVHPr82s44BuxHu69NM=
6,103,WTGNwDS+6ftyNRSV03Cjk59Ekr8=,oPNUkwBWBVHPr82s44BuxHu69NM=
5,103,WTGNwDS+6ftyNRSV03Cjk59Ekr8=,oPNUkwBWBVHPr82s44BuxHu69NM=
4,103,WTGNwDS+6ftyNRSV03Cjk59Ekr8=,oPNUkwBWBVHPr82s44BuxHu69NM=
3,103,WTGNwDS+6ftyNRSV03Cjk59Ekr8=,oPNUkwBWBVHPr82s44BuxHu69NM=
2,103,WTGNwDS+6ftyNRSV03Cjk59Ekr8=,oPNUkwBWBVHPr82s44BuxHu69NM=
1,103,WTGNwDS+6ftyNRSV03Cjk59Ekr8=,oPNUkwBWBVHPr82s44BuxHu69NM=
9,104,WTGNwDS+6ftyNRSV03Cjk59Ekr8=,oPNUkwBWBVHPr82s44BuxHu69NM=
10,96,WTGNwDS+6ftyNRSV03Cjk59Ekr8=,oPNUkwBWBVHPr82s44BuxHu69NM=
0,103,WTGNwDS+6ftyNRSV03Cjk59Ekr8=,oPNUkwBWBVHPr82s44BuxHu69NM=
15,102,WTGNwDS+6ftyNRSV03Cjk59Ekr8=,oPNUkwBWBVHPr82s44BuxHu69NM=
11,104,WTGNwDS+6ftyNRSV03Cjk59Ekr8=,oPNUkwBWBVHPr82s44BuxHu69NM=
14,102,WTGNwDS+6ftyNRSV03Cjk59Ekr8=,oPNUkwBWBVHPr82s44BuxHu69NM=
13,102,WTGNwDS+6ftyNRSV03Cjk59Ekr8=,oPNUkwBWBVHPr82s44BuxHu69NM=
10,97,WTGNwDS+6ftyNRSV03Cjk59Ekr8=,oPNUkwBWBVHPr82s44BuxHu69NM=
8,103,WTGNwDS+6ftyNRSV03Cjk59Ekr8=,oPNUkwBWBVHPr82s44BuxHu69NM=
10,104,WTGNwDS+6ftyNRSV03Cjk59Ekr8=,oPNUkwBWBVHPr82s44BuxHu69NM=
10,103,WTGNwDS+6ftyNRSV03Cjk59Ekr8=,oPNUkwBWBVHPr82s44BuxHu69NM=
12,102,WTGNwDS+6ftyNRSV03Cjk59Ekr8=,oPNUkwBWBVHPr82s44BuxHu69NM=
7,102,WTGNwDS+6ftyNRSV03Cjk59Ekr8=,oPNUkwBWBVHPr82s44BuxHu69NM=
6,102,WTGNwDS+6ftyNRSV03Cjk59Ekr8=,oPNUkwBWBVHPr82s44BuxHu69NM=
5,102,WTGNwDS+6ftyNRSV03Cjk59Ekr8=,oPNUkwBWBVHPr82s44BuxHu69NM=
4,102,WTGNwDS+6ftyNRSV03Cjk59Ekr8=,oPNUkwBWBVHPr82s44BuxHu69NM=
3,102,WTGNwDS+6ftyNRSV03Cjk59Ekr8=,oPNUkwBWBVHPr82s44BuxHu69NM=
2,102,WTGNwDS+6ftyNRSV03Cjk59Ekr8=,oPNUkwBWBVHPr82s44BuxHu69NM=
1,102,WTGNwDS+6ftyNRSV03Cjk59Ekr8=,oPNUkwBWBVHPr82s44BuxHu69NM=
11,103,WTGNwDS+6ftyNRSV03Cjk59Ekr8=,oPNUkwBWBVHPr82s44BuxHu69NM=
8,102,WTGNwDS+6ftyNRSV03Cjk59Ekr8=,oPNUkwBWBVHPr82s44BuxHu69NM=
0,102,WTGNwDS+6ftyNRSV03Cjk59Ekr8=,oPNUkwBWBVHPr82s44BuxHu69NM=
15,101,WTGNwDS+6ftyNRSV03Cjk59Ekr8=,oPNUkwBWBVHPr82s44BuxHu69NM=
9,103,WTGNwDS+6ftyNRSV03Cjk59Ekr8=,oPNUkwBWBVHPr82s44BuxHu69NM=
14,101,WTGNwDS+6ftyNRSV03Cjk59Ekr8=,oPNUkwBWBVHPr82s44BuxHu69NM=
13,101,WTGNwDS+6ftyNRSV03Cjk59Ekr8=,oPNUkwBWBVHPr82s44BuxHu69NM=
10,98,WTGNwDS+6ftyNRSV03Cjk59Ekr8=,oPNUkwBWBVHPr82s44BuxHu69NM=
9,96,WTGNwDS+6ftyNRSV03Cjk59Ekr8=,oPNUkwBWBVHPr82s44BuxHu69NM=
11,99,WTGNwDS+6ftyNRSV03Cjk59Ekr8=,oPNUkwBWBVHPr82s44BuxHu69NM=
12,101,WTGNwDS+6ftyNRSV03Cjk59Ekr8=,oPNUkwBWBVHPr82s44BuxHu69NM=
8,97,WTGNwDS+6ftyNRSV03Cjk59Ekr8=,oPNUkwBWBVHPr82s44BuxHu69NM=
8,101,WTGNwDS+6ftyNRSV03Cjk59Ekr8=,oPNUkwBWBVHPr82s44BuxHu69NM=
7,101,WTGNwDS+6ftyNRSV03Cjk59Ekr8=,oPNUkwBWBVHPr82s44BuxHu69NM=
6,101,WTGNwDS+6ftyNRSV03Cjk59Ekr8=,oPNUkwBWBVHPr82s44BuxHu69NM=
5,101,WTGNwDS+6ftyNRSV03Cjk59Ekr8=,oPNUkwBWBVHPr82s44BuxHu69NM=
4,101,WTGNwDS+6ftyNRSV03Cjk59Ekr8=,oPNUkwBWBVHPr82s44BuxHu69NM=
3,101,WTGNwDS+6ftyNRSV03Cjk59Ekr8=,oPNUkwBWBVHPr82s44BuxHu69NM=
2,101,WTGNwDS+6ftyNRSV03Cjk59Ekr8=,oPNUkwBWBVHPr82s44BuxHu69NM=
1,101,WTGNwDS+6ftyNRSV03Cjk59Ekr8=,oPNUkwBWBVHPr82s44BuxHu69NM=
10,102,WTGNwDS+6ftyNRSV03Cjk59Ekr8=,oPNUkwBWBVHPr82s44BuxHu69NM=
0,101,WTGNwDS+6ftyNRSV03Cjk59Ekr8=,oPNUkwBWBVHPr82s44BuxHu69NM=
7,96,WTGNwDS+6ftyNRSV03Cjk59Ekr8=,oPNUkwBWBVHPr82s44BuxHu69NM=
15,100,WTGNwDS+6ftyNRSV03Cjk59Ekr8=,oPNUkwBWBVHPr82s44BuxHu69NM=
7,97,WTGNwDS+6ftyNRSV03Cjk59Ekr8=,oPNUkwBWBVHPr82s44BuxHu69NM=
14,100,WTGNwDS+6ftyNRSV03Cjk59Ekr8=,oPNUkwBWBVHPr82s44BuxHu69NM=
13,100,WTGNwDS+6ftyNRSV03Cjk59Ekr8=,oPNUkwBWBVHPr82s44BuxHu69NM=
12,100,WTGNwDS+6ftyNRSV03Cjk59Ekr8=,oPNUkwBWBVHPr82s44BuxHu69NM=
12,99,WTGNwDS+6ftyNRSV03Cjk59Ekr8=,oPNUkwBWBVHPr82s44BuxHu69NM=
13,99,WTGNwDS+6ftyNRSV03Cjk59Ekr8=,oPNUkwBWBVHPr82s44BuxHu69NM=
14,99,WTGNwDS+6ftyNRSV03Cjk59Ekr8=,oPNUkwBWBVHPr82s44BuxHu69NM=
15,99,WTGNwDS+6ftyNRSV03Cjk59Ekr8=,oPNUkwBWBVHPr82s44BuxHu69NM=
6,97,WTGNwDS+6ftyNRSV03Cjk59Ekr8=,oPNUkwBWBVHPr82s44BuxHu69NM=
6,96,WTGNwDS+6ftyNRSV03Cjk59Ekr8=,oPNUkwBWBVHPr82s44BuxHu69NM=
0,100,WTGNwDS+6ftyNRSV03Cjk59Ekr8=,oPNUkwBWBVHPr82s44BuxHu69NM=
7,98,WTGNwDS+6ftyNRSV03Cjk59Ekr8=,oPNUkwBWBVHPr82s44BuxHu69NM=
1,100,WTGNwDS+6ftyNRSV03Cjk59Ekr8=,oPNUkwBWBVHPr82s44BuxHu69NM=
2,100,WTGNwDS+6ftyNRSV03Cjk59Ekr8=,oPNUkwBWBVHPr82s44BuxHu69NM=
3,100,WTGNwDS+6ftyNRSV03Cjk59Ekr8=,oPNUkwBWBVHPr82s44BuxHu69NM=
4,100,WTGNwDS+6ftyNRSV03Cjk59Ekr8=,oPNUkwBWBVHPr82s44BuxHu69NM=
5,100,WTGNwDS+6ftyNRSV03Cjk59Ekr8=,oPNUkwBWBVHPr82s44BuxHu69NM=
6,100,WTGNwDS+6ftyNRSV03Cjk59Ekr8=,oPNUkwBWBVHPr82s44BuxHu69NM=
7,100,WTGNwDS+6ftyNRSV03Cjk59Ekr8=,oPNUkwBWBVHPr82s44BuxHu69NM=
8,100,WTGNwDS+6ftyNRSV03Cjk59Ekr8=,oPNUkwBWBVHPr82s44BuxHu69NM=
9,97,WTGNwDS+6ftyNRSV03Cjk59Ekr8=,oPNUkwBWBVHPr82s44BuxHu69NM=
8,96,WTGNwDS+6ftyNRSV03Cjk59Ekr8=,oPNUkwBWBVHPr82s44BuxHu69NM=
9,98,WTGNwDS+6ftyNRSV03Cjk59Ekr8=,oPNUkwBWBVHPr82s44BuxHu69NM=
8,98,WTGNwDS+6ftyNRSV03Cjk59Ekr8=,oPNUkwBWBVHPr82s44BuxHu69NM=
11,102,WTGNwDS+6ftyNRSV03Cjk59Ekr8=,oPNUkwBWBVHPr82s44BuxHu69NM=
9,102,WTGNwDS+6ftyNRSV03Cjk59Ekr8=,oPNUkwBWBVHPr82s44BuxHu69NM=
9,101,WTGNwDS+6ftyNRSV03Cjk59Ekr8=,oPNUkwBWBVHPr82s44BuxHu69NM=
9,100,WTGNwDS+6ftyNRSV03Cjk59Ekr8=,oPNUkwBWBVHPr82s44BuxHu69NM=
11,101,WTGNwDS+6ftyNRSV03Cjk59Ekr8=,oPNUkwBWBVHPr82s44BuxHu69NM=
10,101,WTGNwDS+6ftyNRSV03Cjk59Ekr8=,oPNUkwBWBVHPr82s44BuxHu69NM=
10,100,WTGNwDS+6ftyNRSV03Cjk59Ekr8=,oPNUkwBWBVHPr82s44BuxHu69NM=
11,100,WTGNwDS+6ftyNRSV03Cjk59Ekr8=,oPNUkwBWBVHPr82s44BuxHu69NM=
5,112,9IAGFE/1kvKycQHc3OEy+ca6OgU=,9njdLKTS6apCCCO2hjLtEq6JNYU=
6,115,9IAGFE/1kvKycQHc3OEy+ca6OgU=,9njdLKTS6apCCCO2hjLtEq6JNYU=
5,114,9IAGFE/1kvKycQHc3OEy+ca6OgU=,9njdLKTS6apCCCO2hjLtEq6JNYU=
3,112,9IAGFE/1kvKycQHc3OEy+ca6OgU=,9njdLKTS6apCCCO2hjLtEq6JNYU=
4,114,9IAGFE/1kvKycQHc3OEy+ca6OgU=,9njdLKTS6apCCCO2hjLtEq6JNYU=
5,115,9IAGFE/1kvKycQHc3OEy+ca6OgU=,9njdLKTS6apCCCO2hjLtEq6JNYU=
7,115,9IAGFE/1kvKycQHc3OEy+ca6OgU=,9njdLKTS6apCCCO2hjLtEq6JNYU=
3,114,9IAGFE/1kvKycQHc3OEy+ca6OgU=,9njdLKTS6apCCCO2hjLtEq6JNYU=
1,112,9IAGFE/1kvKycQHc3OEy+ca6OgU=,9njdLKTS6apCCCO2hjLtEq6JNYU=
1,114,9IAGFE/1kvKycQHc3OEy+ca6OgU=,9njdLKTS6apCCCO2hjLtEq6JNYU=
4,115,9IAGFE/1kvKycQHc3OEy+ca6OgU=,9njdLKTS6apCCCO2hjLtEq6JNYU=
8,115,9IAGFE/1kvKycQHc3OEy+ca6OgU=,9njdLKTS6apCCCO2hjLtEq6JNYU=
12,127,9IAGFE/1kvKycQHc3OEy+ca6OgU=,9njdLKTS6apCCCO2hjLtEq6JNYU=
4,113,9IAGFE/1kvKycQHc3OEy+ca6OgU=,9njdLKTS6apCCCO2hjLtEq6JNYU=
11,127,9IAGFE/1kvKycQHc3OEy+ca6OgU=,9njdLKTS6apCCCO2hjLtEq6JNYU=
5,113,9IAGFE/1kvKycQHc3OEy+ca6OgU=,9njdLKTS6apCCCO2hjLtEq6JNYU=
9,115,9IAGFE/1kvKycQHc3OEy+ca6OgU=,9njdLKTS6apCCCO2hjLtEq6JNYU=
10,127,9IAGFE/1kvKycQHc3OEy+ca6OgU=,9njdLKTS6apCCCO2hjLtEq6JNYU=
13,127,9IAGFE/1kvKycQHc3OEy+ca6OgU=,9njdLKTS6apCCCO2hjLtEq6JNYU=
7,127,9IAGFE/1kvKycQHc3OEy+ca6OgU=,9njdLKTS6apCCCO2hjLtEq6JNYU=
9,127,9IAGFE/1kvKycQHc3OEy+ca6OgU=,9njdLKTS6apCCCO2hjLtEq6JNYU=
10,115,9IAGFE/1kvKycQHc3OEy+ca6OgU=,9njdLKTS6apCCCO2hjLtEq6JNYU=
6,127,9IAGFE/1kvKycQHc3OEy+ca6OgU=,9njdLKTS6apCCCO2hjLtEq6JNYU=
8,127,9IAGFE/1kvKycQHc3OEy+ca6OgU=,9njdLKTS6apCCCO2hjLtEq6JNYU=
5,127,9IAGFE/1kvKycQHc3OEy+ca6OgU=,9njdLKTS6apCCCO2hjLtEq6JNYU=
11,115,9IAGFE/1kvKycQHc3OEy+ca6OgU=,9njdLKTS6apCCCO2hjLtEq6JNYU=
2,127,9IAGFE/1kvKycQHc3OEy+ca6OgU=,9njdLKTS6apCCCO2hjLtEq6JNYU=
3,127,9IAGFE/1kvKycQHc3OEy+ca6OgU=,9njdLKTS6apCCCO2hjLtEq6JNYU=
1,127,9IAGFE/1kvKycQHc3OEy+ca6OgU=,9njdLKTS6apCCCO2hjLtEq6JNYU=
0,114,9IAGFE/1kvKycQHc3OEy+ca6OgU=,9njdLKTS6apCCCO2hjLtEq6JNYU=
4,127,9IAGFE/1kvKycQHc3OEy+ca6OgU=,9njdLKTS6apCCCO2hjLtEq6JNYU=
0,127,9IAGFE/1kvKycQHc3OEy+ca6OgU=,9njdLKTS6apCCCO2hjLtEq6JNYU=
4,112,9IAGFE/1kvKycQHc3OEy+ca6OgU=,9njdLKTS6apCCCO2hjLtEq6JNYU=
3,115,9IAGFE/1kvKycQHc3OEy+ca6OgU=,9njdLKTS6apCCCO2hjLtEq6JNYU=
13,126,9IAGFE/1kvKycQHc3OEy+ca6OgU=,9njdLKTS6apCCCO2hjLtEq6JNYU=
14,126,9IAGFE/1kvKycQHc3OEy+ca6OgU=,9njdLKTS6apCCCO2hjLtEq6JNYU=
11,126,9IAGFE/1kvKycQHc3OEy+ca6OgU=,9njdLKTS6apCCCO2hjLtEq6JNYU=
10,126,9IAGFE/1kvKycQHc3OEy+ca6OgU=,9njdLKTS6apCCCO2hjLtEq6JNYU=
9,126,9IAGFE/1kvKycQHc3OEy+ca6OgU=,9njdLKTS6apCCCO2hjLtEq6JNYU=
12,126,9IAGFE/1kvKycQHc3OEy+ca6OgU=,9njdLKTS6apCCCO2hjLtEq6JNYU=
7,126,9IAGFE/1kvKycQHc3OEy+ca6OgU=,9njdLKTS6apCCCO2hjLtEq6JNYU=
8,126,9IAGFE/1kvKycQHc3OEy+ca6OgU=,9njdLKTS6apCCCO2hjLtEq6JNYU=
5,126,9IAGFE/1kvKycQHc3OEy+ca6OgU=,9njdLKTS6apCCCO2hjLtEq6JNYU=
4,126,9IAGFE/1kvKycQHc3OEy+ca6OgU=,9njdLKTS6apCCCO2hjLtEq6JNYU=
2,126,9IAGFE/1kvKycQHc3OEy+ca6OgU=,9njdLKTS6apCCCO2hjLtEq6JNYU=
1,126,9IAGFE/1kvKycQHc3OEy+ca6OgU=,9njdLKTS6apCCCO2hjLtEq6JNYU=
6,126,9IAGFE/1kvKycQHc3OEy+ca6OgU=,9njdLKTS6apCCCO2hjLtEq6JNYU=
3,126,9IAGFE/1kvKycQHc3OEy+ca6OgU=,9njdLKTS6apCCCO2hjLtEq6JNYU=
3,113,9IAGFE/1kvKycQHc3OEy+ca6OgU=,9njdLKTS6apCCCO2hjLtEq6JNYU=
2,115,9IAGFE/1kvKycQHc3OEy+ca6OgU=,9njdLKTS6apCCCO2hjLtEq6JNYU=
14,125,9IAGFE/1kvKycQHc3OEy+ca6OgU=,9njdLKTS6apCCCO2hjLtEq6JNYU=
0,126,9IAGFE/1kvKycQHc3OEy+ca6OgU=,9njdLKTS6apCCCO2hjLtEq6JNYU=
15,125,9IAGFE/1kvKycQHc3OEy+ca6OgU=,9njdLKTS6apCCCO2hjLtEq6JNYU=
13,125,9IAGFE/1kvKycQHc3OEy+ca6OgU=,9njdLKTS6apCCCO2hjLtEq6JNYU=
12,125,9IAGFE/1kvKycQHc3OEy+ca6OgU=,9njdLKTS6apCCCO2hjLtEq6JNYU=
11,125,9IAGFE/1kvKycQHc3OEy+ca6OgU=,9njdLKTS6apCCCO2hjLtEq6JNYU=
10,125,9IAGFE/1kvKycQHc3OEy+ca6OgU=,9njdLKTS6apCCCO2hjLtEq6JNYU=
9,125,9IAGFE/1kvKycQHc3OEy+ca6OgU=,9njdLKTS6apCCCO2hjLtEq6JNYU=
8,125,9IAGFE/1kvKycQHc3OEy+ca6OgU=,9njdLKTS6apCCCO2hjLtEq6JNYU=
7,125,9IAGFE/1kvKycQHc3OEy+ca6OgU=,9njdLKTS6apCCCO2hjLtEq6JNYU=
6,125,9IAGFE/1kvKycQHc3OEy+ca6OgU=,9njdLKTS6apCCCO2hjLtEq6JNYU=
5,125,9IAGFE/1kvKycQHc3OEy+ca6OgU=,9njdLKTS6apCCCO2hjLtEq6JNYU=
4,125,9IAGFE/1kvKycQHc3OEy+ca6OgU=,9njdLKTS6apCCCO2hjLtEq6JNYU=
3,125,9IAGFE/1kvKycQHc3OEy+ca6OgU=,9njdLKTS6apCCCO2hjLtEq6JNYU=
1,125,9IAGFE/1kvKycQHc3OEy+ca6OgU=,9njdLKTS6apCCCO2hjLtEq6JNYU=
2,113,9IAGFE/1kvKycQHc3OEy+ca6OgU=,9njdLKTS6apCCCO2hjLtEq6JNYU=
2,125,9IAGFE/1kvKycQHc3OEy+ca6OgU=,9njdLKTS6apCCCO2hjLtEq6JNYU=
0,125,9IAGFE/1kvKycQHc3OEy+ca6OgU=,9njdLKTS6apCCCO2hjLtEq6JNYU=
1,115,9IAGFE/1kvKycQHc3OEy+ca6OgU=,9njdLKTS6apCCCO2hjLtEq6JNYU=
15,124,9IAGFE/1kvKycQHc3OEy+ca6OgU=,9njdLKTS6apCCCO2hjLtEq6JNYU=
12,124,9IAGFE/1kvKycQHc3OEy+ca6OgU=,9njdLKTS6apCCCO2hjLtEq6JNYU=
10,124,9IAGFE/1kvKycQHc3OEy+ca6OgU=,9njdLKTS6apCCCO2hjLtEq6JNYU=
11,124,9IAGFE/1kvKycQHc3OEy+ca6OgU=,9njdLKTS6apCCCO2hjLtEq6JNYU=
9,124,9IAGFE/1kvKycQHc3OEy+ca6OgU=,9njdLKTS6apCCCO2hjLtEq6JNYU=
2,114,9IAGFE/1kvKycQHc3OEy+ca6OgU=,9njdLKTS6apCCCO2hjLtEq6JNYU=
8,124,9IAGFE/1kvKycQHc3OEy+ca6OgU=,9njdLKTS6apCCCO2hjLtEq6JNYU=
7,124,9IAGFE/1kvKycQHc3OEy+ca6OgU=,9njdLKTS6apCCCO2hjLtEq6JNYU=
6,124,9IAGFE/1kvKycQHc3OEy+ca6OgU=,9njdLKTS6apCCCO2hjLtEq6JNYU=
5,124,9IAGFE/1kvKycQHc3OEy+ca6OgU=,9njdLKTS6apCCCO2hjLtEq6JNYU=
4,124,9IAGFE/1kvKycQHc3OEy+ca6OgU=,9njdLKTS6apCCCO2hjLtEq6JNYU=
3,124,9IAGFE/1kvKycQHc3OEy+ca6OgU=,9njdLKTS6apCCCO2hjLtEq6JNYU=
2,124,9IAGFE/1kvKycQHc3OEy+ca6OgU=,9njdLKTS6apCCCO2hjLtEq6JNYU=
1,124,9IAGFE/1kvKycQHc3OEy+ca6OgU=,9njdLKTS6apCCCO2hjLtEq6JNYU=
1,113,9IAGFE/1kvKycQHc3OEy+ca6OgU=,9njdLKTS6apCCCO2hjLtEq6JNYU=
0,124,9IAGFE/1kvKycQHc3OEy+ca6OgU=,9njdLKTS6apCCCO2hjLtEq6JNYU=
15,113,9IAGFE/1kvKycQHc3OEy+ca6OgU=,9njdLKTS6apCCCO2hjLtEq6JNYU=
0,113,9IAGFE/1kvKycQHc3OEy+ca6OgU=,9njdLKTS6apCCCO2hjLtEq6JNYU=
0,115,9IAGFE/1kvKycQHc3OEy+ca6OgU=,9njdLKTS6apCCCO2hjLtEq6JNYU=
15,112,9IAGFE/1kvKycQHc3OEy+ca6OgU=,9njdLKTS6apCCCO2hjLtEq6JNYU=
2,112,9IAGFE/1kvKycQHc3OEy+ca6OgU=,9njdLKTS6apCCCO2hjLtEq6JNYU=
14,113,9IAGFE/1kvKycQHc3OEy+ca6OgU=,9njdLKTS6apCCCO2hjLtEq6JNYU=
15,114,9IAGFE/1kvKycQHc3OEy+ca6OgU=,9njdLKTS6apCCCO2hjLtEq6JNYU=
14,114,9IAGFE/1kvKycQHc3OEy+ca6OgU=,9njdLKTS6apCCCO2hjLtEq6JNYU=
15,123,9IAGFE/1kvKycQHc3OEy+ca6OgU=,9njdLKTS6apCCCO2hjLtEq6JNYU=
15,126,9IAGFE/1kvKycQHc3OEy+ca6OgU=,9njdLKTS6apCCCO2hjLtEq6JNYU=
12,123,9IAGFE/1kvKycQHc3OEy+ca6OgU=,9njdLKTS6apCCCO2hjLtEq6JNYU=
11,123,9IAGFE/1kvKycQHc3OEy+ca6OgU=,9njdLKTS6apCCCO2hjLtEq6JNYU=
10,123,9IAGFE/1kvKycQHc3OEy+ca6OgU=,9njdLKTS6apCCCO2hjLtEq6JNYU=
9,123,9IAGFE/1kvKycQHc3OEy+ca6OgU=,9njdLKTS6apCCCO2hjLtEq6JNYU=
8,123,9IAGFE/1kvKycQHc3OEy+ca6OgU=,9njdLKTS6apCCCO2hjLtEq6JNYU=
15,127,9IAGFE/1kvKycQHc3OEy+ca6OgU=,9njdLKTS6apCCCO2hjLtEq6JNYU=
7,123,9IAGFE/1kvKycQHc3OEy+ca6OgU=,9njdLKTS6apCCCO2hjLtEq6JNYU=
6,123,9IAGFE/1kvKycQHc3OEy+ca6OgU=,9njdLKTS6apCCCO2hjLtEq6JNYU=
5,123,9IAGFE/1kvKycQHc3OEy+ca6OgU=,9njdLKTS6apCCCO2hjLtEq6JNYU=
3,123,9IAGFE/1kvKycQHc3OEy+ca6OgU=,9njdLKTS6apCCCO2hjLtEq6JNYU=
4,123,9IAGFE/1kvKycQHc3OEy+ca6OgU=,9njdLKTS6apCCCO2hjLtEq6JNYU=
2,123,9IAGFE/1kvKycQHc3OEy+ca6OgU=,9njdLKTS6apCCCO2hjLtEq6JNYU=
1,123,9IAGFE/1kvKycQHc3OEy+ca6OgU=,9njdLKTS6apCCCO2hjLtEq6JNYU=
13,113,9IAGFE/1kvKycQHc3OEy+ca6OgU=,9njdLKTS6apCCCO2hjLtEq6JNYU=
0,123,9IAGFE/1kvKycQHc3OEy+ca6OgU=,9njdLKTS6apCCCO2hjLtEq6JNYU=
15,122,9IAGFE/1kvKycQHc3OEy+ca6OgU=,9njdLKTS6apCCCO2hjLtEq6JNYU=
13,114,9IAGFE/1kvKycQHc3OEy+ca6OgU=,9njdLKTS6apCCCO2hjLtEq6JNYU=
13,123,9IAGFE/1kvKycQHc3OEy+ca6OgU=,9njdLKTS6apCCCO2hjLtEq6JNYU=
13,124,9IAGFE/1kvKycQHc3OEy+ca6OgU=,9njdLKTS6apCCCO2hjLtEq6JNYU=
12,122,9IAGFE/1kvKycQHc3OEy+ca6OgU=,9njdLKTS6apCCCO2hjLtEq6JNYU=
11,122,9IAGFE/1kvKycQHc3OEy+ca6OgU=,9njdLKTS6apCCCO2hjLtEq6JNYU=
10,122,9IAGFE/1kvKycQHc3OEy+ca6OgU=,9njdLKTS6apCCCO2hjLtEq6JNYU=
7,122,9IAGFE/1kvKycQHc3OEy+ca6OgU=,9njdLKTS6apCCCO2hjLtEq6JNYU=
9,122,9IAGFE/1kvKycQHc3OEy+ca6OgU=,9njdLKTS6apCCCO2hjLtEq6JNYU=
6,122,9IAGFE/1kvKycQHc3OEy+ca6OgU=,9njdLKTS6apCCCO2hjLtEq6JNYU=
8,122,9IAGFE/1kvKycQHc3OEy+ca6OgU=,9njdLKTS6apCCCO2hjLtEq6JNYU=
5,122,9IAGFE/1kvKycQHc3OEy+ca6OgU=,9njdLKTS6apCCCO2hjLtEq6JNYU=
4,122,9IAGFE/1kvKycQHc3OEy+ca6OgU=,9njdLKTS6apCCCO2hjLtEq6JNYU=
3,122,9IAGFE/1kvKycQHc3OEy+ca6OgU=,9njdLKTS6apCCCO2hjLtEq6JNYU=
2,122,9IAGFE/1kvKycQHc3OEy+ca6OgU=,9njdLKTS6apCCCO2hjLtEq6JNYU=
1,122,9IAGFE/1kvKycQHc3OEy+ca6OgU=,9njdLKTS6apCCCO2hjLtEq6JNYU=
13,122,9IAGFE/1kvKycQHc3OEy+ca6OgU=,9njdLKTS6apCCCO2hjLtEq6JNYU=
0,122,9IAGFE/1kvKycQHc3OEy+ca6OgU=,9njdLKTS6apCCCO2hjLtEq6JNYU=
15,121,9IAGFE/1kvKycQHc3OEy+ca6OgU=,9njdLKTS6apCCCO2hjLtEq6JNYU=
14,121,9IAGFE/1kvKycQHc3OEy+ca6OgU=,9njdLKTS6apCCCO2hjLtEq6JNYU=
14,127,9IAGFE/1kvKycQHc3OEy+ca6OgU=,9njdLKTS6apCCCO2hjLtEq6JNYU=
12,121,9IAGFE/1kvKycQHc3OEy+ca6OgU=,9njdLKTS6apCCCO2hjLtEq6JNYU=
11,121,9IAGFE/1kvKycQHc3OEy+ca6OgU=,9njdLKTS6apCCCO2hjLtEq6JNYU=
10,121,9IAGFE/1kvKycQHc3OEy+ca6OgU=,9njdLKTS6apCCCO2hjLtEq6JNYU=
9,121,9IAGFE/1kvKycQHc3OEy+ca6OgU=,9njdLKTS6apCCCO2hjLtEq6JNYU=
8,121,9IAGFE/1kvKycQHc3OEy+ca6OgU=,9njdLKTS6apCCCO2hjLtEq6JNYU=
7,121,9IAGFE/1kvKycQHc3OEy+ca6OgU=,9njdLKTS6apCCCO2hjLtEq6JNYU=
5,121,9IAGFE/1kvKycQHc3OEy+ca6OgU=,9njdLKTS6apCCCO2hjLtEq6JNYU=
6,121,9IAGFE/1kvKycQHc3OEy+ca6OgU=,9njdLKTS6apCCCO2hjLtEq6JNYU=
4,121,9IAGFE/1kvKycQHc3OEy+ca6OgU=,9njdLKTS6apCCCO2hjLtEq6JNYU=
3,121,9IAGFE/1kvKycQHc3OEy+ca6OgU=,9njdLKTS6apCCCO2hjLtEq6JNYU=
2,121,9IAGFE/1kvKycQHc3OEy+ca6OgU=,9njdLKTS6apCCCO2hjLtEq6JNYU=
1,121,9IAGFE/1kvKycQHc3OEy+ca6OgU=,9njdLKTS6apCCCO2hjLtEq6JNYU=
0,121,9IAGFE/1kvKycQHc3OEy+ca6OgU=,9njdLKTS6apCCCO2hjLtEq6JNYU=
11,112,9IAGFE/1kvKycQHc3OEy+ca6OgU=,9njdLKTS6apCCCO2hjLtEq6JNYU=
11,114,9IAGFE/1kvKycQHc3OEy+ca6OgU=,9njdLKTS6apCCCO2hjLtEq6JNYU=
11,113,9IAGFE/1kvKycQHc3OEy+ca6OgU=,9njdLKTS6apCCCO2hjLtEq6JNYU=
15,120,9IAGFE/1kvKycQHc3OEy+ca6OgU=,9njdLKTS6apCCCO2hjLtEq6JNYU=
14,120,9IAGFE/1kvKycQHc3OEy+ca6OgU=,9njdLKTS6apCCCO2hjLtEq6JNYU=
14,122,9IAGFE/1kvKycQHc3OEy+ca6OgU=,9njdLKTS6apCCCO2hjLtEq6JNYU=
12,120,9IAGFE/1kvKycQHc3OEy+ca6OgU=,9njdLKTS6apCCCO2hjLtEq6JNYU=
11,120,9IAGFE/1kvKycQHc3OEy+ca6OgU=,9njdLKTS6apCCCO2hjLtEq6JNYU=
0,112,9IAGFE/1kvKycQHc3OEy+ca6OgU=,9njdLKTS6apCCCO2hjLtEq6JNYU=
9,120,9IAGFE/1kvKycQHc3OEy+ca6OgU=,9njdLKTS6apCCCO2hjLtEq6JNYU=
10,120,9IAGFE/1kvKycQHc3OEy+ca6OgU=,9njdLKTS6apCCCO2hjLtEq6JNYU=
8,120,9IAGFE/1kvKycQHc3OEy+ca6OgU=,9njdLKTS6apCCCO2hjLtEq6JNYU=
7,120,9IAGFE/1kvKycQHc3OEy+ca6OgU=,9njdLKTS6apCCCO2hjLtEq6JNYU=
6,120,9IAGFE/1kvKycQHc3OEy+ca6OgU=,9njdLKTS6apCCCO2hjLtEq6JNYU=
5,120,9IAGFE/1kvKycQHc3OEy+ca6OgU=,9njdLKTS6apCCCO2hjLtEq6JNYU=
3,120,9IAGFE/1kvKycQHc3OEy+ca6OgU=,9njdLKTS6apCCCO2hjLtEq6JNYU=
4,120,9IAGFE/1kvKycQHc3OEy+ca6OgU=,9njdLKTS6apCCCO2hjLtEq6JNYU=
2,120,9IAGFE/1kvKycQHc3OEy+ca6OgU=,9njdLKTS6apCCCO2hjLtEq6JNYU=
1,120,9IAGFE/1kvKycQHc3OEy+ca6OgU=,9njdLKTS6apCCCO2hjLtEq6JNYU=
10,112,9IAGFE/1kvKycQHc3OEy+ca6OgU=,9njdLKTS6apCCCO2hjLtEq6JNYU=
0,120,9IAGFE/1kvKycQHc3OEy+ca6OgU=,9njdLKTS6apCCCO2hjLtEq6JNYU=
10,113,9IAGFE/1kvKycQHc3OEy+ca6OgU=,9njdLKTS6apCCCO2hjLtEq6JNYU=
15,119,9IAGFE/1kvKycQHc3OEy+ca6OgU=,9njdLKTS6apCCCO2hjLtEq6JNYU=
10,114,9IAGFE/1kvKycQHc3OEy+ca6OgU=,9njdLKTS6apCCCO2hjLtEq6JNYU=
14,119,9IAGFE/1kvKycQHc3OEy+ca6OgU=,9njdLKTS6apCCCO2hjLtEq6JNYU=
13,121,9IAGFE/1kvKycQHc3OEy+ca6OgU=,9njdLKTS6apCCCO2hjLtEq6JNYU=
12,119,9IAGFE/1kvKycQHc3OEy+ca6OgU=,9njdLKTS6apCCCO2hjLtEq6JNYU=
11,119,9IAGFE/1kvKycQHc3OEy+ca6OgU=,9njdLKTS6apCCCO2hjLtEq6JNYU=
10,119,9IAGFE/1kvKycQHc3OEy+ca6OgU=,9njdLKTS6apCCCO2hjLtEq6JNYU=
9,119,9IAGFE/1kvKycQHc3OEy+ca6OgU=,9njdLKTS6apCCCO2hjLtEq6JNYU=
7,119,9IAGFE/1kvKycQHc3OEy+ca6OgU=,9njdLKTS6apCCCO2hjLtEq6JNYU=
8,119,9IAGFE/1kvKycQHc3OEy+ca6OgU=,9njdLKTS6apCCCO2hjLtEq6JNYU=
6,119,9IAGFE/1kvKycQHc3OEy+ca6OgU=,9njdLKTS6apCCCO2hjLtEq6JNYU=
5,119,9IAGFE/1kvKycQHc3OEy+ca6OgU=,9njdLKTS6apCCCO2hjLtEq6JNYU=
14,124,9IAGFE/1kvKycQHc3OEy+ca6OgU=,9njdLKTS6apCCCO2hjLtEq6JNYU=
4,119,9IAGFE/1kvKycQHc3OEy+ca6OgU=,9njdLKTS6apCCCO2hjLtEq6JNYU=
2,119,9IAGFE/1kvKycQHc3OEy+ca6OgU=,9njdLKTS6apCCCO2hjLtEq6JNYU=
3,119,9IAGFE/1kvKycQHc3OEy+ca6OgU=,9njdLKTS6apCCCO2hjLtEq6JNYU=
1,119,9IAGFE/1kvKycQHc3OEy+ca6OgU=,9njdLKTS6apCCCO2hjLtEq6JNYU=
0,119,9IAGFE/1kvKycQHc3OEy+ca6OgU=,9njdLKTS6apCCCO2hjLtEq6JNYU=
9,113,9IAGFE/1kvKycQHc3OEy+ca6OgU=,9njdLKTS6apCCCO2hjLtEq6JNYU=
9,112,9IAGFE/1kvKycQHc3OEy+ca6OgU=,9njdLKTS6apCCCO2hjLtEq6JNYU=
15,118,9IAGFE/1kvKycQHc3OEy+ca6OgU=,9njdLKTS6apCCCO2hjLtEq6JNYU=
9,114,9IAGFE/1kvKycQHc3OEy+ca6OgU=,9njdLKTS6apCCCO2hjLtEq6JNYU=
14,118,9IAGFE/1kvKycQHc3OEy+ca6OgU=,9njdLKTS6apCCCO2hjLtEq6JNYU=
13,118,9IAGFE/1kvKycQHc3OEy+ca6OgU=,9njdLKTS6apCCCO2hjLtEq6JNYU=
12,118,9IAGFE/1kvKycQHc3OEy+ca6OgU=,9njdLKTS6apCCCO2hjLtEq6JNYU=
10,118,9IAGFE/1kvKycQHc3OEy+ca6OgU=,9njdLKTS6apCCCO2hjLtEq6JNYU=
11,118,9IAGFE/1kvKycQHc3OEy+ca6OgU=,9njdLKTS6apCCCO2hjLtEq6JNYU=
8,118,9IAGFE/1kvKycQHc3OEy+ca6OgU=,9njdLKTS6apCCCO2hjLtEq6JNYU=
9,118,9IAGFE/1kvKycQHc3OEy+ca6OgU=,9njdLKTS6apCCCO2hjLtEq6JNYU=
7,118,9IAGFE/1kvKycQHc3OEy+ca6OgU=,9njdLKTS6apCCCO2hjLtEq6JNYU=
6,118,9IAGFE/1kvKycQHc3OEy+ca6OgU=,9njdLKTS6apCCCO2hjLtEq6JNYU=
5,118,9IAGFE/1kvKycQHc3OEy+ca6OgU=,9njdLKTS6apCCCO2hjLtEq6JNYU=
3,118,9IAGFE/1kvKycQHc3OEy+ca6OgU=,9njdLKTS6apCCCO2hjLtEq6JNYU=
4,118,9IAGFE/1kvKycQHc3OEy+ca6OgU=,9njdLKTS6apCCCO2hjLtEq6JNYU=
2,118,9IAGFE/1kvKycQHc3OEy+ca6OgU=,9njdLKTS6apCCCO2hjLtEq6JNYU=
1,118,9IAGFE/1kvKycQHc3OEy+ca6OgU=,9njdLKTS6apCCCO2hjLtEq6JNYU=
8,112,9IAGFE/1kvKycQHc3OEy+ca6OgU=,9njdLKTS6apCCCO2hjLtEq6JNYU=
0,118,9IAGFE/1kvKycQHc3OEy+ca6OgU=,9njdLKTS6apCCCO2hjLtEq6JNYU=
8,113,9IAGFE/1kvKycQHc3OEy+ca6OgU=,9njdLKTS6apCCCO2hjLtEq6JNYU=
15,117,9IAGFE/1kvKycQHc3OEy+ca6OgU=,9njdLKTS6apCCCO2hjLtEq6JNYU=
8,114,9IAGFE/1kvKycQHc3OEy+ca6OgU=,9njdLKTS6apCCCO2hjLtEq6JNYU=
14,117,9IAGFE/1kvKycQHc3OEy+ca6OgU=,9njdLKTS6apCCCO2hjLtEq6JNYU=
13,117,9IAGFE/1kvKycQHc3OEy+ca6OgU=,9njdLKTS6apCCCO2hjLtEq6JNYU=
12,117,9IAGFE/1kvKycQHc3OEy+ca6OgU=,9njdLKTS6apCCCO2hjLtEq6JNYU=
11,117,9IAGFE/1kvKycQHc3OEy+ca6OgU=,9njdLKTS6apCCCO2hjLtEq6JNYU=
10,117,9IAGFE/1kvKycQHc3OEy+ca6OgU=,9njdLKTS6apCCCO2hjLtEq6JNYU=
9,117,9IAGFE/1kvKycQHc3OEy+ca6OgU=,9njdLKTS6apCCCO2hjLtEq6JNYU=
8,117,9IAGFE/1kvKycQHc3OEy+ca6OgU=,9njdLKTS6apCCCO2hjLtEq6JNYU=
6,117,9IAGFE/1kvKycQHc3OEy+ca6OgU=,9njdLKTS6apCCCO2hjLtEq6JNYU=
7,117,9IAGFE/1kvKycQHc3OEy+ca6OgU=,9njdLKTS6apCCCO2hjLtEq6JNYU=
5,117,9IAGFE/1kvKycQHc3OEy+ca6OgU=,9njdLKTS6apCCCO2hjLtEq6JNYU=
4,117,9IAGFE/1kvKycQHc3OEy+ca6OgU=,9njdLKTS6apCCCO2hjLtEq6JNYU=
2,117,9IAGFE/1kvKycQHc3OEy+ca6OgU=,9njdLKTS6apCCCO2hjLtEq6JNYU=
3,117,9IAGFE/1kvKycQHc3OEy+ca6OgU=,9njdLKTS6apCCCO2hjLtEq6JNYU=
1,117,9IAGFE/1kvKycQHc3OEy+ca6OgU=,9njdLKTS6apCCCO2hjLtEq6JNYU=
7,112,9IAGFE/1kvKycQHc3OEy+ca6OgU=,9njdLKTS6apCCCO2hjLtEq6JNYU=
0,117,9IAGFE/1kvKycQHc3OEy+ca6OgU=,9njdLKTS6apCCCO2hjLtEq6JNYU=
7,113,9IAGFE/1kvKycQHc3OEy+ca6OgU=,9njdLKTS6apCCCO2hjLtEq6JNYU=
15,116,9IAGFE/1kvKycQHc3OEy+ca6OgU=,9njdLKTS6apCCCO2hjLtEq6JNYU=
7,114,9IAGFE/1kvKycQHc3OEy+ca6OgU=,9njdLKTS6apCCCO2hjLtEq6JNYU=
14,116,9IAGFE/1kvKycQHc3OEy+ca6OgU=,9njdLKTS6apCCCO2hjLtEq6JNYU=
13,116,9IAGFE/1kvKycQHc3OEy+ca6OgU=,9njdLKTS6apCCCO2hjLtEq6JNYU=
10,116,9IAGFE/1kvKycQHc3OEy+ca6OgU=,9njdLKTS6apCCCO2hjLtEq6JNYU=
14,123,9IAGFE/1kvKycQHc3OEy+ca6OgU=,9njdLKTS6apCCCO2hjLtEq6JNYU=
9,116,9IAGFE/1kvKycQHc3OEy+ca6OgU=,9njdLKTS6apCCCO2hjLtEq6JNYU=
8,116,9IAGFE/1kvKycQHc3OEy+ca6OgU=,9njdLKTS6apCCCO2hjLtEq6JNYU=
6,116,9IAGFE/1kvKycQHc3OEy+ca6OgU=,9njdLKTS6apCCCO2hjLtEq6JNYU=
7,116,9IAGFE/1kvKycQHc3OEy+ca6OgU=,9njdLKTS6apCCCO2hjLtEq6JNYU=
5,116,9IAGFE/1kvKycQHc3OEy+ca6OgU=,9njdLKTS6apCCCO2hjLtEq6JNYU=
4,116,9IAGFE/1kvKycQHc3OEy+ca6OgU=,9njdLKTS6apCCCO2hjLtEq6JNYU=
3,116,9IAGFE/1kvKycQHc3OEy+ca6OgU=,9njdLKTS6apCCCO2hjLtEq6JNYU=
2,116,9IAGFE/1kvKycQHc3OEy+ca6OgU=,9njdLKTS6apCCCO2hjLtEq6JNYU=
1,116,9IAGFE/1kvKycQHc3OEy+ca6OgU=,9njdLKTS6apCCCO2hjLtEq6JNYU=
6,113,9IAGFE/1kvKycQHc3OEy+ca6OgU=,9njdLKTS6apCCCO2hjLtEq6JNYU=
6,112,9IAGFE/1kvKycQHc3OEy+ca6OgU=,9njdLKTS6apCCCO2hjLtEq6JNYU=
0,116,9IAGFE/1kvKycQHc3OEy+ca6OgU=,9njdLKTS6apCCCO2hjLtEq6JNYU=
6,114,9IAGFE/1kvKycQHc3OEy+ca6OgU=,9njdLKTS6apCCCO2hjLtEq6JNYU=
15,115,9IAGFE/1kvKycQHc3OEy+ca6OgU=,9njdLKTS6apCCCO2hjLtEq6JNYU=
14,112,9IAGFE/1kvKycQHc3OEy+ca6OgU=,9njdLKTS6apCCCO2hjLtEq6JNYU=
13,115,9IAGFE/1kvKycQHc3OEy+ca6OgU=,9njdLKTS6apCCCO2hjLtEq6JNYU=
13,120,9IAGFE/1kvKycQHc3OEy+ca6OgU=,9njdLKTS6apCCCO2hjLtEq6JNYU=
12,116,9IAGFE/1kvKycQHc3OEy+ca6OgU=,9njdLKTS6apCCCO2hjLtEq6JNYU=
14,115,9IAGFE/1kvKycQHc3OEy+ca6OgU=,9njdLKTS6apCCCO2hjLtEq6JNYU=
13,112,9IAGFE/1kvKycQHc3OEy+ca6OgU=,9njdLKTS6apCCCO2hjLtEq6JNYU=
12,115,9IAGFE/1kvKycQHc3OEy+ca6OgU=,9njdLKTS6apCCCO2hjLtEq6JNYU=
12,113,9IAGFE/1kvKycQHc3OEy+ca6OgU=,9njdLKTS6apCCCO2hjLtEq6JNYU=
12,112,9IAGFE/1kvKycQHc3OEy+ca6OgU=,9njdLKTS6apCCCO2hjLtEq6JNYU=
13,119,9IAGFE/1kvKycQHc3OEy+ca6OgU=,9njdLKTS6apCCCO2hjLtEq6JNYU=
12,114,9IAGFE/1kvKycQHc3OEy+ca6OgU=,9njdLKTS6apCCCO2hjLtEq6JNYU=
11,116,9IAGFE/1kvKycQHc3OEy+ca6OgU=,9njdLKTS6apCCCO2hjLtEq6JNYU=
22,115,gGMF9IefKXwzdjFtJYykxB9dEXE=,8Jkai/30DHhH9daUwb/V+gLmKJ8=
23,115,gGMF9IefKXwzdjFtJYykxB9dEXE=,8Jkai/30DHhH9daUwb/V+gLmKJ8=
24,115,gGMF9IefKXwzdjFtJYykxB9dEXE=,8Jkai/30DHhH9daUwb/V+gLmKJ8=
21,112,gGMF9IefKXwzdjFtJYykxB9dEXE=,8Jkai/30DHhH9daUwb/V+gLmKJ8=
25,115,gGMF9IefKXwzdjFtJYykxB9dEXE=,8Jkai/30DHhH9daUwb/V+gLmKJ8=
26,115,gGMF9IefKXwzdjFtJYykxB9dEXE=,8Jkai/30DHhH9daUwb/V+gLmKJ8=
22,114,gGMF9IefKXwzdjFtJYykxB9dEXE=,8Jkai/30DHhH9daUwb/V+gLmKJ8=
27,115,gGMF9IefKXwzdjFtJYykxB9dEXE=,8Jkai/30DHhH9daUwb/V+gLmKJ8=
21,114,gGMF9IefKXwzdjFtJYykxB9dEXE=,8Jkai/30DHhH9daUwb/V+gLmKJ8=
28,115,gGMF9IefKXwzdjFtJYykxB9dEXE=,8Jkai/30DHhH9daUwb/V+gLmKJ8=
21,115,gGMF9IefKXwzdjFtJYykxB9dEXE=,8Jkai/30DHhH9daUwb/V+gLmKJ8=
29,115,gGMF9IefKXwzdjFtJYykxB9dEXE=,8Jkai/30DHhH9daUwb/V+gLmKJ8=
19,112,gGMF9IefKXwzdjFtJYykxB9dEXE=,8Jkai/30DHhH9daUwb/V+gLmKJ8=
22,113,gGMF9IefKXwzdjFtJYykxB9dEXE=,8Jkai/30DHhH9daUwb/V+gLmKJ8=
30,115,gGMF9IefKXwzdjFtJYykxB9dEXE=,8Jkai/30DHhH9daUwb/V+gLmKJ8=
23,114,gGMF9IefKXwzdjFtJYykxB9dEXE=,8Jkai/30DHhH9daUwb/V+gLmKJ8=
22,112,gGMF9IefKXwzdjFtJYykxB9dEXE=,8Jkai/30DHhH9daUwb/V+gLmKJ8=
17,116,gGMF9IefKXwzdjFtJYykxB9dEXE=,8Jkai/30DHhH9daUwb/V+gLmKJ8=
18,116,gGMF9IefKXwzdjFtJYykxB9dEXE=,8Jkai/30DHhH9daUwb/V+gLmKJ8=
31,115,gGMF9IefKXwzdjFtJYykxB9dEXE=,8Jkai/30DHhH9daUwb/V+gLmKJ8=
16,116,gGMF9IefKXwzdjFtJYykxB9dEXE=,8Jkai/30DHhH9daUwb/V+gLmKJ8=
19,116,gGMF9IefKXwzdjFtJYykxB9dEXE=,8Jkai/30DHhH9daUwb/V+gLmKJ8=
20,116,gGMF9IefKXwzdjFtJYykxB9dEXE=,8Jkai/30DHhH9daUwb/V+gLmKJ8=
22,116,gGMF9IefKXwzdjFtJYykxB9dEXE=,8Jkai/30DHhH9daUwb/V+gLmKJ8=
21,116,gGMF9IefKXwzdjFtJYykxB9dEXE=,8Jkai/30DHhH9daUwb/V+gLmKJ8=
20,115,gGMF9IefKXwzdjFtJYykxB9dEXE=,8Jkai/30DHhH9daUwb/V+gLmKJ8=
24,116,gGMF9IefKXwzdjFtJYykxB9dEXE=,8Jkai/30DHhH9daUwb/V+gLmKJ8=
23,116,gGMF9IefKXwzdjFtJYykxB9dEXE=,8Jkai/30DHhH9daUwb/V+gLmKJ8=
25,116,gGMF9IefKXwzdjFtJYykxB9dEXE=,8Jkai/30DHhH9daUwb/V+gLmKJ8=
19,115,gGMF9IefKXwzdjFtJYykxB9dEXE=,8Jkai/30DHhH9daUwb/V+gLmKJ8=
26,116,gGMF9IefKXwzdjFtJYykxB9dEXE=,8Jkai/30DHhH9daUwb/V+gLmKJ8=
27,116,gGMF9IefKXwzdjFtJYykxB9dEXE=,8Jkai/30DHhH9daUwb/V+gLmKJ8=
21,113,gGMF9IefKXwzdjFtJYykxB9dEXE=,8Jkai/30DHhH9daUwb/V+gLmKJ8=
20,113,gGMF9IefKXwzdjFtJYykxB9dEXE=,8Jkai/30DHhH9daUwb/V+gLmKJ8=
28,116,gGMF9IefKXwzdjFtJYykxB9dEXE=,8Jkai/30DHhH9daUwb/V+gLmKJ8=
29,116,gGMF9IefKXwzdjFtJYykxB9dEXE=,8Jkai/30DHhH9daUwb/V+gLmKJ8=
30,116,gGMF9IefKXwzdjFtJYykxB9dEXE=,8Jkai/30DHhH9daUwb/V+gLmKJ8=
31,116,gGMF9IefKXwzdjFtJYykxB9dEXE=,8Jkai/30DHhH9daUwb/V+gLmKJ8=
18,115,gGMF9IefKXwzdjFtJYykxB9dEXE=,8Jkai/30DHhH9daUwb/V+gLmKJ8=
23,113,gGMF9IefKXwzdjFtJYykxB9dEXE=,8Jkai/30DHhH9daUwb/V+gLmKJ8=
24,114,gGMF9IefKXwzdjFtJYykxB9dEXE=,8Jkai/30DHhH9daUwb/V+gLmKJ8=
17,112,gGMF9IefKXwzdjFtJYykxB9dEXE=,8Jkai/30DHhH9daUwb/V+gLmKJ8=
23,112,gGMF9IefKXwzdjFtJYykxB9dEXE=,8Jkai/30DHhH9daUwb/V+gLmKJ8=
20,114,gGMF9IefKXwzdjFtJYykxB9dEXE=,8Jkai/30DHhH9daUwb/V+gLmKJ8=
17,117,gGMF9IefKXwzdjFtJYykxB9dEXE=,8Jkai/30DHhH9daUwb/V+gLmKJ8=
16,117,gGMF9IefKXwzdjFtJYykxB9dEXE=,8Jkai/30DHhH9daUwb/V+gLmKJ8=
18,117,gGMF9IefKXwzdjFtJYykxB9dEXE=,8Jkai/30DHhH9daUwb/V+gLmKJ8=
31,127,gGMF9IefKXwzdjFtJYykxB9dEXE=,8Jkai/30DHhH9daUwb/V+gLmKJ8=
19,117,gGMF9IefKXwzdjFtJYykxB9dEXE=,8Jkai/30DHhH9daUwb/V+gLmKJ8=
30,127,gGMF9IefKXwzdjFtJYykxB9dEXE=,8Jkai/30DHhH9daUwb/V+gLmKJ8=
29,127,gGMF9IefKXwzdjFtJYykxB9dEXE=,8Jkai/30DHhH9daUwb/V+gLmKJ8=
20,117,gGMF9IefKXwzdjFtJYykxB9dEXE=,8Jkai/30DHhH9daUwb/V+gLmKJ8=
21,117,gGMF9IefKXwzdjFtJYykxB9dEXE=,8Jkai/30DHhH9daUwb/V+gLmKJ8=
22,117,gGMF9IefKXwzdjFtJYykxB9dEXE=,8Jkai/30DHhH9daUwb/V+gLmKJ8=
23,117,gGMF9IefKXwzdjFtJYykxB9dEXE=,8Jkai/30DHhH9daUwb/V+gLmKJ8=
24,117,gGMF9IefKXwzdjFtJYykxB9dEXE=,8Jkai/30DHhH9daUwb/V+gLmKJ8=
25,117,gGMF9IefKXwzdjFtJYykxB9dEXE=,8Jkai/30DHhH9daUwb/V+gLmKJ8=
26,117,gGMF9IefKXwzdjFtJYykxB9dEXE=,8Jkai/30DHhH9daUwb/V+gLmKJ8=
28,127,gGMF9IefKXwzdjFtJYykxB9dEXE=,8Jkai/30DHhH9daUwb/V+gLmKJ8=
27,117,gGMF9IefKXwzdjFtJYykxB9dEXE=,8Jkai/30DHhH9daUwb/V+gLmKJ8=
28,117,gGMF9IefKXwzdjFtJYykxB9dEXE=,8Jkai/30DHhH9daUwb/V+gLmKJ8=
27,127,gGMF9IefKXwzdjFtJYykxB9dEXE=,8Jkai/30DHhH9daUwb/V+gLmKJ8=
26,127,gGMF9IefKXwzdjFtJYykxB9dEXE=,8Jkai/30DHhH9daUwb/V+gLmKJ8=
29,117,gGMF9IefKXwzdjFtJYykxB9dEXE=,8Jkai/30DHhH9daUwb/V+gLmKJ8=
24,127,gGMF9IefKXwzdjFtJYykxB9dEXE=,8Jkai/30DHhH9daUwb/V+gLmKJ8=
25,127,gGMF9IefKXwzdjFtJYykxB9dEXE=,8Jkai/30DHhH9daUwb/V+gLmKJ8=
30,117,gGMF9IefKXwzdjFtJYykxB9dEXE=,8Jkai/30DHhH9daUwb/V+gLmKJ8=
23,127,gGMF9IefKXwzdjFtJYykxB9dEXE=,8Jkai/30DHhH9daUwb/V+gLmKJ8=
31,117,gGMF9IefKXwzdjFtJYykxB9dEXE=,8Jkai/30DHhH9daUwb/V+gLmKJ8=
24,113,gGMF9IefKXwzdjFtJYykxB9dEXE=,8Jkai/30DHhH9daUwb/V+gLmKJ8=
24,112,gGMF9IefKXwzdjFtJYykxB9dEXE=,8Jkai/30DHhH9daUwb/V+gLmKJ8=
25,114,gGMF9IefKXwzdjFtJYykxB9dEXE=,8Jkai/30DHhH9daUwb/V+gLmKJ8=
16,118,gGMF9IefKXwzdjFtJYykxB9dEXE=,8Jkai/30DHhH9daUwb/V+gLmKJ8=
17,118,gGMF9IefKXwzdjFtJYykxB9dEXE=,8Jkai/30DHhH9daUwb/V+gLmKJ8=
18,118,gGMF9IefKXwzdjFtJYykxB9dEXE=,8Jkai/30DHhH9daUwb/V+gLmKJ8=
19,118,gGMF9IefKXwzdjFtJYykxB9dEXE=,8Jkai/30DHhH9daUwb/V+gLmKJ8=
20,118,gGMF9IefKXwzdjFtJYykxB9dEXE=,8Jkai/30DHhH9daUwb/V+gLmKJ8=
21,118,gGMF9IefKXwzdjFtJYykxB9dEXE=,8Jkai/30DHhH9daUwb/V+gLmKJ8=
22,118,gGMF9IefKXwzdjFtJYykxB9dEXE=,8Jkai/30DHhH9daUwb/V+gLmKJ8=
23,118,gGMF9IefKXwzdjFtJYykxB9dEXE=,8Jkai/30DHhH9daUwb/V+gLmKJ8=
24,118,gGMF9IefKXwzdjFtJYykxB9dEXE=,8Jkai/30DHhH9daUwb/V+gLmKJ8=
25,118,gGMF9IefKXwzdjFtJYykxB9dEXE=,8Jkai/30DHhH9daUwb/V+gLmKJ8=
26,118,gGMF9IefKXwzdjFtJYykxB9dEXE=,8Jkai/30DHhH9daUwb/V+gLmKJ8=
27,118,gGMF9IefKXwzdjFtJYykxB9dEXE=,8Jkai/30DHhH9daUwb/V+gLmKJ8=
28,118,gGMF9IefKXwzdjFtJYykxB9dEXE=,8Jkai/30DHhH9daUwb/V+gLmKJ8=
29,118,gGMF9IefKXwzdjFtJYykxB9dEXE=,8Jkai/30DHhH9daUwb/V+gLmKJ8=
30,118,gGMF9IefKXwzdjFtJYykxB9dEXE=,8Jkai/30DHhH9daUwb/V+gLmKJ8=
31,118,gGMF9IefKXwzdjFtJYykxB9dEXE=,8Jkai/30DHhH9daUwb/V+gLmKJ8=
25,113,gGMF9IefKXwzdjFtJYykxB9dEXE=,8Jkai/30DHhH9daUwb/V+gLmKJ8=
25,112,gGMF9IefKXwzdjFtJYykxB9dEXE=,8Jkai/30DHhH9daUwb/V+gLmKJ8=
16,119,gGMF9IefKXwzdjFtJYykxB9dEXE=,8Jkai/30DHhH9daUwb/V+gLmKJ8=
26,114,gGMF9IefKXwzdjFtJYykxB9dEXE=,8Jkai/30DHhH9daUwb/V+gLmKJ8=
17,119,gGMF9IefKXwzdjFtJYykxB9dEXE=,8Jkai/30DHhH9daUwb/V+gLmKJ8=
18,119,gGMF9IefKXwzdjFtJYykxB9dEXE=,8Jkai/30DHhH9daUwb/V+gLmKJ8=
19,119,gGMF9IefKXwzdjFtJYykxB9dEXE=,8Jkai/30DHhH9daUwb/V+gLmKJ8=
20,119,gGMF9IefKXwzdjFtJYykxB9dEXE=,8Jkai/30DHhH9daUwb/V+gLmKJ8=
21,119,gGMF9IefKXwzdjFtJYykxB9dEXE=,8Jkai/30DHhH9daUwb/V+gLmKJ8=
22,119,gGMF9IefKXwzdjFtJYykxB9dEXE=,8Jkai/30DHhH9daUwb/V+gLmKJ8=
23,119,gGMF9IefKXwzdjFtJYykxB9dEXE=,8Jkai/30DHhH9daUwb/V+gLmKJ8=
24,119,gGMF9IefKXwzdjFtJYykxB9dEXE=,8Jkai/30DHhH9daUwb/V+gLmKJ8=
25,119,gGMF9IefKXwzdjFtJYykxB9dEXE=,8Jkai/30DHhH9daUwb/V+gLmKJ8=
26,119,gGMF9IefKXwzdjFtJYykxB9dEXE=,8Jkai/30DHhH9daUwb/V+gLmKJ8=
27,119,gGMF9IefKXwzdjFtJYykxB9dEXE=,8Jkai/30DHhH9daUwb/V+gLmKJ8=
28,119,gGMF9IefKXwzdjFtJYykxB9dEXE=,8Jkai/30DHhH9daUwb/V+gLmKJ8=
29,119,gGMF9IefKXwzdjFtJYykxB9dEXE=,8Jkai/30DHhH9daUwb/V+gLmKJ8=
30,119,gGMF9IefKXwzdjFtJYykxB9dEXE=,8Jkai/30DHhH9daUwb/V+gLmKJ8=
26,113,gGMF9IefKXwzdjFtJYykxB9dEXE=,8Jkai/30DHhH9daUwb/V+gLmKJ8=
31,119,gGMF9IefKXwzdjFtJYykxB9dEXE=,8Jkai/30DHhH9daUwb/V+gLmKJ8=
26,112,gGMF9IefKXwzdjFtJYykxB9dEXE=,8Jkai/30DHhH9daUwb/V+gLmKJ8=
27,114,gGMF9IefKXwzdjFtJYykxB9dEXE=,8Jkai/30DHhH9daUwb/V+gLmKJ8=
22,127,gGMF9IefKXwzdjFtJYykxB9dEXE=,8Jkai/30DHhH9daUwb/V+gLmKJ8=
16,120,gGMF9IefKXwzdjFtJYykxB9dEXE=,8Jkai/30DHhH9daUwb/V+gLmKJ8=
20,127,gGMF9IefKXwzdjFtJYykxB9dEXE=,8Jkai/30DHhH9daUwb/V+gLmKJ8=
17,120,gGMF9IefKXwzdjFtJYykxB9dEXE=,8Jkai/30DHhH9daUwb/V+gLmKJ8=
21,127,gGMF9IefKXwzdjFtJYykxB9dEXE=,8Jkai/30DHhH9daUwb/V+gLmKJ8=
19,127,gGMF9IefKXwzdjFtJYykxB9dEXE=,8Jkai/30DHhH9daUwb/V+gLmKJ8=
18,120,gGMF9IefKXwzdjFtJYykxB9dEXE=,8Jkai/30DHhH9daUwb/V+gLmKJ8=
18,127,gGMF9IefKXwzdjFtJYykxB9dEXE=,8Jkai/30DHhH9daUwb/V+gLmKJ8=
19,120,gGMF9IefKXwzdjFtJYykxB9dEXE=,8Jkai/30DHhH9daUwb/V+gLmKJ8=
21,120,gGMF9IefKXwzdjFtJYykxB9dEXE=,8Jkai/30DHhH9daUwb/V+gLmKJ8=
20,120,gGMF9IefKXwzdjFtJYykxB9dEXE=,8Jkai/30DHhH9daUwb/V+gLmKJ8=
22,120,gGMF9IefKXwzdjFtJYykxB9dEXE=,8Jkai/30DHhH9daUwb/V+gLmKJ8=
23,120,gGMF9IefKXwzdjFtJYykxB9dEXE=,8Jkai/30DHhH9daUwb/V+gLmKJ8=
24,120,gGMF9IefKXwzdjFtJYykxB9dEXE=,8Jkai/30DHhH9daUwb/V+gLmKJ8=
25,120,gGMF9IefKXwzdjFtJYykxB9dEXE=,8Jkai/30DHhH9daUwb/V+gLmKJ8=
26,120,gGMF9IefKXwzdjFtJYykxB9dEXE=,8Jkai/30DHhH9daUwb/V+gLmKJ8=
27,120,gGMF9IefKXwzdjFtJYykxB9dEXE=,8Jkai/30DHhH9daUwb/V+gLmKJ8=
28,120,gGMF9IefKXwzdjFtJYykxB9dEXE=,8Jkai/30DHhH9daUwb/V+gLmKJ8=
29,120,gGMF9IefKXwzdjFtJYykxB9dEXE=,8Jkai/30DHhH9daUwb/V+gLmKJ8=
30,120,gGMF9IefKXwzdjFtJYykxB9dEXE=,8Jkai/30DHhH9daUwb/V+gLmKJ8=
27,113,gGMF9IefKXwzdjFtJYykxB9dEXE=,8Jkai/30DHhH9daUwb/V+gLmKJ8=
17,115,gGMF9IefKXwzdjFtJYykxB9dEXE=,8Jkai/30DHhH9daUwb/V+gLmKJ8=
31,120,gGMF9IefKXwzdjFtJYykxB9dEXE=,8Jkai/30DHhH9daUwb/V+gLmKJ8=
16,121,gGMF9IefKXwzdjFtJYykxB9dEXE=,8Jkai/30DHhH9daUwb/V+gLmKJ8=
27,112,gGMF9IefKXwzdjFtJYykxB9dEXE=,8Jkai/30DHhH9daUwb/V+gLmKJ8=
20,112,gGMF9IefKXwzdjFtJYykxB9dEXE=,8Jkai/30DHhH9daUwb/V+gLmKJ8=
28,114,gGMF9IefKXwzdjFtJYykxB9dEXE=,8Jkai/30DHhH9daUwb/V+gLmKJ8=
17,121,gGMF9IefKXwzdjFtJYykxB9dEXE=,8Jkai/30DHhH9daUwb/V+gLmKJ8=
31,126,gGMF9IefKXwzdjFtJYykxB9dEXE=,8Jkai/30DHhH9daUwb/V+gLmKJ8=
18,121,gGMF9IefKXwzdjFtJYykxB9dEXE=,8Jkai/30DHhH9daUwb/V+gLmKJ8=
19,121,gGMF9IefKXwzdjFtJYykxB9dEXE=,8Jkai/30DHhH9daUwb/V+gLmKJ8=
20,121,gGMF9IefKXwzdjFtJYykxB9dEXE=,8Jkai/30DHhH9daUwb/V+gLmKJ8=
21,121,gGMF9IefKXwzdjFtJYykxB9dEXE=,8Jkai/30DHhH9daUwb/V+gLmKJ8=
19,114,gGMF9IefKXwzdjFtJYykxB9dEXE=,8Jkai/30DHhH9daUwb/V+gLmKJ8=
22,121,gGMF9IefKXwzdjFtJYykxB9dEXE=,8Jkai/30DHhH9daUwb/V+gLmKJ8=
23,121,gGMF9IefKXwzdjFtJYykxB9dEXE=,8Jkai/30DHhH9daUwb/V+gLmKJ8=
24,121,gGMF9IefKXwzdjFtJYykxB9dEXE=,8Jkai/30DHhH9daUwb/V+gLmKJ8=
25,121,gGMF9IefKXwzdjFtJYykxB9dEXE=,8Jkai/30DHhH9daUwb/V+gLmKJ8=
26,121,gGMF9IefKXwzdjFtJYykxB9dEXE=,8Jkai/30DHhH9daUwb/V+gLmKJ8=
30,126,gGMF9IefKXwzdjFtJYykxB9dEXE=,8Jkai/30DHhH9daUwb/V+gLmKJ8=
27,121,gGMF9IefKXwzdjFtJYykxB9dEXE=,8Jkai/30DHhH9daUwb/V+gLmKJ8=
28,121,gGMF9IefKXwzdjFtJYykxB9dEXE=,8Jkai/30DHhH9daUwb/V+gLmKJ8=
29,126,gGMF9IefKXwzdjFtJYykxB9dEXE=,8Jkai/30DHhH9daUwb/V+gLmKJ8=
29,121,gGMF9IefKXwzdjFtJYykxB9dEXE=,8Jkai/30DHhH9daUwb/V+gLmKJ8=
28,126,gGMF9IefKXwzdjFtJYykxB9dEXE=,8Jkai/30DHhH9daUwb/V+gLmKJ8=
30,121,gGMF9IefKXwzdjFtJYykxB9dEXE=,8Jkai/30DHhH9daUwb/V+gLmKJ8=
27,126,gGMF9IefKXwzdjFtJYykxB9dEXE=,8Jkai/30DHhH9daUwb/V+gLmKJ8=
28,113,gGMF9IefKXwzdjFtJYykxB9dEXE=,8Jkai/30DHhH9daUwb/V+gLmKJ8=
26,126,gGMF9IefKXwzdjFtJYykxB9dEXE=,8Jkai/30DHhH9daUwb/V+gLmKJ8=
31,121,gGMF9IefKXwzdjFtJYykxB9dEXE=,8Jkai/30DHhH9daUwb/V+gLmKJ8=
25,126,gGMF9IefKXwzdjFtJYykxB9dEXE=,8Jkai/30DHhH9daUwb/V+gLmKJ8=
16,122,gGMF9IefKXwzdjFtJYykxB9dEXE=,8Jkai/30DHhH9daUwb/V+gLmKJ8=
24,126,gGMF9IefKXwzdjFtJYykxB9dEXE=,8Jkai/30DHhH9daUwb/V+gLmKJ8=
29,114,gGMF9IefKXwzdjFtJYykxB9dEXE=,8Jkai/30DHhH9daUwb/V+gLmKJ8=
22,126,gGMF9IefKXwzdjFtJYykxB9dEXE=,8Jkai/30DHhH9daUwb/V+gLmKJ8=
23,126,gGMF9IefKXwzdjFtJYykxB9dEXE=,8Jkai/30DHhH9daUwb/V+gLmKJ8=
28,112,gGMF9IefKXwzdjFtJYykxB9dEXE=,8Jkai/30DHhH9daUwb/V+gLmKJ8=
21,126,gGMF9IefKXwzdjFtJYykxB9dEXE=,8Jkai/30DHhH9daUwb/V+gLmKJ8=
17,122,gGMF9IefKXwzdjFtJYykxB9dEXE=,8Jkai/30DHhH9daUwb/V+gLmKJ8=
20,126,gGMF9IefKXwzdjFtJYykxB9dEXE=,8Jkai/30DHhH9daUwb/V+gLmKJ8=
19,126,gGMF9IefKXwzdjFtJYykxB9dEXE=,8Jkai/30DHhH9daUwb/V+gLmKJ8=
18,122,gGMF9IefKXwzdjFtJYykxB9dEXE=,8Jkai/30DHhH9daUwb/V+gLmKJ8=
18,126,gGMF9IefKXwzdjFtJYykxB9dEXE=,8Jkai/30DHhH9daUwb/V+gLmKJ8=
17,126,gGMF9IefKXwzdjFtJYykxB9dEXE=,8Jkai/30DHhH9daUwb/V+gLmKJ8=
19,122,gGMF9IefKXwzdjFtJYykxB9dEXE=,8Jkai/30DHhH9daUwb/V+gLmKJ8=
20,122,gGMF9IefKXwzdjFtJYykxB9dEXE=,8Jkai/30DHhH9daUwb/V+gLmKJ8=
19,113,gGMF9IefKXwzdjFtJYykxB9dEXE=,8Jkai/30DHhH9daUwb/V+gLmKJ8=
21,122,gGMF9IefKXwzdjFtJYykxB9dEXE=,8Jkai/30DHhH9daUwb/V+gLmKJ8=
16,126,gGMF9IefKXwzdjFtJYykxB9dEXE=,8Jkai/30DHhH9daUwb/V+gLmKJ8=
18,114,gGMF9IefKXwzdjFtJYykxB9dEXE=,8Jkai/30DHhH9daUwb/V+gLmKJ8=
22,122,gGMF9IefKXwzdjFtJYykxB9dEXE=,8Jkai/30DHhH9daUwb/V+gLmKJ8=
31,125,gGMF9IefKXwzdjFtJYykxB9dEXE=,8Jkai/30DHhH9daUwb/V+gLmKJ8=
23,122,gGMF9IefKXwzdjFtJYykxB9dEXE=,8Jkai/30DHhH9daUwb/V+gLmKJ8=
30,125,gGMF9IefKXwzdjFtJYykxB9dEXE=,8Jkai/30DHhH9daUwb/V+gLmKJ8=
29,125,gGMF9IefKXwzdjFtJYykxB9dEXE=,8Jkai/30DHhH9daUwb/V+gLmKJ8=
24,122,gGMF9IefKXwzdjFtJYykxB9dEXE=,8Jkai/30DHhH9daUwb/V+gLmKJ8=
28,125,gGMF9IefKXwzdjFtJYykxB9dEXE=,8Jkai/30DHhH9daUwb/V+gLmKJ8=
25,122,gGMF9IefKXwzdjFtJYykxB9dEXE=,8Jkai/30DHhH9daUwb/V+gLmKJ8=
26,122,gGMF9IefKXwzdjFtJYykxB9dEXE=,8Jkai/30DHhH9daUwb/V+gLmKJ8=
26,125,gGMF9IefKXwzdjFtJYykxB9dEXE=,8Jkai/30DHhH9daUwb/V+gLmKJ8=
27,122,gGMF9IefKXwzdjFtJYykxB9dEXE=,8Jkai/30DHhH9daUwb/V+gLmKJ8=
28,122,gGMF9IefKXwzdjFtJYykxB9dEXE=,8Jkai/30DHhH9daUwb/V+gLmKJ8=
29,122,gGMF9IefKXwzdjFtJYykxB9dEXE=,8Jkai/30DHhH9daUwb/V+gLmKJ8=
25,125,gGMF9IefKXwzdjFtJYykxB9dEXE=,8Jkai/30DHhH9daUwb/V+gLmKJ8=
24,125,gGMF9IefKXwzdjFtJYykxB9dEXE=,8Jkai/30DHhH9daUwb/V+gLmKJ8=
30,122,gGMF9IefKXwzdjFtJYykxB9dEXE=,8Jkai/30DHhH9daUwb/V+gLmKJ8=
22,125,gGMF9IefKXwzdjFtJYykxB9dEXE=,8Jkai/30DHhH9daUwb/V+gLmKJ8=
23,125,gGMF9IefKXwzdjFtJYykxB9dEXE=,8Jkai/30DHhH9daUwb/V+gLmKJ8=
21,125,gGMF9IefKXwzdjFtJYykxB9dEXE=,8Jkai/30DHhH9daUwb/V+gLmKJ8=
31,122,gGMF9IefKXwzdjFtJYykxB9dEXE=,8Jkai/30DHhH9daUwb/V+gLmKJ8=
20,125,gGMF9IefKXwzdjFtJYykxB9dEXE=,8Jkai/30DHhH9daUwb/V+gLmKJ8=
29,113,gGMF9IefKXwzdjFtJYykxB9dEXE=,8Jkai/30DHhH9daUwb/V+gLmKJ8=
16,123,gGMF9IefKXwzdjFtJYykxB9dEXE=,8Jkai/30DHhH9daUwb/V+gLmKJ8=
30,114,gGMF9IefKXwzdjFtJYykxB9dEXE=,8Jkai/30DHhH9daUwb/V+gLmKJ8=
29,112,gGMF9IefKXwzdjFtJYykxB9dEXE=,8Jkai/30DHhH9daUwb/V+gLmKJ8=
17,123,gGMF9IefKXwzdjFtJYykxB9dEXE=,8Jkai/30DHhH9daUwb/V+gLmKJ8=
18,123,gGMF9IefKXwzdjFtJYykxB9dEXE=,8Jkai/30DHhH9daUwb/V+gLmKJ8=
17,127,gGMF9IefKXwzdjFtJYykxB9dEXE=,8Jkai/30DHhH9daUwb/V+gLmKJ8=
19,125,gGMF9IefKXwzdjFtJYykxB9dEXE=,8Jkai/30DHhH9daUwb/V+gLmKJ8=
19,123,gGMF9IefKXwzdjFtJYykxB9dEXE=,8Jkai/30DHhH9daUwb/V+gLmKJ8=
17,125,gGMF9IefKXwzdjFtJYykxB9dEXE=,8Jkai/30DHhH9daUwb/V+gLmKJ8=
18,125,gGMF9IefKXwzdjFtJYykxB9dEXE=,8Jkai/30DHhH9daUwb/V+gLmKJ8=
20,123,gGMF9IefKXwzdjFtJYykxB9dEXE=,8Jkai/30DHhH9daUwb/V+gLmKJ8=
21,123,gGMF9IefKXwzdjFtJYykxB9dEXE=,8Jkai/30DHhH9daUwb/V+gLmKJ8=
18,113,gGMF9IefKXwzdjFtJYykxB9dEXE=,8Jkai/30DHhH9daUwb/V+gLmKJ8=
22,123,gGMF9IefKXwzdjFtJYykxB9dEXE=,8Jkai/30DHhH9daUwb/V+gLmKJ8=
23,123,gGMF9IefKXwzdjFtJYykxB9dEXE=,8Jkai/30DHhH9daUwb/V+gLmKJ8=
24,123,gGMF9IefKXwzdjFtJYykxB9dEXE=,8Jkai/30DHhH9daUwb/V+gLmKJ8=
25,123,gGMF9IefKXwzdjFtJYykxB9dEXE=,8Jkai/30DHhH9daUwb/V+gLmKJ8=
26,123,gGMF9IefKXwzdjFtJYykxB9dEXE=,8Jkai/30DHhH9daUwb/V+gLmKJ8=
27,123,gGMF9IefKXwzdjFtJYykxB9dEXE=,8Jkai/30DHhH9daUwb/V+gLmKJ8=
28,123,gGMF9IefKXwzdjFtJYykxB9dEXE=,8Jkai/30DHhH9daUwb/V+gLmKJ8=
16,125,gGMF9IefKXwzdjFtJYykxB9dEXE=,8Jkai/30DHhH9daUwb/V+gLmKJ8=
29,123,gGMF9IefKXwzdjFtJYykxB9dEXE=,8Jkai/30DHhH9daUwb/V+gLmKJ8=
30,123,gGMF9IefKXwzdjFtJYykxB9dEXE=,8Jkai/30DHhH9daUwb/V+gLmKJ8=
31,123,gGMF9IefKXwzdjFtJYykxB9dEXE=,8Jkai/30DHhH9daUwb/V+gLmKJ8=
30,113,gGMF9IefKXwzdjFtJYykxB9dEXE=,8Jkai/30DHhH9daUwb/V+gLmKJ8=
31,113,gGMF9IefKXwzdjFtJYykxB9dEXE=,8Jkai/30DHhH9daUwb/V+gLmKJ8=
30,112,gGMF9IefKXwzdjFtJYykxB9dEXE=,8Jkai/30DHhH9daUwb/V+gLmKJ8=
16,114,gGMF9IefKXwzdjFtJYykxB9dEXE=,8Jkai/30DHhH9daUwb/V+gLmKJ8=
31,112,gGMF9IefKXwzdjFtJYykxB9dEXE=,8Jkai/30DHhH9daUwb/V+gLmKJ8=
31,114,gGMF9IefKXwzdjFtJYykxB9dEXE=,8Jkai/30DHhH9daUwb/V+gLmKJ8=
16,115,gGMF9IefKXwzdjFtJYykxB9dEXE=,8Jkai/30DHhH9daUwb/V+gLmKJ8=
18,112,gGMF9IefKXwzdjFtJYykxB9dEXE=,8Jkai/30DHhH9daUwb/V+gLmKJ8=
16,113,gGMF9IefKXwzdjFtJYykxB9dEXE=,8Jkai/30DHhH9daUwb/V+gLmKJ8=
16,124,gGMF9IefKXwzdjFtJYykxB9dEXE=,8Jkai/30DHhH9daUwb/V+gLmKJ8=
17,113,gGMF9IefKXwzdjFtJYykxB9dEXE=,8Jkai/30DHhH9daUwb/V+gLmKJ8=
17,124,gGMF9IefKXwzdjFtJYykxB9dEXE=,8Jkai/30DHhH9daUwb/V+gLmKJ8=
18,124,gGMF9IefKXwzdjFtJYykxB9dEXE=,8Jkai/30DHhH9daUwb/V+gLmKJ8=
19,124,gGMF9IefKXwzdjFtJYykxB9dEXE=,8Jkai/30DHhH9daUwb/V+gLmKJ8=
20,124,gGMF9IefKXwzdjFtJYykxB9dEXE=,8Jkai/30DHhH9daUwb/V+gLmKJ8=
21,124,gGMF9IefKXwzdjFtJYykxB9dEXE=,8Jkai/30DHhH9daUwb/V+gLmKJ8=
22,124,gGMF9IefKXwzdjFtJYykxB9dEXE=,8Jkai/30DHhH9daUwb/V+gLmKJ8=
23,124,gGMF9IefKXwzdjFtJYykxB9dEXE=,8Jkai/30DHhH9daUwb/V+gLmKJ8=
24,124,gGMF9IefKXwzdjFtJYykxB9dEXE=,8Jkai/30DHhH9daUwb/V+gLmKJ8=
25,124,gGMF9IefKXwzdjFtJYykxB9dEXE=,8Jkai/30DHhH9daUwb/V+gLmKJ8=
26,124,gGMF9IefKXwzdjFtJYykxB9dEXE=,8Jkai/30DHhH9daUwb/V+gLmKJ8=
28,124,gGMF9IefKXwzdjFtJYykxB9dEXE=,8Jkai/30DHhH9daUwb/V+gLmKJ8=
27,124,gGMF9IefKXwzdjFtJYykxB9dEXE=,8Jkai/30DHhH9daUwb/V+gLmKJ8=
29,124,gGMF9IefKXwzdjFtJYykxB9dEXE=,8Jkai/30DHhH9daUwb/V+gLmKJ8=
30,124,gGMF9IefKXwzdjFtJYykxB9dEXE=,8Jkai/30DHhH9daUwb/V+gLmKJ8=
31,124,gGMF9IefKXwzdjFtJYykxB9dEXE=,8Jkai/30DHhH9daUwb/V+gLmKJ8=
17,114,gGMF9IefKXwzdjFtJYykxB9dEXE=,8Jkai/30DHhH9daUwb/V+gLmKJ8=
16,127,gGMF9IefKXwzdjFtJYykxB9dEXE=,8Jkai/30DHhH9daUwb/V+gLmKJ8=
16,112,gGMF9IefKXwzdjFtJYykxB9dEXE=,8Jkai/30DHhH9daUwb/V+gLmKJ8=
27,125,gGMF9IefKXwzdjFtJYykxB9dEXE=,8Jkai/30DHhH9daUwb/V+gLmKJ8=
22,99,tOANw785B2YOH7ciUbSGinQBxro=,jAK3BQgTWdiuO6kQ/lOgDq6/C9o=
22,98,OXwOMFfBJFUMTtL3J3PegGvRDwI=,jAK3BQgTWdiuO6kQ/lOgDq6/C9o=
21,99,OXwOMFfBJFUMTtL3J3PegGvRDwI=,jAK3BQgTWdiuO6kQ/lOgDq6/C9o=
21,98,OXwOMFfBJFUMTtL3J3PegGvRDwI=,jAK3BQgTWdiuO6kQ/lOgDq6/C9o=
20,99,OXwOMFfBJFUMTtL3J3PegGvRDwI=,jAK3BQgTWdiuO6kQ/lOgDq6/C9o=
23,99,OXwOMFfBJFUMTtL3J3PegGvRDwI=,jAK3BQgTWdiuO6kQ/lOgDq6/C9o=
19,99,OXwOMFfBJFUMTtL3J3PegGvRDwI=,jAK3BQgTWdiuO6kQ/lOgDq6/C9o=
21,97,OXwOMFfBJFUMTtL3J3PegGvRDwI=,jAK3BQgTWdiuO6kQ/lOgDq6/C9o=
25,99,OXwOMFfBJFUMTtL3J3PegGvRDwI=,jAK3BQgTWdiuO6kQ/lOgDq6/C9o=
24,99,OXwOMFfBJFUMTtL3J3PegGvRDwI=,jAK3BQgTWdiuO6kQ/lOgDq6/C9o=
26,99,OXwOMFfBJFUMTtL3J3PegGvRDwI=,jAK3BQgTWdiuO6kQ/lOgDq6/C9o=
20,97,OXwOMFfBJFUMTtL3J3PegGvRDwI=,jAK3BQgTWdiuO6kQ/lOgDq6/C9o=
18,99,OXwOMFfBJFUMTtL3J3PegGvRDwI=,jAK3BQgTWdiuO6kQ/lOgDq6/C9o=
27,99,OXwOMFfBJFUMTtL3J3PegGvRDwI=,jAK3BQgTWdiuO6kQ/lOgDq6/C9o=
31,111,OXwOMFfBJFUMTtL3J3PegGvRDwI=,jAK3BQgTWdiuO6kQ/lOgDq6/C9o=
28,99,OXwOMFfBJFUMTtL3J3PegGvRDwI=,jAK3BQgTWdiuO6kQ/lOgDq6/C9o=
20,98,OXwOMFfBJFUMTtL3J3PegGvRDwI=,jAK3BQgTWdiuO6kQ/lOgDq6/C9o=
29,99,OXwOMFfBJFUMTtL3J3PegGvRDwI=,jAK3BQgTWdiuO6kQ/lOgDq6/C9o=
30,111,OXwOMFfBJFUMTtL3J3PegGvRDwI=,jAK3BQgTWdiuO6kQ/lOgDq6/C9o=
30,99,OXwOMFfBJFUMTtL3J3PegGvRDwI=,jAK3BQgTWdiuO6kQ/lOgDq6/C9o=
29,111,OXwOMFfBJFUMTtL3J3PegGvRDwI=,jAK3BQgTWdiuO6kQ/lOgDq6/C9o=
31,99,OXwOMFfBJFUMTtL3J3PegGvRDwI=,jAK3BQgTWdiuO6kQ/lOgDq6/C9o=
28,111,OXwOMFfBJFUMTtL3J3PegGvRDwI=,jAK3BQgTWdiuO6kQ/lOgDq6/C9o=
22,97,OXwOMFfBJFUMTtL3J3PegGvRDwI=,jAK3BQgTWdiuO6kQ/lOgDq6/C9o=
27,111,OXwOMFfBJFUMTtL3J3PegGvRDwI=,jAK3BQgTWdiuO6kQ/lOgDq6/C9o=
23,98,OXwOMFfBJFUMTtL3J3PegGvRDwI=,jAK3BQgTWdiuO6kQ/lOgDq6/C9o=
26,111,OXwOMFfBJFUMTtL3J3PegGvRDwI=,jAK3BQgTWdiuO6kQ/lOgDq6/C9o=
17,100,OXwOMFfBJFUMTtL3J3PegGvRDwI=,jAK3BQgTWdiuO6kQ/lOgDq6/C9o=
18,100,OXwOMFfBJFUMTtL3J3PegGvRDwI=,jAK3BQgTWdiuO6kQ/lOgDq6/C9o=
25,111,OXwOMFfBJFUMTtL3J3PegGvRDwI=,jAK3BQgTWdiuO6kQ/lOgDq6/C9o=
24,111,OXwOMFfBJFUMTtL3J3PegGvRDwI=,jAK3BQgTWdiuO6kQ/lOgDq6/C9o=
19,100,OXwOMFfBJFUMTtL3J3PegGvRDwI=,jAK3BQgTWdiuO6kQ/lOgDq6/C9o=
23,111,OXwOMFfBJFUMTtL3J3PegGvRDwI=,jAK3BQgTWdiuO6kQ/lOgDq6/C9o=
20,100,OXwOMFfBJFUMTtL3J3PegGvRDwI=,jAK3BQgTWdiuO6kQ/lOgDq6/C9o=
22,111,OXwOMFfBJFUMTtL3J3PegGvRDwI=,jAK3BQgTWdiuO6kQ/lOgDq6/C9o=
21,100,OXwOMFfBJFUMTtL3J3PegGvRDwI=,jAK3BQgTWdiuO6kQ/lOgDq6/C9o=
22,100,OXwOMFfBJFUMTtL3J3PegGvRDwI=,jAK3BQgTWdiuO6kQ/lOgDq6/C9o=
23,100,OXwOMFfBJFUMTtL3J3PegGvRDwI=,jAK3BQgTWdiuO6kQ/lOgDq6/C9o=
21,111,OXwOMFfBJFUMTtL3J3PegGvRDwI=,jAK3BQgTWdiuO6kQ/lOgDq6/C9o=
20,111,OXwOMFfBJFUMTtL3J3PegGvRDwI=,jAK3BQgTWdiuO6kQ/lOgDq6/C9o=
24,100,OXwOMFfBJFUMTtL3J3PegGvRDwI=,jAK3BQgTWdiuO6kQ/lOgDq6/C9o=
19,111,OXwOMFfBJFUMTtL3J3PegGvRDwI=,jAK3BQgTWdiuO6kQ/lOgDq6/C9o=
25,100,OXwOMFfBJFUMTtL3J3PegGvRDwI=,jAK3BQgTWdiuO6kQ/lOgDq6/C9o=
18,111,OXwOMFfBJFUMTtL3J3PegGvRDwI=,jAK3BQgTWdiuO6kQ/lOgDq6/C9o=
27,100,OXwOMFfBJFUMTtL3J3PegGvRDwI=,jAK3BQgTWdiuO6kQ/lOgDq6/C9o=
17,99,OXwOMFfBJFUMTtL3J3PegGvRDwI=,jAK3BQgTWdiuO6kQ/lOgDq6/C9o=
17,111,OXwOMFfBJFUMTtL3J3PegGvRDwI=,jAK3BQgTWdiuO6kQ/lOgDq6/C9o=
26,100,OXwOMFfBJFUMTtL3J3PegGvRDwI=,jAK3BQgTWdiuO6kQ/lOgDq6/C9o=
28,100,OXwOMFfBJFUMTtL3J3PegGvRDwI=,jAK3BQgTWdiuO6kQ/lOgDq6/C9o=
19,98,OXwOMFfBJFUMTtL3J3PegGvRDwI=,jAK3BQgTWdiuO6kQ/lOgDq6/C9o=
31,110,OXwOMFfBJFUMTtL3J3PegGvRDwI=,jAK3BQgTWdiuO6kQ/lOgDq6/C9o=
29,100,OXwOMFfBJFUMTtL3J3PegGvRDwI=,jAK3BQgTWdiuO6kQ/lOgDq6/C9o=
30,110,OXwOMFfBJFUMTtL3J3PegGvRDwI=,jAK3BQgTWdiuO6kQ/lOgDq6/C9o=
29,110,OXwOMFfBJFUMTtL3J3PegGvRDwI=,jAK3BQgTWdiuO6kQ/lOgDq6/C9o=
28,110,OXwOMFfBJFUMTtL3J3PegGvRDwI=,jAK3BQgTWdiuO6kQ/lOgDq6/C9o=
30,100,OXwOMFfBJFUMTtL3J3PegGvRDwI=,jAK3BQgTWdiuO6kQ/lOgDq6/C9o=
27,110,OXwOMFfBJFUMTtL3J3PegGvRDwI=,jAK3BQgTWdiuO6kQ/lOgDq6/C9o=
26,110,OXwOMFfBJFUMTtL3J3PegGvRDwI=,jAK3BQgTWdiuO6kQ/lOgDq6/C9o=
25,110,OXwOMFfBJFUMTtL3J3PegGvRDwI=,jAK3BQgTWdiuO6kQ/lOgDq6/C9o=
24,110,OXwOMFfBJFUMTtL3J3PegGvRDwI=,jAK3BQgTWdiuO6kQ/lOgDq6/C9o=
23,97,OXwOMFfBJFUMTtL3J3PegGvRDwI=,jAK3BQgTWdiuO6kQ/lOgDq6/C9o=
23,110,OXwOMFfBJFUMTtL3J3PegGvRDwI=,jAK3BQgTWdiuO6kQ/lOgDq6/C9o=
22,110,OXwOMFfBJFUMTtL3J3PegGvRDwI=,jAK3BQgTWdiuO6kQ/lOgDq6/C9o=
21,110,OXwOMFfBJFUMTtL3J3PegGvRDwI=,jAK3BQgTWdiuO6kQ/lOgDq6/C9o=
31,100,OXwOMFfBJFUMTtL3J3PegGvRDwI=,jAK3BQgTWdiuO6kQ/lOgDq6/C9o=
20,110,OXwOMFfBJFUMTtL3J3PegGvRDwI=,jAK3BQgTWdiuO6kQ/lOgDq6/C9o=
19,110,OXwOMFfBJFUMTtL3J3PegGvRDwI=,jAK3BQgTWdiuO6kQ/lOgDq6/C9o=
18,110,OXwOMFfBJFUMTtL3J3PegGvRDwI=,jAK3BQgTWdiuO6kQ/lOgDq6/C9o=
24,98,OXwOMFfBJFUMTtL3J3PegGvRDwI=,jAK3BQgTWdiuO6kQ/lOgDq6/C9o=
17,110,OXwOMFfBJFUMTtL3J3PegGvRDwI=,jAK3BQgTWdiuO6kQ/lOgDq6/C9o=
31,109,OXwOMFfBJFUMTtL3J3PegGvRDwI=,jAK3BQgTWdiuO6kQ/lOgDq6/C9o=
19,97,OXwOMFfBJFUMTtL3J3PegGvRDwI=,jAK3BQgTWdiuO6kQ/lOgDq6/C9o=
17,101,OXwOMFfBJFUMTtL3J3PegGvRDwI=,jAK3BQgTWdiuO6kQ/lOgDq6/C9o=
18,98,OXwOMFfBJFUMTtL3J3PegGvRDwI=,jAK3BQgTWdiuO6kQ/lOgDq6/C9o=
30,109,OXwOMFfBJFUMTtL3J3PegGvRDwI=,jAK3BQgTWdiuO6kQ/lOgDq6/C9o=
18,101,OXwOMFfBJFUMTtL3J3PegGvRDwI=,jAK3BQgTWdiuO6kQ/lOgDq6/C9o=
28,109,OXwOMFfBJFUMTtL3J3PegGvRDwI=,jAK3BQgTWdiuO6kQ/lOgDq6/C9o=
29,109,OXwOMFfBJFUMTtL3J3PegGvRDwI=,jAK3BQgTWdiuO6kQ/lOgDq6/C9o=
19,101,OXwOMFfBJFUMTtL3J3PegGvRDwI=,jAK3BQgTWdiuO6kQ/lOgDq6/C9o=
27,109,OXwOMFfBJFUMTtL3J3PegGvRDwI=,jAK3BQgTWdiuO6kQ/lOgDq6/C9o=
26,109,OXwOMFfBJFUMTtL3J3PegGvRDwI=,jAK3BQgTWdiuO6kQ/lOgDq6/C9o=
25,109,OXwOMFfBJFUMTtL3J3PegGvRDwI=,jAK3BQgTWdiuO6kQ/lOgDq6/C9o=
20,101,OXwOMFfBJFUMTtL3J3PegGvRDwI=,jAK3BQgTWdiuO6kQ/lOgDq6/C9o=
24,109,OXwOMFfBJFUMTtL3J3PegGvRDwI=,jAK3BQgTWdiuO6kQ/lOgDq6/C9o=
23,109,OXwOMFfBJFUMTtL3J3PegGvRDwI=,jAK3BQgTWdiuO6kQ/lOgDq6/C9o=
22,109,OXwOMFfBJFUMTtL3J3PegGvRDwI=,jAK3BQgTWdiuO6kQ/lOgDq6/C9o=
21,101,OXwOMFfBJFUMTtL3J3PegGvRDwI=,jAK3BQgTWdiuO6kQ/lOgDq6/C9o=
21,109,OXwOMFfBJFUMTtL3J3PegGvRDwI=,jAK3BQgTWdiuO6kQ/lOgDq6/C9o=
20,109,OXwOMFfBJFUMTtL3J3PegGvRDwI=,jAK3BQgTWdiuO6kQ/lOgDq6/C9o=
22,101,OXwOMFfBJFUMTtL3J3PegGvRDwI=,jAK3BQgTWdiuO6kQ/lOgDq6/C9o=
19,109,OXwOMFfBJFUMTtL3J3PegGvRDwI=,jAK3BQgTWdiuO6kQ/lOgDq6/C9o=
18,109,OXwOMFfBJFUMTtL3J3PegGvRDwI=,jAK3BQgTWdiuO6kQ/lOgDq6/C9o=
17,109,OXwOMFfBJFUMTtL3J3PegGvRDwI=,jAK3BQgTWdiuO6kQ/lOgDq6/C9o=
23,101,OXwOMFfBJFUMTtL3J3PegGvRDwI=,jAK3BQgTWdiuO6kQ/lOgDq6/C9o=
18,97,OXwOMFfBJFUMTtL3J3PegGvRDwI=,jAK3BQgTWdiuO6kQ/lOgDq6/C9o=
17,98,OXwOMFfBJFUMTtL3J3PegGvRDwI=,jAK3BQgTWdiuO6kQ/lOgDq6/C9o=
31,108,OXwOMFfBJFUMTtL3J3PegGvRDwI=,jAK3BQgTWdiuO6kQ/lOgDq6/C9o=
30,108,OXwOMFfBJFUMTtL3J3PegGvRDwI=,jAK3BQgTWdiuO6kQ/lOgDq6/C9o=
24,101,OXwOMFfBJFUMTtL3J3PegGvRDwI=,jAK3BQgTWdiuO6kQ/lOgDq6/C9o=
29,108,OXwOMFfBJFUMTtL3J3PegGvRDwI=,jAK3BQgTWdiuO6kQ/lOgDq6/C9o=
28,108,OXwOMFfBJFUMTtL3J3PegGvRDwI=,jAK3BQgTWdiuO6kQ/lOgDq6/C9o=
25,101,OXwOMFfBJFUMTtL3J3PegGvRDwI=,jAK3BQgTWdiuO6kQ/lOgDq6/C9o=
27,108,OXwOMFfBJFUMTtL3J3PegGvRDwI=,jAK3BQgTWdiuO6kQ/lOgDq6/C9o=
26,108,OXwOMFfBJFUMTtL3J3PegGvRDwI=,jAK3BQgTWdiuO6kQ/lOgDq6/C9o=
26,101,OXwOMFfBJFUMTtL3J3PegGvRDwI=,jAK3BQgTWdiuO6kQ/lOgDq6/C9o=
25,108,OXwOMFfBJFUMTtL3J3PegGvRDwI=,jAK3BQgTWdiuO6kQ/lOgDq6/C9o=
27,101,OXwOMFfBJFUMTtL3J3PegGvRDwI=,jAK3BQgTWdiuO6kQ/lOgDq6/C9o=
24,108,OXwOMFfBJFUMTtL3J3PegGvRDwI=,jAK3BQgTWdiuO6kQ/lOgDq6/C9o=
28,101,OXwOMFfBJFUMTtL3J3PegGvRDwI=,jAK3BQgTWdiuO6kQ/lOgDq6/C9o=
22,108,OXwOMFfBJFUMTtL3J3PegGvRDwI=,jAK3BQgTWdiuO6kQ/lOgDq6/C9o=
29,101,OXwOMFfBJFUMTtL3J3PegGvRDwI=,jAK3BQgTWdiuO6kQ/lOgDq6/C9o=
23,108,OXwOMFfBJFUMTtL3J3PegGvRDwI=,jAK3BQgTWdiuO6kQ/lOgDq6/C9o=
30,101,OXwOMFfBJFUMTtL3J3PegGvRDwI=,jAK3BQgTWdiuO6kQ/lOgDq6/C9o=
24,97,OXwOMFfBJFUMTtL3J3PegGvRDwI=,jAK3BQgTWdiuO6kQ/lOgDq6/C9o=
21,108,OXwOMFfBJFUMTtL3J3PegGvRDwI=,jAK3BQgTWdiuO6kQ/lOgDq6/C9o=
20,108,OXwOMFfBJFUMTtL3J3PegGvRDwI=,jAK3BQgTWdiuO6kQ/lOgDq6/C9o=
31,101,OXwOMFfBJFUMTtL3J3PegGvRDwI=,jAK3BQgTWdiuO6kQ/lOgDq6/C9o=
19,108,OXwOMFfBJFUMTtL3J3PegGvRDwI=,jAK3BQgTWdiuO6kQ/lOgDq6/C9o=
25,98,OXwOMFfBJFUMTtL3J3PegGvRDwI=,jAK3BQgTWdiuO6kQ/lOgDq6/C9o=
18,108,OXwOMFfBJFUMTtL3J3PegGvRDwI=,jAK3BQgTWdiuO6kQ/lOgDq6/C9o=
17,102,OXwOMFfBJFUMTtL3J3PegGvRDwI=,jAK3BQgTWdiuO6kQ/lOgDq6/C9o=
17,108,OXwOMFfBJFUMTtL3J3PegGvRDwI=,jAK3BQgTWdiuO6kQ/lOgDq6/C9o=
18,102,OXwOMFfBJFUMTtL3J3PegGvRDwI=,jAK3BQgTWdiuO6kQ/lOgDq6/C9o=
31,98,OXwOMFfBJFUMTtL3J3PegGvRDwI=,jAK3BQgTWdiuO6kQ/lOgDq6/C9o=
17,97,OXwOMFfBJFUMTtL3J3PegGvRDwI=,jAK3BQgTWdiuO6kQ/lOgDq6/C9o=
19,102,OXwOMFfBJFUMTtL3J3PegGvRDwI=,jAK3BQgTWdiuO6kQ/lOgDq6/C9o=
31,107,OXwOMFfBJFUMTtL3J3PegGvRDwI=,jAK3BQgTWdiuO6kQ/lOgDq6/C9o=
20,102,OXwOMFfBJFUMTtL3J3PegGvRDwI=,jAK3BQgTWdiuO6kQ/lOgDq6/C9o=
30,107,OXwOMFfBJFUMTtL3J3PegGvRDwI=,jAK3BQgTWdiuO6kQ/lOgDq6/C9o=
21,102,OXwOMFfBJFUMTtL3J3PegGvRDwI=,jAK3BQgTWdiuO6kQ/lOgDq6/C9o=
29,107,OXwOMFfBJFUMTtL3J3PegGvRDwI=,jAK3BQgTWdiuO6kQ/lOgDq6/C9o=
28,107,OXwOMFfBJFUMTtL3J3PegGvRDwI=,jAK3BQgTWdiuO6kQ/lOgDq6/C9o=
22,102,OXwOMFfBJFUMTtL3J3PegGvRDwI=,jAK3BQgTWdiuO6kQ/lOgDq6/C9o=
23,102,OXwOMFfBJFUMTtL3J3PegGvRDwI=,jAK3BQgTWdiuO6kQ/lOgDq6/C9o=
27,107,OXwOMFfBJFUMTtL3J3PegGvRDwI=,jAK3BQgTWdiuO6kQ/lOgDq6/C9o=
24,102,OXwOMFfBJFUMTtL3J3PegGvRDwI=,jAK3BQgTWdiuO6kQ/lOgDq6/C9o=
26,107,OXwOMFfBJFUMTtL3J3PegGvRDwI=,jAK3BQgTWdiuO6kQ/lOgDq6/C9o=
25,102,OXwOMFfBJFUMTtL3J3PegGvRDwI=,jAK3BQgTWdiuO6kQ/lOgDq6/C9o=
25,107,OXwOMFfBJFUMTtL3J3PegGvRDwI=,jAK3BQgTWdiuO6kQ/lOgDq6/C9o=
26,102,OXwOMFfBJFUMTtL3J3PegGvRDwI=,jAK3BQgTWdiuO6kQ/lOgDq6/C9o=
24,107,OXwOMFfBJFUMTtL3J3PegGvRDwI=,jAK3BQgTWdiuO6kQ/lOgDq6/C9o=
27,102,OXwOMFfBJFUMTtL3J3PegGvRDwI=,jAK3BQgTWdiuO6kQ/lOgDq6/C9o=
28,102,OXwOMFfBJFUMTtL3J3PegGvRDwI=,jAK3BQgTWdiuO6kQ/lOgDq6/C9o=
29,102,OXwOMFfBJFUMTtL3J3PegGvRDwI=,jAK3BQgTWdiuO6kQ/lOgDq6/C9o=
23,107,OXwOMFfBJFUMTtL3J3PegGvRDwI=,jAK3BQgTWdiuO6kQ/lOgDq6/C9o=
30,102,OXwOMFfBJFUMTtL3J3PegGvRDwI=,jAK3BQgTWdiuO6kQ/lOgDq6/C9o=
22,107,OXwOMFfBJFUMTtL3J3PegGvRDwI=,jAK3BQgTWdiuO6kQ/lOgDq6/C9o=
21,107,OXwOMFfBJFUMTtL3J3PegGvRDwI=,jAK3BQgTWdiuO6kQ/lOgDq6/C9o=
25,97,OXwOMFfBJFUMTtL3J3PegGvRDwI=,jAK3BQgTWdiuO6kQ/lOgDq6/C9o=
20,107,OXwOMFfBJFUMTtL3J3PegGvRDwI=,jAK3BQgTWdiuO6kQ/lOgDq6/C9o=
31,102,OXwOMFfBJFUMTtL3J3PegGvRDwI=,jAK3BQgTWdiuO6kQ/lOgDq6/C9o=
19,107,OXwOMFfBJFUMTtL3J3PegGvRDwI=,jAK3BQgTWdiuO6kQ/lOgDq6/C9o=
26,98,OXwOMFfBJFUMTtL3J3PegGvRDwI=,jAK3BQgTWdiuO6kQ/lOgDq6/C9o=
18,103,OXwOMFfBJFUMTtL3J3PegGvRDwI=,jAK3BQgTWdiuO6kQ/lOgDq6/C9o=
17,103,OXwOMFfBJFUMTtL3J3PegGvRDwI=,jAK3BQgTWdiuO6kQ/lOgDq6/C9o=
19,103,OXwOMFfBJFUMTtL3J3PegGvRDwI=,jAK3BQgTWdiuO6kQ/lOgDq6/C9o=
20,103,OXwOMFfBJFUMTtL3J3PegGvRDwI=,jAK3BQgTWdiuO6kQ/lOgDq6/C9o=
18,107,OXwOMFfBJFUMTtL3J3PegGvRDwI=,jAK3BQgTWdiuO6kQ/lOgDq6/C9o=
17,107,OXwOMFfBJFUMTtL3J3PegGvRDwI=,jAK3BQgTWdiuO6kQ/lOgDq6/C9o=
21,103,OXwOMFfBJFUMTtL3J3PegGvRDwI=,jAK3BQgTWdiuO6kQ/lOgDq6/C9o=
30,98,OXwOMFfBJFUMTtL3J3PegGvRDwI=,jAK3BQgTWdiuO6kQ/lOgDq6/C9o=
31,106,OXwOMFfBJFUMTtL3J3PegGvRDwI=,jAK3BQgTWdiuO6kQ/lOgDq6/C9o=
22,103,OXwOMFfBJFUMTtL3J3PegGvRDwI=,jAK3BQgTWdiuO6kQ/lOgDq6/C9o=
29,106,OXwOMFfBJFUMTtL3J3PegGvRDwI=,jAK3BQgTWdiuO6kQ/lOgDq6/C9o=
30,106,OXwOMFfBJFUMTtL3J3PegGvRDwI=,jAK3BQgTWdiuO6kQ/lOgDq6/C9o=
23,103,OXwOMFfBJFUMTtL3J3PegGvRDwI=,jAK3BQgTWdiuO6kQ/lOgDq6/C9o=
28,106,OXwOMFfBJFUMTtL3J3PegGvRDwI=,jAK3BQgTWdiuO6kQ/lOgDq6/C9o=
24,103,OXwOMFfBJFUMTtL3J3PegGvRDwI=,jAK3BQgTWdiuO6kQ/lOgDq6/C9o=
27,106,OXwOMFfBJFUMTtL3J3PegGvRDwI=,jAK3BQgTWdiuO6kQ/lOgDq6/C9o=
26,106,OXwOMFfBJFUMTtL3J3PegGvRDwI=,jAK3BQgTWdiuO6kQ/lOgDq6/C9o=
25,103,OXwOMFfBJFUMTtL3J3PegGvRDwI=,jAK3BQgTWdiuO6kQ/lOgDq6/C9o=
25,106,OXwOMFfBJFUMTtL3J3PegGvRDwI=,jAK3BQgTWdiuO6kQ/lOgDq6/C9o=
24,106,OXwOMFfBJFUMTtL3J3PegGvRDwI=,jAK3BQgTWdiuO6kQ/lOgDq6/C9o=
26,103,OXwOMFfBJFUMTtL3J3PegGvRDwI=,jAK3BQgTWdiuO6kQ/lOgDq6/C9o=
23,106,OXwOMFfBJFUMTtL3J3PegGvRDwI=,jAK3BQgTWdiuO6kQ/lOgDq6/C9o=
22,106,OXwOMFfBJFUMTtL3J3PegGvRDwI=,jAK3BQgTWdiuO6kQ/lOgDq6/C9o=
27,103,OXwOMFfBJFUMTtL3J3PegGvRDwI=,jAK3BQgTWdiuO6kQ/lOgDq6/C9o=
21,106,OXwOMFfBJFUMTtL3J3PegGvRDwI=,jAK3BQgTWdiuO6kQ/lOgDq6/C9o=
20,106,OXwOMFfBJFUMTtL3J3PegGvRDwI=,jAK3BQgTWdiuO6kQ/lOgDq6/C9o=
28,103,OXwOMFfBJFUMTtL3J3PegGvRDwI=,jAK3BQgTWdiuO6kQ/lOgDq6/C9o=
19,106,OXwOMFfBJFUMTtL3J3PegGvRDwI=,jAK3BQgTWdiuO6kQ/lOgDq6/C9o=
18,106,OXwOMFfBJFUMTtL3J3PegGvRDwI=,jAK3BQgTWdiuO6kQ/lOgDq6/C9o=
17,106,OXwOMFfBJFUMTtL3J3PegGvRDwI=,jAK3BQgTWdiuO6kQ/lOgDq6/C9o=
29,98,OXwOMFfBJFUMTtL3J3PegGvRDwI=,jAK3BQgTWdiuO6kQ/lOgDq6/C9o=
30,103,OXwOMFfBJFUMTtL3J3PegGvRDwI=,jAK3BQgTWdiuO6kQ/lOgDq6/C9o=
28,97,OXwOMFfBJFUMTtL3J3PegGvRDwI=,jAK3BQgTWdiuO6kQ/lOgDq6/C9o=
29,103,OXwOMFfBJFUMTtL3J3PegGvRDwI=,jAK3BQgTWdiuO6kQ/lOgDq6/C9o=
26,97,OXwOMFfBJFUMTtL3J3PegGvRDwI=,jAK3BQgTWdiuO6kQ/lOgDq6/C9o=
31,105,OXwOMFfBJFUMTtL3J3PegGvRDwI=,jAK3BQgTWdiuO6kQ/lOgDq6/C9o=
31,103,OXwOMFfBJFUMTtL3J3PegGvRDwI=,jAK3BQgTWdiuO6kQ/lOgDq6/C9o=
30,105,OXwOMFfBJFUMTtL3J3PegGvRDwI=,jAK3BQgTWdiuO6kQ/lOgDq6/C9o=
27,98,OXwOMFfBJFUMTtL3J3PegGvRDwI=,jAK3BQgTWdiuO6kQ/lOgDq6/C9o=
29,105,OXwOMFfBJFUMTtL3J3PegGvRDwI=,jAK3BQgTWdiuO6kQ/lOgDq6/C9o=
17,104,OXwOMFfBJFUMTtL3J3PegGvRDwI=,jAK3BQgTWdiuO6kQ/lOgDq6/C9o=
18,104,OXwOMFfBJFUMTtL3J3PegGvRDwI=,jAK3BQgTWdiuO6kQ/lOgDq6/C9o=
19,104,OXwOMFfBJFUMTtL3J3PegGvRDwI=,jAK3BQgTWdiuO6kQ/lOgDq6/C9o=
20,104,OXwOMFfBJFUMTtL3J3PegGvRDwI=,jAK3BQgTWdiuO6kQ/lOgDq6/C9o=
28,105,OXwOMFfBJFUMTtL3J3PegGvRDwI=,jAK3BQgTWdiuO6kQ/lOgDq6/C9o=
21,104,OXwOMFfBJFUMTtL3J3PegGvRDwI=,jAK3BQgTWdiuO6kQ/lOgDq6/C9o=
27,105,OXwOMFfBJFUMTtL3J3PegGvRDwI=,jAK3BQgTWdiuO6kQ/lOgDq6/C9o=
22,104,OXwOMFfBJFUMTtL3J3PegGvRDwI=,jAK3BQgTWdiuO6kQ/lOgDq6/C9o=
26,105,OXwOMFfBJFUMTtL3J3PegGvRDwI=,jAK3BQgTWdiuO6kQ/lOgDq6/C9o=
23,104,OXwOMFfBJFUMTtL3J3PegGvRDwI=,jAK3BQgTWdiuO6kQ/lOgDq6/C9o=
24,104,OXwOMFfBJFUMTtL3J3PegGvRDwI=,jAK3BQgTWdiuO6kQ/lOgDq6/C9o=
25,104,OXwOMFfBJFUMTtL3J3PegGvRDwI=,jAK3BQgTWdiuO6kQ/lOgDq6/C9o=
25,105,OXwOMFfBJFUMTtL3J3PegGvRDwI=,jAK3BQgTWdiuO6kQ/lOgDq6/C9o=
26,104,OXwOMFfBJFUMTtL3J3PegGvRDwI=,jAK3BQgTWdiuO6kQ/lOgDq6/C9o=
27,104,OXwOMFfBJFUMTtL3J3PegGvRDwI=,jAK3BQgTWdiuO6kQ/lOgDq6/C9o=
28,104,OXwOMFfBJFUMTtL3J3PegGvRDwI=,jAK3BQgTWdiuO6kQ/lOgDq6/C9o=
29,104,OXwOMFfBJFUMTtL3J3PegGvRDwI=,jAK3BQgTWdiuO6kQ/lOgDq6/C9o=
30,104,OXwOMFfBJFUMTtL3J3PegGvRDwI=,jAK3BQgTWdiuO6kQ/lOgDq6/C9o=
31,104,OXwOMFfBJFUMTtL3J3PegGvRDwI=,jAK3BQgTWdiuO6kQ/lOgDq6/C9o=
27,97,OXwOMFfBJFUMTtL3J3PegGvRDwI=,jAK3BQgTWdiuO6kQ/lOgDq6/C9o=
28,98,OXwOMFfBJFUMTtL3J3PegGvRDwI=,jAK3BQgTWdiuO6kQ/lOgDq6/C9o=
17,105,OXwOMFfBJFUMTtL3J3PegGvRDwI=,jAK3BQgTWdiuO6kQ/lOgDq6/C9o=
18,105,OXwOMFfBJFUMTtL3J3PegGvRDwI=,jAK3BQgTWdiuO6kQ/lOgDq6/C9o=
19,105,OXwOMFfBJFUMTtL3J3PegGvRDwI=,jAK3BQgTWdiuO6kQ/lOgDq6/C9o=
24,105,OXwOMFfBJFUMTtL3J3PegGvRDwI=,jAK3BQgTWdiuO6kQ/lOgDq6/C9o=
20,105,OXwOMFfBJFUMTtL3J3PegGvRDwI=,jAK3BQgTWdiuO6kQ/lOgDq6/C9o=
23,105,OXwOMFfBJFUMTtL3J3PegGvRDwI=,jAK3BQgTWdiuO6kQ/lOgDq6/C9o=
21,105,OXwOMFfBJFUMTtL3J3PegGvRDwI=,jAK3BQgTWdiuO6kQ/lOgDq6/C9o=
22,105,OXwOMFfBJFUMTtL3J3PegGvRDwI=,jAK3BQgTWdiuO6kQ/lOgDq6/C9o=
23,96,OXwOMFfBJFUMTtL3J3PegGvRDwI=,jAK3BQgTWdiuO6kQ/lOgDq6/C9o=
24,96,OXwOMFfBJFUMTtL3J3PegGvRDwI=,jAK3BQgTWdiuO6kQ/lOgDq6/C9o=
25,96,OXwOMFfBJFUMTtL3J3PegGvRDwI=,jAK3BQgTWdiuO6kQ/lOgDq6/C9o=
26,96,OXwOMFfBJFUMTtL3J3PegGvRDwI=,jAK3BQgTWdiuO6kQ/lOgDq6/C9o=
18,96,OXwOMFfBJFUMTtL3J3PegGvRDwI=,jAK3BQgTWdiuO6kQ/lOgDq6/C9o=
20,96,OXwOMFfBJFUMTtL3J3PegGvRDwI=,jAK3BQgTWdiuO6kQ/lOgDq6/C9o=
17,96,OXwOMFfBJFUMTtL3J3PegGvRDwI=,jAK3BQgTWdiuO6kQ/lOgDq6/C9o=
27,96,OXwOMFfBJFUMTtL3J3PegGvRDwI=,jAK3BQgTWdiuO6kQ/lOgDq6/C9o=
30,97,OXwOMFfBJFUMTtL3J3PegGvRDwI=,jAK3BQgTWdiuO6kQ/lOgDq6/C9o=
29,96,OXwOMFfBJFUMTtL3J3PegGvRDwI=,jAK3BQgTWdiuO6kQ/lOgDq6/C9o=
29,97,OXwOMFfBJFUMTtL3J3PegGvRDwI=,jAK3BQgTWdiuO6kQ/lOgDq6/C9o=
30,96,OXwOMFfBJFUMTtL3J3PegGvRDwI=,jAK3BQgTWdiuO6kQ/lOgDq6/C9o=
28,96,OXwOMFfBJFUMTtL3J3PegGvRDwI=,jAK3BQgTWdiuO6kQ/lOgDq6/C9o=
16,100,OXwOMFfBJFUMTtL3J3PegGvRDwI=,jAK3BQgTWdiuO6kQ/lOgDq6/C9o=
16,110,OXwOMFfBJFUMTtL3J3PegGvRDwI=,jAK3BQgTWdiuO6kQ/lOgDq6/C9o=
16,111,OXwOMFfBJFUMTtL3J3PegGvRDwI=,jAK3BQgTWdiuO6kQ/lOgDq6/C9o=
16,101,OXwOMFfBJFUMTtL3J3PegGvRDwI=,jAK3BQgTWdiuO6kQ/lOgDq6/C9o=
16,109,OXwOMFfBJFUMTtL3J3PegGvRDwI=,jAK3BQgTWdiuO6kQ/lOgDq6/C9o=
16,108,OXwOMFfBJFUMTtL3J3PegGvRDwI=,jAK3BQgTWdiuO6kQ/lOgDq6/C9o=
16,102,OXwOMFfBJFUMTtL3J3PegGvRDwI=,jAK3BQgTWdiuO6kQ/lOgDq6/C9o=
16,97,OXwOMFfBJFUMTtL3J3PegGvRDwI=,jAK3BQgTWdiuO6kQ/lOgDq6/C9o=
16,99,OXwOMFfBJFUMTtL3J3PegGvRDwI=,jAK3BQgTWdiuO6kQ/lOgDq6/C9o=
16,103,OXwOMFfBJFUMTtL3J3PegGvRDwI=,jAK3BQgTWdiuO6kQ/lOgDq6/C9o=
16,98,OXwOMFfBJFUMTtL3J3PegGvRDwI=,jAK3BQgTWdiuO6kQ/lOgDq6/C9o=
16,107,OXwOMFfBJFUMTtL3J3PegGvRDwI=,jAK3BQgTWdiuO6kQ/lOgDq6/C9o=
16,104,OXwOMFfBJFUMTtL3J3PegGvRDwI=,jAK3BQgTWdiuO6kQ/lOgDq6/C9o=
16,106,OXwOMFfBJFUMTtL3J3PegGvRDwI=,jAK3BQgTWdiuO6kQ/lOgDq6/C9o=
16,105,OXwOMFfBJFUMTtL3J3PegGvRDwI=,jAK3BQgTWdiuO6kQ/lOgDq6/C9o=
16,96,OXwOMFfBJFUMTtL3J3PegGvRDwI=,jAK3BQgTWdiuO6kQ/lOgDq6/C9o=
31,97,OXwOMFfBJFUMTtL3J3PegGvRDwI=,jAK3BQgTWdiuO6kQ/lOgDq6/C9o=
31,96,OXwOMFfBJFUMTtL3J3PegGvRDwI=,jAK3BQgTWdiuO6kQ/lOgDq6/C9o=
19,96,OXwOMFfBJFUMTtL3J3PegGvRDwI=,jAK3BQgTWdiuO6kQ/lOgDq6/C9o=
22,96,OXwOMFfBJFUMTtL3J3PegGvRDwI=,jAK3BQgTWdiuO6kQ/lOgDq6/C9o=
21,96,OXwOMFfBJFUMTtL3J3PegGvRDwI=,jAK3BQgTWdiuO6kQ/lOgDq6/C9o=
