-15,-48,hNunx7AyJvZQxEKWLqTAKD3Ztq0=,Hh3+xONSq6ly3sGF2PkGAkOTTzA=
-13,-45,hNunx7AyJvZQxEKWLqTAKD3Ztq0=,Hh3+xONSq6ly3sGF2PkGAkOTTzA=
-11,-47,hNunx7AyJvZQxEKWLqTAKD3Ztq0=,Hh3+xONSq6ly3sGF2PkGAkOTTzA=
-12,-45,cQmYCk+KpOhwsXr/+fpRc480brs=,Hh3+xONSq6ly3sGF2PkGAkOTTzA=
-9,-45,cQmYCk+KpOhwsXr/+fpRc480brs=,Hh3+xONSq6ly3sGF2PkGAkOTTzA=
-14,-45,cQmYCk+KpOhwsXr/+fpRc480brs=,Hh3+xONSq6ly3sGF2PkGAkOTTzA=
-12,-47,cQmYCk+KpOhwsXr/+fpRc480brs=,Hh3+xONSq6ly3sGF2PkGAkOTTzA=
-12,-46,cQmYCk+KpOhwsXr/+fpRc480brs=,Hh3+xONSq6ly3sGF2PkGAkOTTzA=
-11,-48,cQmYCk+KpOhwsXr/+fpRc480brs=,Hh3+xONSq6ly3sGF2PkGAkOTTzA=
-10,-45,cQmYCk+KpOhwsXr/+fpRc480brs=,Hh3+xONSq6ly3sGF2PkGAkOTTzA=
-12,-48,cQmYCk+KpOhwsXr/+fpRc480brs=,Hh3+xONSq6ly3sGF2PkGAkOTTzA=
-10,-46,cQmYCk+KpOhwsXr/+fpRc480brs=,Hh3+xONSq6ly3sGF2PkGAkOTTzA=
-9,-33,cQmYCk+KpOhwsXr/+fpRc480brs=,Hh3+xONSq6ly3sGF2PkGAkOTTzA=
-15,-45,cQmYCk+KpOhwsXr/+fpRc480brs=,Hh3+xONSq6ly3sGF2PkGAkOTTzA=
-11,-45,cQmYCk+KpOhwsXr/+fpRc480brs=,Hh3+xONSq6ly3sGF2PkGAkOTTzA=
-8,-33,cQmYCk+KpOhwsXr/+fpRc480brs=,Hh3+xONSq6ly3sGF2PkGAkOTTzA=
-13,-46,cQmYCk+KpOhwsXr/+fpRc480brs=,Hh3+xONSq6ly3sGF2PkGAkOTTzA=
-8,-45,cQmYCk+KpOhwsXr/+fpRc480brs=,Hh3+xONSq6ly3sGF2PkGAkOTTzA=
-11,-46,cQmYCk+KpOhwsXr/+fpRc480brs=,Hh3+xONSq6ly3sGF2PkGAkOTTzA=
-16,-33,cQmYCk+KpOhwsXr/+fpRc480brs=,Hh3+xONSq6ly3sGF2PkGAkOTTzA=
-13,-48,cQmYCk+KpOhwsXr/+fpRc480brs=,Hh3+xONSq6ly3sGF2PkGAkOTTzA=
-7,-45,cQmYCk+KpOhwsXr/+fpRc480brs=,Hh3+xONSq6ly3sGF2PkGAkOTTzA=
-11,-34,cQmYCk+KpOhwsXr/+fpRc480brs=,Hh3+xONSq6ly3sGF2PkGAkOTTzA=
-9,-34,cQmYCk+KpOhwsXr/+fpRc480brs=,Hh3+xONSq6ly3sGF2PkGAkOTTzA=
-1,-34,cQmYCk+KpOhwsXr/+fpRc480brs=,Hh3+xONSq6ly3sGF2PkGAkOTTzA=
-8,-34,cQmYCk+KpOhwsXr/+fpRc480brs=,Hh3+xONSq6ly3sGF2PkGAkOTTzA=
-1,-33,cQmYCk+KpOhwsXr/+fpRc480brs=,Hh3+xONSq6ly3sGF2PkGAkOTTzA=
-1,-35,cQmYCk+KpOhwsXr/+fpRc480brs=,Hh3+xONSq6ly3sGF2PkGAkOTTzA=
-10,-34,cQmYCk+KpOhwsXr/+fpRc480brs=,Hh3+xONSq6ly3sGF2PkGAkOTTzA=
-6,-45,cQmYCk+KpOhwsXr/+fpRc480brs=,Hh3+xONSq6ly3sGF2PkGAkOTTzA=
-13,-47,cQmYCk+KpOhwsXr/+fpRc480brs=,Hh3+xONSq6ly3sGF2PkGAkOTTzA=
-14,-46,cQmYCk+KpOhwsXr/+fpRc480brs=,Hh3+xONSq6ly3sGF2PkGAkOTTzA=
-16,-34,cQmYCk+KpOhwsXr/+fpRc480brs=,Hh3+xONSq6ly3sGF2PkGAkOTTzA=
-5,-45,cQmYCk+KpOhwsXr/+fpRc480brs=,Hh3+xONSq6ly3sGF2PkGAkOTTzA=
-7,-34,cQmYCk+KpOhwsXr/+fpRc480brs=,Hh3+xONSq6ly3sGF2PkGAkOTTzA=
-2,-34,cQmYCk+KpOhwsXr/+fpRc480brs=,Hh3+xONSq6ly3sGF2PkGAkOTTzA=
-14,-33,cQmYCk+KpOhwsXr/+fpRc480brs=,Hh3+xONSq6ly3sGF2PkGAkOTTzA=
-2,-33,cQmYCk+KpOhwsXr/+fpRc480brs=,Hh3+xONSq6ly3sGF2PkGAkOTTzA=
-11,-33,cQmYCk+KpOhwsXr/+fpRc480brs=,Hh3+xONSq6ly3sGF2PkGAkOTTzA=
-7,-35,cQmYCk+KpOhwsXr/+fpRc480brs=,Hh3+xONSq6ly3sGF2PkGAkOTTzA=
-10,-33,cQmYCk+KpOhwsXr/+fpRc480brs=,Hh3+xONSq6ly3sGF2PkGAkOTTzA=
-5,-34,cQmYCk+KpOhwsXr/+fpRc480brs=,Hh3+xONSq6ly3sGF2PkGAkOTTzA=
-3,-35,cQmYCk+KpOhwsXr/+fpRc480brs=,Hh3+xONSq6ly3sGF2PkGAkOTTzA=
-15,-33,cQmYCk+KpOhwsXr/+fpRc480brs=,Hh3+xONSq6ly3sGF2PkGAkOTTzA=
-4,-34,cQmYCk+KpOhwsXr/+fpRc480brs=,Hh3+xONSq6ly3sGF2PkGAkOTTzA=
-6,-33,cQmYCk+KpOhwsXr/+fpRc480brs=,Hh3+xONSq6ly3sGF2PkGAkOTTzA=
-12,-34,cQmYCk+KpOhwsXr/+fpRc480brs=,Hh3+xONSq6ly3sGF2PkGAkOTTzA=
-12,-33,cQmYCk+KpOhwsXr/+fpRc480brs=,Hh3+xONSq6ly3sGF2PkGAkOTTzA=
-7,-33,cQmYCk+KpOhwsXr/+fpRc480brs=,Hh3+xONSq6ly3sGF2PkGAkOTTzA=
-13,-34,cQmYCk+KpOhwsXr/+fpRc480brs=,Hh3+xONSq6ly3sGF2PkGAkOTTzA=
-15,-34,cQmYCk+KpOhwsXr/+fpRc480brs=,Hh3+xONSq6ly3sGF2PkGAkOTTzA=
-5,-33,cQmYCk+KpOhwsXr/+fpRc480brs=,Hh3+xONSq6ly3sGF2PkGAkOTTzA=
-2,-35,cQmYCk+KpOhwsXr/+fpRc480brs=,Hh3+xONSq6ly3sGF2PkGAkOTTzA=
-13,-33,cQmYCk+KpOhwsXr/+fpRc480brs=,Hh3+xONSq6ly3sGF2PkGAkOTTzA=
-14,-34,cQmYCk+KpOhwsXr/+fpRc480brs=,Hh3+xONSq6ly3sGF2PkGAkOTTzA=
-3,-45,cQmYCk+KpOhwsXr/+fpRc480brs=,Hh3+xONSq6ly3sGF2PkGAkOTTzA=
-4,-45,cQmYCk+KpOhwsXr/+fpRc480brs=,Hh3+xONSq6ly3sGF2PkGAkOTTzA=
-3,-33,cQmYCk+KpOhwsXr/+fpRc480brs=,Hh3+xONSq6ly3sGF2PkGAkOTTzA=
-6,-35,cQmYCk+KpOhwsXr/+fpRc480brs=,Hh3+xONSq6ly3sGF2PkGAkOTTzA=
-16,-44,cQmYCk+KpOhwsXr/+fpRc480brs=,Hh3+xONSq6ly3sGF2PkGAkOTTzA=
-10,-47,cQmYCk+KpOhwsXr/+fpRc480brs=,Hh3+xONSq6ly3sGF2PkGAkOTTzA=
-10,-48,cQmYCk+KpOhwsXr/+fpRc480brs=,Hh3+xONSq6ly3sGF2PkGAkOTTzA=
-15,-44,cQmYCk+KpOhwsXr/+fpRc480brs=,Hh3+xONSq6ly3sGF2PkGAkOTTzA=
-9,-46,cQmYCk+KpOhwsXr/+fpRc480brs=,Hh3+xONSq6ly3sGF2PkGAkOTTzA=
-14,-44,cQmYCk+KpOhwsXr/+fpRc480brs=,Hh3+xONSq6ly3sGF2PkGAkOTTzA=
-13,-44,cQmYCk+KpOhwsXr/+fpRc480brs=,Hh3+xONSq6ly3sGF2PkGAkOTTzA=
-12,-44,cQmYCk+KpOhwsXr/+fpRc480brs=,Hh3+xONSq6ly3sGF2PkGAkOTTzA=
-11,-44,cQmYCk+KpOhwsXr/+fpRc480brs=,Hh3+xONSq6ly3sGF2PkGAkOTTzA=
-6,-34,cQmYCk+KpOhwsXr/+fpRc480brs=,Hh3+xONSq6ly3sGF2PkGAkOTTzA=
-10,-44,cQmYCk+KpOhwsXr/+fpRc480brs=,Hh3+xONSq6ly3sGF2PkGAkOTTzA=
-1,-45,cQmYCk+KpOhwsXr/+fpRc480brs=,Hh3+xONSq6ly3sGF2PkGAkOTTzA=
-4,-33,cQmYCk+KpOhwsXr/+fpRc480brs=,Hh3+xONSq6ly3sGF2PkGAkOTTzA=
-5,-44,cQmYCk+KpOhwsXr/+fpRc480brs=,Hh3+xONSq6ly3sGF2PkGAkOTTzA=
-5,-35,cQmYCk+KpOhwsXr/+fpRc480brs=,Hh3+xONSq6ly3sGF2PkGAkOTTzA=
-6,-44,cQmYCk+KpOhwsXr/+fpRc480brs=,Hh3+xONSq6ly3sGF2PkGAkOTTzA=
-3,-34,cQmYCk+KpOhwsXr/+fpRc480brs=,Hh3+xONSq6ly3sGF2PkGAkOTTzA=
-3,-44,cQmYCk+KpOhwsXr/+fpRc480brs=,Hh3+xONSq6ly3sGF2PkGAkOTTzA=
-2,-45,cQmYCk+KpOhwsXr/+fpRc480brs=,Hh3+xONSq6ly3sGF2PkGAkOTTzA=
-4,-44,cQmYCk+KpOhwsXr/+fpRc480brs=,Hh3+xONSq6ly3sGF2PkGAkOTTzA=
-9,-47,cQmYCk+KpOhwsXr/+fpRc480brs=,Hh3+xONSq6ly3sGF2PkGAkOTTzA=
-9,-44,cQmYCk+KpOhwsXr/+fpRc480brs=,Hh3+xONSq6ly3sGF2PkGAkOTTzA=
-8,-46,cQmYCk+KpOhwsXr/+fpRc480brs=,Hh3+xONSq6ly3sGF2PkGAkOTTzA=
-9,-48,cQmYCk+KpOhwsXr/+fpRc480brs=,Hh3+xONSq6ly3sGF2PkGAkOTTzA=
-16,-43,cQmYCk+KpOhwsXr/+fpRc480brs=,Hh3+xONSq6ly3sGF2PkGAkOTTzA=
-7,-44,cQmYCk+KpOhwsXr/+fpRc480brs=,Hh3+xONSq6ly3sGF2PkGAkOTTzA=
-13,-43,cQmYCk+KpOhwsXr/+fpRc480brs=,Hh3+xONSq6ly3sGF2PkGAkOTTzA=
-15,-43,cQmYCk+KpOhwsXr/+fpRc480brs=,Hh3+xONSq6ly3sGF2PkGAkOTTzA=
-14,-43,cQmYCk+KpOhwsXr/+fpRc480brs=,Hh3+xONSq6ly3sGF2PkGAkOTTzA=
-16,-48,cQmYCk+KpOhwsXr/+fpRc480brs=,Hh3+xONSq6ly3sGF2PkGAkOTTzA=
-12,-43,cQmYCk+KpOhwsXr/+fpRc480brs=,Hh3+xONSq6ly3sGF2PkGAkOTTzA=
-11,-43,cQmYCk+KpOhwsXr/+fpRc480brs=,Hh3+xONSq6ly3sGF2PkGAkOTTzA=
-8,-44,cQmYCk+KpOhwsXr/+fpRc480brs=,Hh3+xONSq6ly3sGF2PkGAkOTTzA=
-2,-44,cQmYCk+KpOhwsXr/+fpRc480brs=,Hh3+xONSq6ly3sGF2PkGAkOTTzA=
-1,-44,cQmYCk+KpOhwsXr/+fpRc480brs=,Hh3+xONSq6ly3sGF2PkGAkOTTzA=
-2,-43,cQmYCk+KpOhwsXr/+fpRc480brs=,Hh3+xONSq6ly3sGF2PkGAkOTTzA=
-5,-43,cQmYCk+KpOhwsXr/+fpRc480brs=,Hh3+xONSq6ly3sGF2PkGAkOTTzA=
-10,-43,cQmYCk+KpOhwsXr/+fpRc480brs=,Hh3+xONSq6ly3sGF2PkGAkOTTzA=
-4,-43,cQmYCk+KpOhwsXr/+fpRc480brs=,Hh3+xONSq6ly3sGF2PkGAkOTTzA=
-8,-47,cQmYCk+KpOhwsXr/+fpRc480brs=,Hh3+xONSq6ly3sGF2PkGAkOTTzA=
-8,-48,cQmYCk+KpOhwsXr/+fpRc480brs=,Hh3+xONSq6ly3sGF2PkGAkOTTzA=
-4,-35,cQmYCk+KpOhwsXr/+fpRc480brs=,Hh3+xONSq6ly3sGF2PkGAkOTTzA=
-3,-43,cQmYCk+KpOhwsXr/+fpRc480brs=,Hh3+xONSq6ly3sGF2PkGAkOTTzA=
-7,-46,cQmYCk+KpOhwsXr/+fpRc480brs=,Hh3+xONSq6ly3sGF2PkGAkOTTzA=
-16,-42,cQmYCk+KpOhwsXr/+fpRc480brs=,Hh3+xONSq6ly3sGF2PkGAkOTTzA=
-15,-42,cQmYCk+KpOhwsXr/+fpRc480brs=,Hh3+xONSq6ly3sGF2PkGAkOTTzA=
-1,-43,cQmYCk+KpOhwsXr/+fpRc480brs=,Hh3+xONSq6ly3sGF2PkGAkOTTzA=
-13,-42,cQmYCk+KpOhwsXr/+fpRc480brs=,Hh3+xONSq6ly3sGF2PkGAkOTTzA=
-6,-43,cQmYCk+KpOhwsXr/+fpRc480brs=,Hh3+xONSq6ly3sGF2PkGAkOTTzA=
-14,-42,cQmYCk+KpOhwsXr/+fpRc480brs=,Hh3+xONSq6ly3sGF2PkGAkOTTzA=
-11,-42,cQmYCk+KpOhwsXr/+fpRc480brs=,Hh3+xONSq6ly3sGF2PkGAkOTTzA=
-12,-42,cQmYCk+KpOhwsXr/+fpRc480brs=,Hh3+xONSq6ly3sGF2PkGAkOTTzA=
-8,-43,cQmYCk+KpOhwsXr/+fpRc480brs=,Hh3+xONSq6ly3sGF2PkGAkOTTzA=
-9,-43,cQmYCk+KpOhwsXr/+fpRc480brs=,Hh3+xONSq6ly3sGF2PkGAkOTTzA=
-1,-42,cQmYCk+KpOhwsXr/+fpRc480brs=,Hh3+xONSq6ly3sGF2PkGAkOTTzA=
-7,-47,cQmYCk+KpOhwsXr/+fpRc480brs=,Hh3+xONSq6ly3sGF2PkGAkOTTzA=
-2,-42,cQmYCk+KpOhwsXr/+fpRc480brs=,Hh3+xONSq6ly3sGF2PkGAkOTTzA=
-3,-42,cQmYCk+KpOhwsXr/+fpRc480brs=,Hh3+xONSq6ly3sGF2PkGAkOTTzA=
-7,-48,cQmYCk+KpOhwsXr/+fpRc480brs=,Hh3+xONSq6ly3sGF2PkGAkOTTzA=
-6,-46,cQmYCk+KpOhwsXr/+fpRc480brs=,Hh3+xONSq6ly3sGF2PkGAkOTTzA=
-15,-41,cQmYCk+KpOhwsXr/+fpRc480brs=,Hh3+xONSq6ly3sGF2PkGAkOTTzA=
-7,-43,cQmYCk+KpOhwsXr/+fpRc480brs=,Hh3+xONSq6ly3sGF2PkGAkOTTzA=
-10,-42,cQmYCk+KpOhwsXr/+fpRc480brs=,Hh3+xONSq6ly3sGF2PkGAkOTTzA=
-14,-41,cQmYCk+KpOhwsXr/+fpRc480brs=,Hh3+xONSq6ly3sGF2PkGAkOTTzA=
-13,-41,cQmYCk+KpOhwsXr/+fpRc480brs=,Hh3+xONSq6ly3sGF2PkGAkOTTzA=
-16,-41,cQmYCk+KpOhwsXr/+fpRc480brs=,Hh3+xONSq6ly3sGF2PkGAkOTTzA=
-6,-42,cQmYCk+KpOhwsXr/+fpRc480brs=,Hh3+xONSq6ly3sGF2PkGAkOTTzA=
-9,-42,cQmYCk+KpOhwsXr/+fpRc480brs=,Hh3+xONSq6ly3sGF2PkGAkOTTzA=
-10,-41,cQmYCk+KpOhwsXr/+fpRc480brs=,Hh3+xONSq6ly3sGF2PkGAkOTTzA=
-8,-42,cQmYCk+KpOhwsXr/+fpRc480brs=,Hh3+xONSq6ly3sGF2PkGAkOTTzA=
-5,-42,cQmYCk+KpOhwsXr/+fpRc480brs=,Hh3+xONSq6ly3sGF2PkGAkOTTzA=
-5,-41,cQmYCk+KpOhwsXr/+fpRc480brs=,Hh3+xONSq6ly3sGF2PkGAkOTTzA=
-4,-41,cQmYCk+KpOhwsXr/+fpRc480brs=,Hh3+xONSq6ly3sGF2PkGAkOTTzA=
-3,-41,cQmYCk+KpOhwsXr/+fpRc480brs=,Hh3+xONSq6ly3sGF2PkGAkOTTzA=
-6,-47,cQmYCk+KpOhwsXr/+fpRc480brs=,Hh3+xONSq6ly3sGF2PkGAkOTTzA=
-6,-48,cQmYCk+KpOhwsXr/+fpRc480brs=,Hh3+xONSq6ly3sGF2PkGAkOTTzA=
-2,-41,cQmYCk+KpOhwsXr/+fpRc480brs=,Hh3+xONSq6ly3sGF2PkGAkOTTzA=
-12,-41,cQmYCk+KpOhwsXr/+fpRc480brs=,Hh3+xONSq6ly3sGF2PkGAkOTTzA=
-8,-41,cQmYCk+KpOhwsXr/+fpRc480brs=,Hh3+xONSq6ly3sGF2PkGAkOTTzA=
-6,-41,cQmYCk+KpOhwsXr/+fpRc480brs=,Hh3+xONSq6ly3sGF2PkGAkOTTzA=
-5,-46,cQmYCk+KpOhwsXr/+fpRc480brs=,Hh3+xONSq6ly3sGF2PkGAkOTTzA=
-16,-40,cQmYCk+KpOhwsXr/+fpRc480brs=,Hh3+xONSq6ly3sGF2PkGAkOTTzA=
-11,-41,cQmYCk+KpOhwsXr/+fpRc480brs=,Hh3+xONSq6ly3sGF2PkGAkOTTzA=
-1,-41,cQmYCk+KpOhwsXr/+fpRc480brs=,Hh3+xONSq6ly3sGF2PkGAkOTTzA=
-14,-40,cQmYCk+KpOhwsXr/+fpRc480brs=,Hh3+xONSq6ly3sGF2PkGAkOTTzA=
-13,-40,cQmYCk+KpOhwsXr/+fpRc480brs=,Hh3+xONSq6ly3sGF2PkGAkOTTzA=
-7,-42,cQmYCk+KpOhwsXr/+fpRc480brs=,Hh3+xONSq6ly3sGF2PkGAkOTTzA=
-15,-40,cQmYCk+KpOhwsXr/+fpRc480brs=,Hh3+xONSq6ly3sGF2PkGAkOTTzA=
-9,-41,cQmYCk+KpOhwsXr/+fpRc480brs=,Hh3+xONSq6ly3sGF2PkGAkOTTzA=
-4,-42,cQmYCk+KpOhwsXr/+fpRc480brs=,Hh3+xONSq6ly3sGF2PkGAkOTTzA=
-11,-40,cQmYCk+KpOhwsXr/+fpRc480brs=,Hh3+xONSq6ly3sGF2PkGAkOTTzA=
-5,-47,cQmYCk+KpOhwsXr/+fpRc480brs=,Hh3+xONSq6ly3sGF2PkGAkOTTzA=
-4,-40,cQmYCk+KpOhwsXr/+fpRc480brs=,Hh3+xONSq6ly3sGF2PkGAkOTTzA=
-3,-40,cQmYCk+KpOhwsXr/+fpRc480brs=,Hh3+xONSq6ly3sGF2PkGAkOTTzA=
-12,-40,cQmYCk+KpOhwsXr/+fpRc480brs=,Hh3+xONSq6ly3sGF2PkGAkOTTzA=
-5,-48,cQmYCk+KpOhwsXr/+fpRc480brs=,Hh3+xONSq6ly3sGF2PkGAkOTTzA=
-4,-46,cQmYCk+KpOhwsXr/+fpRc480brs=,Hh3+xONSq6ly3sGF2PkGAkOTTzA=
-5,-40,cQmYCk+KpOhwsXr/+fpRc480brs=,Hh3+xONSq6ly3sGF2PkGAkOTTzA=
-1,-40,cQmYCk+KpOhwsXr/+fpRc480brs=,Hh3+xONSq6ly3sGF2PkGAkOTTzA=
-7,-41,cQmYCk+KpOhwsXr/+fpRc480brs=,Hh3+xONSq6ly3sGF2PkGAkOTTzA=
-10,-40,cQmYCk+KpOhwsXr/+fpRc480brs=,Hh3+xONSq6ly3sGF2PkGAkOTTzA=
-14,-39,cQmYCk+KpOhwsXr/+fpRc480brs=,Hh3+xONSq6ly3sGF2PkGAkOTTzA=
-2,-40,cQmYCk+KpOhwsXr/+fpRc480brs=,Hh3+xONSq6ly3sGF2PkGAkOTTzA=
-6,-40,cQmYCk+KpOhwsXr/+fpRc480brs=,Hh3+xONSq6ly3sGF2PkGAkOTTzA=
-16,-39,cQmYCk+KpOhwsXr/+fpRc480brs=,Hh3+xONSq6ly3sGF2PkGAkOTTzA=
-13,-39,cQmYCk+KpOhwsXr/+fpRc480brs=,Hh3+xONSq6ly3sGF2PkGAkOTTzA=
-15,-39,cQmYCk+KpOhwsXr/+fpRc480brs=,Hh3+xONSq6ly3sGF2PkGAkOTTzA=
-11,-39,cQmYCk+KpOhwsXr/+fpRc480brs=,Hh3+xONSq6ly3sGF2PkGAkOTTzA=
-8,-40,cQmYCk+KpOhwsXr/+fpRc480brs=,Hh3+xONSq6ly3sGF2PkGAkOTTzA=
-4,-39,cQmYCk+KpOhwsXr/+fpRc480brs=,Hh3+xONSq6ly3sGF2PkGAkOTTzA=
-3,-39,cQmYCk+KpOhwsXr/+fpRc480brs=,Hh3+xONSq6ly3sGF2PkGAkOTTzA=
-12,-39,cQmYCk+KpOhwsXr/+fpRc480brs=,Hh3+xONSq6ly3sGF2PkGAkOTTzA=
-4,-48,cQmYCk+KpOhwsXr/+fpRc480brs=,Hh3+xONSq6ly3sGF2PkGAkOTTzA=
-9,-40,cQmYCk+KpOhwsXr/+fpRc480brs=,Hh3+xONSq6ly3sGF2PkGAkOTTzA=
-4,-47,cQmYCk+KpOhwsXr/+fpRc480brs=,Hh3+xONSq6ly3sGF2PkGAkOTTzA=
-2,-39,cQmYCk+KpOhwsXr/+fpRc480brs=,Hh3+xONSq6ly3sGF2PkGAkOTTzA=
-5,-39,cQmYCk+KpOhwsXr/+fpRc480brs=,Hh3+xONSq6ly3sGF2PkGAkOTTzA=
-3,-46,cQmYCk+KpOhwsXr/+fpRc480brs=,Hh3+xONSq6ly3sGF2PkGAkOTTzA=
-7,-40,cQmYCk+KpOhwsXr/+fpRc480brs=,Hh3+xONSq6ly3sGF2PkGAkOTTzA=
-10,-39,cQmYCk+KpOhwsXr/+fpRc480brs=,Hh3+xONSq6ly3sGF2PkGAkOTTzA=
-6,-39,cQmYCk+KpOhwsXr/+fpRc480brs=,Hh3+xONSq6ly3sGF2PkGAkOTTzA=
-1,-39,cQmYCk+KpOhwsXr/+fpRc480brs=,Hh3+xONSq6ly3sGF2PkGAkOTTzA=
-14,-38,cQmYCk+KpOhwsXr/+fpRc480brs=,Hh3+xONSq6ly3sGF2PkGAkOTTzA=
-16,-38,cQmYCk+KpOhwsXr/+fpRc480brs=,Hh3+xONSq6ly3sGF2PkGAkOTTzA=
-10,-38,cQmYCk+KpOhwsXr/+fpRc480brs=,Hh3+xONSq6ly3sGF2PkGAkOTTzA=
-7,-39,cQmYCk+KpOhwsXr/+fpRc480brs=,Hh3+xONSq6ly3sGF2PkGAkOTTzA=
-15,-38,cQmYCk+KpOhwsXr/+fpRc480brs=,Hh3+xONSq6ly3sGF2PkGAkOTTzA=
-11,-38,cQmYCk+KpOhwsXr/+fpRc480brs=,Hh3+xONSq6ly3sGF2PkGAkOTTzA=
-6,-38,cQmYCk+KpOhwsXr/+fpRc480brs=,Hh3+xONSq6ly3sGF2PkGAkOTTzA=
-3,-47,cQmYCk+KpOhwsXr/+fpRc480brs=,Hh3+xONSq6ly3sGF2PkGAkOTTzA=
-9,-39,cQmYCk+KpOhwsXr/+fpRc480brs=,Hh3+xONSq6ly3sGF2PkGAkOTTzA=
-5,-38,cQmYCk+KpOhwsXr/+fpRc480brs=,Hh3+xONSq6ly3sGF2PkGAkOTTzA=
-2,-46,cQmYCk+KpOhwsXr/+fpRc480brs=,Hh3+xONSq6ly3sGF2PkGAkOTTzA=
-7,-38,cQmYCk+KpOhwsXr/+fpRc480brs=,Hh3+xONSq6ly3sGF2PkGAkOTTzA=
-4,-38,cQmYCk+KpOhwsXr/+fpRc480brs=,Hh3+xONSq6ly3sGF2PkGAkOTTzA=
-3,-38,cQmYCk+KpOhwsXr/+fpRc480brs=,Hh3+xONSq6ly3sGF2PkGAkOTTzA=
-3,-48,cQmYCk+KpOhwsXr/+fpRc480brs=,Hh3+xONSq6ly3sGF2PkGAkOTTzA=
-2,-38,cQmYCk+KpOhwsXr/+fpRc480brs=,Hh3+xONSq6ly3sGF2PkGAkOTTzA=
-1,-38,cQmYCk+KpOhwsXr/+fpRc480brs=,Hh3+xONSq6ly3sGF2PkGAkOTTzA=
-12,-37,cQmYCk+KpOhwsXr/+fpRc480brs=,Hh3+xONSq6ly3sGF2PkGAkOTTzA=
-14,-37,cQmYCk+KpOhwsXr/+fpRc480brs=,Hh3+xONSq6ly3sGF2PkGAkOTTzA=
-16,-37,cQmYCk+KpOhwsXr/+fpRc480brs=,Hh3+xONSq6ly3sGF2PkGAkOTTzA=
-13,-37,cQmYCk+KpOhwsXr/+fpRc480brs=,Hh3+xONSq6ly3sGF2PkGAkOTTzA=
-13,-38,cQmYCk+KpOhwsXr/+fpRc480brs=,Hh3+xONSq6ly3sGF2PkGAkOTTzA=
-11,-37,cQmYCk+KpOhwsXr/+fpRc480brs=,Hh3+xONSq6ly3sGF2PkGAkOTTzA=
-8,-39,cQmYCk+KpOhwsXr/+fpRc480brs=,Hh3+xONSq6ly3sGF2PkGAkOTTzA=
-9,-37,cQmYCk+KpOhwsXr/+fpRc480brs=,Hh3+xONSq6ly3sGF2PkGAkOTTzA=
-8,-37,cQmYCk+KpOhwsXr/+fpRc480brs=,Hh3+xONSq6ly3sGF2PkGAkOTTzA=
-10,-37,cQmYCk+KpOhwsXr/+fpRc480brs=,Hh3+xONSq6ly3sGF2PkGAkOTTzA=
-15,-37,cQmYCk+KpOhwsXr/+fpRc480brs=,Hh3+xONSq6ly3sGF2PkGAkOTTzA=
-2,-47,cQmYCk+KpOhwsXr/+fpRc480brs=,Hh3+xONSq6ly3sGF2PkGAkOTTzA=
-2,-48,cQmYCk+KpOhwsXr/+fpRc480brs=,Hh3+xONSq6ly3sGF2PkGAkOTTzA=
-1,-47,cQmYCk+KpOhwsXr/+fpRc480brs=,Hh3+xONSq6ly3sGF2PkGAkOTTzA=
-7,-37,cQmYCk+KpOhwsXr/+fpRc480brs=,Hh3+xONSq6ly3sGF2PkGAkOTTzA=
-9,-38,cQmYCk+KpOhwsXr/+fpRc480brs=,Hh3+xONSq6ly3sGF2PkGAkOTTzA=
-16,-46,cQmYCk+KpOhwsXr/+fpRc480brs=,Hh3+xONSq6ly3sGF2PkGAkOTTzA=
-1,-46,cQmYCk+KpOhwsXr/+fpRc480brs=,Hh3+xONSq6ly3sGF2PkGAkOTTzA=
-16,-45,cQmYCk+KpOhwsXr/+fpRc480brs=,Hh3+xONSq6ly3sGF2PkGAkOTTzA=
-6,-37,cQmYCk+KpOhwsXr/+fpRc480brs=,Hh3+xONSq6ly3sGF2PkGAkOTTzA=
-2,-37,cQmYCk+KpOhwsXr/+fpRc480brs=,Hh3+xONSq6ly3sGF2PkGAkOTTzA=
-1,-48,cQmYCk+KpOhwsXr/+fpRc480brs=,Hh3+xONSq6ly3sGF2PkGAkOTTzA=
-14,-48,cQmYCk+KpOhwsXr/+fpRc480brs=,Hh3+xONSq6ly3sGF2PkGAkOTTzA=
-5,-37,cQmYCk+KpOhwsXr/+fpRc480brs=,Hh3+xONSq6ly3sGF2PkGAkOTTzA=
-16,-47,cQmYCk+KpOhwsXr/+fpRc480brs=,Hh3+xONSq6ly3sGF2PkGAkOTTzA=
-1,-37,cQmYCk+KpOhwsXr/+fpRc480brs=,Hh3+xONSq6ly3sGF2PkGAkOTTzA=
-3,-37,cQmYCk+KpOhwsXr/+fpRc480brs=,Hh3+xONSq6ly3sGF2PkGAkOTTzA=
-4,-37,cQmYCk+KpOhwsXr/+fpRc480brs=,Hh3+xONSq6ly3sGF2PkGAkOTTzA=
-15,-47,cQmYCk+KpOhwsXr/+fpRc480brs=,Hh3+xONSq6ly3sGF2PkGAkOTTzA=
-14,-36,cQmYCk+KpOhwsXr/+fpRc480brs=,Hh3+xONSq6ly3sGF2PkGAkOTTzA=
-13,-36,cQmYCk+KpOhwsXr/+fpRc480brs=,Hh3+xONSq6ly3sGF2PkGAkOTTzA=
-10,-36,cQmYCk+KpOhwsXr/+fpRc480brs=,Hh3+xONSq6ly3sGF2PkGAkOTTzA=
-15,-36,cQmYCk+KpOhwsXr/+fpRc480brs=,Hh3+xONSq6ly3sGF2PkGAkOTTzA=
-11,-36,cQmYCk+KpOhwsXr/+fpRc480brs=,Hh3+xONSq6ly3sGF2PkGAkOTTzA=
-16,-36,cQmYCk+KpOhwsXr/+fpRc480brs=,Hh3+xONSq6ly3sGF2PkGAkOTTzA=
-8,-36,cQmYCk+KpOhwsXr/+fpRc480brs=,Hh3+xONSq6ly3sGF2PkGAkOTTzA=
-12,-36,cQmYCk+KpOhwsXr/+fpRc480brs=,Hh3+xONSq6ly3sGF2PkGAkOTTzA=
-9,-36,cQmYCk+KpOhwsXr/+fpRc480brs=,Hh3+xONSq6ly3sGF2PkGAkOTTzA=
-14,-47,cQmYCk+KpOhwsXr/+fpRc480brs=,Hh3+xONSq6ly3sGF2PkGAkOTTzA=
-15,-46,cQmYCk+KpOhwsXr/+fpRc480brs=,Hh3+xONSq6ly3sGF2PkGAkOTTzA=
-7,-36,cQmYCk+KpOhwsXr/+fpRc480brs=,Hh3+xONSq6ly3sGF2PkGAkOTTzA=
-6,-36,cQmYCk+KpOhwsXr/+fpRc480brs=,Hh3+xONSq6ly3sGF2PkGAkOTTzA=
-2,-36,cQmYCk+KpOhwsXr/+fpRc480brs=,Hh3+xONSq6ly3sGF2PkGAkOTTzA=
-12,-38,cQmYCk+KpOhwsXr/+fpRc480brs=,Hh3+xONSq6ly3sGF2PkGAkOTTzA=
-3,-36,cQmYCk+KpOhwsXr/+fpRc480brs=,Hh3+xONSq6ly3sGF2PkGAkOTTzA=
-15,-35,cQmYCk+KpOhwsXr/+fpRc480brs=,Hh3+xONSq6ly3sGF2PkGAkOTTzA=
-9,-35,cQmYCk+KpOhwsXr/+fpRc480brs=,Hh3+xONSq6ly3sGF2PkGAkOTTzA=
-11,-35,cQmYCk+KpOhwsXr/+fpRc480brs=,Hh3+xONSq6ly3sGF2PkGAkOTTzA=
-1,-36,cQmYCk+KpOhwsXr/+fpRc480brs=,Hh3+xONSq6ly3sGF2PkGAkOTTzA=
-10,-35,cQmYCk+KpOhwsXr/+fpRc480brs=,Hh3+xONSq6ly3sGF2PkGAkOTTzA=
-12,-35,cQmYCk+KpOhwsXr/+fpRc480brs=,Hh3+xONSq6ly3sGF2PkGAkOTTzA=
-5,-36,cQmYCk+KpOhwsXr/+fpRc480brs=,Hh3+xONSq6ly3sGF2PkGAkOTTzA=
-8,-35,cQmYCk+KpOhwsXr/+fpRc480brs=,Hh3+xONSq6ly3sGF2PkGAkOTTzA=
-16,-35,cQmYCk+KpOhwsXr/+fpRc480brs=,Hh3+xONSq6ly3sGF2PkGAkOTTzA=
-14,-35,cQmYCk+KpOhwsXr/+fpRc480brs=,Hh3+xONSq6ly3sGF2PkGAkOTTzA=
-13,-35,cQmYCk+KpOhwsXr/+fpRc480brs=,Hh3+xONSq6ly3sGF2PkGAkOTTzA=
-8,-38,cQmYCk+KpOhwsXr/+fpRc480brs=,Hh3+xONSq6ly3sGF2PkGAkOTTzA=
-4,-36,cQmYCk+KpOhwsXr/+fpRc480brs=,Hh3+xONSq6ly3sGF2PkGAkOTTzA=
-9,-61,+xbTl+HH6PLhHc50ZSWA1IKon0I=,vtow6rJzg2nGE5TVgxJs7EaJqqI=
-12,-61,/SRIc0vMy7oOGkXzgHF0GRcgtSY=,vtow6rJzg2nGE5TVgxJs7EaJqqI=
-13,-61,/SRIc0vMy7oOGkXzgHF0GRcgtSY=,vtow6rJzg2nGE5TVgxJs7EaJqqI=
-10,-61,sDQwLAfpHM0Wu7MZ+ioc0j/EX70=,vtow6rJzg2nGE5TVgxJs7EaJqqI=
-11,-61,phrJKX2kJXkGuAUEWz6Du44isT8=,vtow6rJzg2nGE5TVgxJs7EaJqqI=
-10,-62,phrJKX2kJXkGuAUEWz6Du44isT8=,vtow6rJzg2nGE5TVgxJs7EaJqqI=
-11,-64,phrJKX2kJXkGuAUEWz6Du44isT8=,vtow6rJzg2nGE5TVgxJs7EaJqqI=
-4,-49,phrJKX2kJXkGuAUEWz6Du44isT8=,vtow6rJzg2nGE5TVgxJs7EaJqqI=
-5,-49,phrJKX2kJXkGuAUEWz6Du44isT8=,vtow6rJzg2nGE5TVgxJs7EaJqqI=
-6,-49,phrJKX2kJXkGuAUEWz6Du44isT8=,vtow6rJzg2nGE5TVgxJs7EaJqqI=
-7,-49,phrJKX2kJXkGuAUEWz6Du44isT8=,vtow6rJzg2nGE5TVgxJs7EaJqqI=
-12,-63,phrJKX2kJXkGuAUEWz6Du44isT8=,vtow6rJzg2nGE5TVgxJs7EaJqqI=
-12,-62,phrJKX2kJXkGuAUEWz6Du44isT8=,vtow6rJzg2nGE5TVgxJs7EaJqqI=
-15,-64,phrJKX2kJXkGuAUEWz6Du44isT8=,vtow6rJzg2nGE5TVgxJs7EaJqqI=
-1,-49,phrJKX2kJXkGuAUEWz6Du44isT8=,vtow6rJzg2nGE5TVgxJs7EaJqqI=
-2,-49,phrJKX2kJXkGuAUEWz6Du44isT8=,vtow6rJzg2nGE5TVgxJs7EaJqqI=
-8,-49,phrJKX2kJXkGuAUEWz6Du44isT8=,vtow6rJzg2nGE5TVgxJs7EaJqqI=
-9,-49,phrJKX2kJXkGuAUEWz6Du44isT8=,vtow6rJzg2nGE5TVgxJs7EaJqqI=
-11,-62,phrJKX2kJXkGuAUEWz6Du44isT8=,vtow6rJzg2nGE5TVgxJs7EaJqqI=
-14,-61,phrJKX2kJXkGuAUEWz6Du44isT8=,vtow6rJzg2nGE5TVgxJs7EaJqqI=
-11,-49,phrJKX2kJXkGuAUEWz6Du44isT8=,vtow6rJzg2nGE5TVgxJs7EaJqqI=
-3,-49,phrJKX2kJXkGuAUEWz6Du44isT8=,vtow6rJzg2nGE5TVgxJs7EaJqqI=
-10,-49,phrJKX2kJXkGuAUEWz6Du44isT8=,vtow6rJzg2nGE5TVgxJs7EaJqqI=
-11,-63,phrJKX2kJXkGuAUEWz6Du44isT8=,vtow6rJzg2nGE5TVgxJs7EaJqqI=
-14,-49,phrJKX2kJXkGuAUEWz6Du44isT8=,vtow6rJzg2nGE5TVgxJs7EaJqqI=
-1,-50,phrJKX2kJXkGuAUEWz6Du44isT8=,vtow6rJzg2nGE5TVgxJs7EaJqqI=
-15,-61,phrJKX2kJXkGuAUEWz6Du44isT8=,vtow6rJzg2nGE5TVgxJs7EaJqqI=
-5,-50,phrJKX2kJXkGuAUEWz6Du44isT8=,vtow6rJzg2nGE5TVgxJs7EaJqqI=
-6,-50,phrJKX2kJXkGuAUEWz6Du44isT8=,vtow6rJzg2nGE5TVgxJs7EaJqqI=
-7,-50,phrJKX2kJXkGuAUEWz6Du44isT8=,vtow6rJzg2nGE5TVgxJs7EaJqqI=
-15,-49,phrJKX2kJXkGuAUEWz6Du44isT8=,vtow6rJzg2nGE5TVgxJs7EaJqqI=
-13,-62,phrJKX2kJXkGuAUEWz6Du44isT8=,vtow6rJzg2nGE5TVgxJs7EaJqqI=
-13,-64,phrJKX2kJXkGuAUEWz6Du44isT8=,vtow6rJzg2nGE5TVgxJs7EaJqqI=
-3,-50,phrJKX2kJXkGuAUEWz6Du44isT8=,vtow6rJzg2nGE5TVgxJs7EaJqqI=
-9,-50,phrJKX2kJXkGuAUEWz6Du44isT8=,vtow6rJzg2nGE5TVgxJs7EaJqqI=
-4,-50,phrJKX2kJXkGuAUEWz6Du44isT8=,vtow6rJzg2nGE5TVgxJs7EaJqqI=
-13,-49,phrJKX2kJXkGuAUEWz6Du44isT8=,vtow6rJzg2nGE5TVgxJs7EaJqqI=
-2,-50,phrJKX2kJXkGuAUEWz6Du44isT8=,vtow6rJzg2nGE5TVgxJs7EaJqqI=
-8,-50,phrJKX2kJXkGuAUEWz6Du44isT8=,vtow6rJzg2nGE5TVgxJs7EaJqqI=
-12,-49,phrJKX2kJXkGuAUEWz6Du44isT8=,vtow6rJzg2nGE5TVgxJs7EaJqqI=
-10,-50,phrJKX2kJXkGuAUEWz6Du44isT8=,vtow6rJzg2nGE5TVgxJs7EaJqqI=
-12,-50,phrJKX2kJXkGuAUEWz6Du44isT8=,vtow6rJzg2nGE5TVgxJs7EaJqqI=
-2,-51,phrJKX2kJXkGuAUEWz6Du44isT8=,vtow6rJzg2nGE5TVgxJs7EaJqqI=
-13,-50,phrJKX2kJXkGuAUEWz6Du44isT8=,vtow6rJzg2nGE5TVgxJs7EaJqqI=
-14,-62,phrJKX2kJXkGuAUEWz6Du44isT8=,vtow6rJzg2nGE5TVgxJs7EaJqqI=
-3,-51,phrJKX2kJXkGuAUEWz6Du44isT8=,vtow6rJzg2nGE5TVgxJs7EaJqqI=
-14,-50,phrJKX2kJXkGuAUEWz6Du44isT8=,vtow6rJzg2nGE5TVgxJs7EaJqqI=
-11,-50,phrJKX2kJXkGuAUEWz6Du44isT8=,vtow6rJzg2nGE5TVgxJs7EaJqqI=
-5,-51,phrJKX2kJXkGuAUEWz6Du44isT8=,vtow6rJzg2nGE5TVgxJs7EaJqqI=
-4,-51,phrJKX2kJXkGuAUEWz6Du44isT8=,vtow6rJzg2nGE5TVgxJs7EaJqqI=
-1,-51,phrJKX2kJXkGuAUEWz6Du44isT8=,vtow6rJzg2nGE5TVgxJs7EaJqqI=
-15,-50,phrJKX2kJXkGuAUEWz6Du44isT8=,vtow6rJzg2nGE5TVgxJs7EaJqqI=
-16,-50,phrJKX2kJXkGuAUEWz6Du44isT8=,vtow6rJzg2nGE5TVgxJs7EaJqqI=
-8,-51,phrJKX2kJXkGuAUEWz6Du44isT8=,vtow6rJzg2nGE5TVgxJs7EaJqqI=
-6,-51,phrJKX2kJXkGuAUEWz6Du44isT8=,vtow6rJzg2nGE5TVgxJs7EaJqqI=
-7,-51,phrJKX2kJXkGuAUEWz6Du44isT8=,vtow6rJzg2nGE5TVgxJs7EaJqqI=
-10,-51,phrJKX2kJXkGuAUEWz6Du44isT8=,vtow6rJzg2nGE5TVgxJs7EaJqqI=
-13,-63,phrJKX2kJXkGuAUEWz6Du44isT8=,vtow6rJzg2nGE5TVgxJs7EaJqqI=
-1,-52,phrJKX2kJXkGuAUEWz6Du44isT8=,vtow6rJzg2nGE5TVgxJs7EaJqqI=
-15,-51,phrJKX2kJXkGuAUEWz6Du44isT8=,vtow6rJzg2nGE5TVgxJs7EaJqqI=
-2,-52,phrJKX2kJXkGuAUEWz6Du44isT8=,vtow6rJzg2nGE5TVgxJs7EaJqqI=
-3,-52,phrJKX2kJXkGuAUEWz6Du44isT8=,vtow6rJzg2nGE5TVgxJs7EaJqqI=
-4,-52,phrJKX2kJXkGuAUEWz6Du44isT8=,vtow6rJzg2nGE5TVgxJs7EaJqqI=
-14,-51,phrJKX2kJXkGuAUEWz6Du44isT8=,vtow6rJzg2nGE5TVgxJs7EaJqqI=
-16,-49,phrJKX2kJXkGuAUEWz6Du44isT8=,vtow6rJzg2nGE5TVgxJs7EaJqqI=
-12,-51,phrJKX2kJXkGuAUEWz6Du44isT8=,vtow6rJzg2nGE5TVgxJs7EaJqqI=
-16,-51,phrJKX2kJXkGuAUEWz6Du44isT8=,vtow6rJzg2nGE5TVgxJs7EaJqqI=
-12,-64,phrJKX2kJXkGuAUEWz6Du44isT8=,vtow6rJzg2nGE5TVgxJs7EaJqqI=
-9,-51,phrJKX2kJXkGuAUEWz6Du44isT8=,vtow6rJzg2nGE5TVgxJs7EaJqqI=
-5,-52,phrJKX2kJXkGuAUEWz6Du44isT8=,vtow6rJzg2nGE5TVgxJs7EaJqqI=
-15,-62,phrJKX2kJXkGuAUEWz6Du44isT8=,vtow6rJzg2nGE5TVgxJs7EaJqqI=
-6,-52,phrJKX2kJXkGuAUEWz6Du44isT8=,vtow6rJzg2nGE5TVgxJs7EaJqqI=
-13,-51,phrJKX2kJXkGuAUEWz6Du44isT8=,vtow6rJzg2nGE5TVgxJs7EaJqqI=
-14,-52,phrJKX2kJXkGuAUEWz6Du44isT8=,vtow6rJzg2nGE5TVgxJs7EaJqqI=
-12,-52,phrJKX2kJXkGuAUEWz6Du44isT8=,vtow6rJzg2nGE5TVgxJs7EaJqqI=
-9,-52,phrJKX2kJXkGuAUEWz6Du44isT8=,vtow6rJzg2nGE5TVgxJs7EaJqqI=
-14,-63,phrJKX2kJXkGuAUEWz6Du44isT8=,vtow6rJzg2nGE5TVgxJs7EaJqqI=
-11,-51,phrJKX2kJXkGuAUEWz6Du44isT8=,vtow6rJzg2nGE5TVgxJs7EaJqqI=
-11,-52,phrJKX2kJXkGuAUEWz6Du44isT8=,vtow6rJzg2nGE5TVgxJs7EaJqqI=
-1,-64,phrJKX2kJXkGuAUEWz6Du44isT8=,vtow6rJzg2nGE5TVgxJs7EaJqqI=
-13,-52,phrJKX2kJXkGuAUEWz6Du44isT8=,vtow6rJzg2nGE5TVgxJs7EaJqqI=
-16,-52,phrJKX2kJXkGuAUEWz6Du44isT8=,vtow6rJzg2nGE5TVgxJs7EaJqqI=
-15,-63,phrJKX2kJXkGuAUEWz6Du44isT8=,vtow6rJzg2nGE5TVgxJs7EaJqqI=
-2,-64,phrJKX2kJXkGuAUEWz6Du44isT8=,vtow6rJzg2nGE5TVgxJs7EaJqqI=
-1,-62,phrJKX2kJXkGuAUEWz6Du44isT8=,vtow6rJzg2nGE5TVgxJs7EaJqqI=
-8,-52,phrJKX2kJXkGuAUEWz6Du44isT8=,vtow6rJzg2nGE5TVgxJs7EaJqqI=
-16,-63,phrJKX2kJXkGuAUEWz6Du44isT8=,vtow6rJzg2nGE5TVgxJs7EaJqqI=
-3,-53,phrJKX2kJXkGuAUEWz6Du44isT8=,vtow6rJzg2nGE5TVgxJs7EaJqqI=
-1,-63,phrJKX2kJXkGuAUEWz6Du44isT8=,vtow6rJzg2nGE5TVgxJs7EaJqqI=
-1,-53,phrJKX2kJXkGuAUEWz6Du44isT8=,vtow6rJzg2nGE5TVgxJs7EaJqqI=
-16,-62,phrJKX2kJXkGuAUEWz6Du44isT8=,vtow6rJzg2nGE5TVgxJs7EaJqqI=
-15,-52,phrJKX2kJXkGuAUEWz6Du44isT8=,vtow6rJzg2nGE5TVgxJs7EaJqqI=
-14,-64,phrJKX2kJXkGuAUEWz6Du44isT8=,vtow6rJzg2nGE5TVgxJs7EaJqqI=
-16,-61,phrJKX2kJXkGuAUEWz6Du44isT8=,vtow6rJzg2nGE5TVgxJs7EaJqqI=
-10,-53,phrJKX2kJXkGuAUEWz6Du44isT8=,vtow6rJzg2nGE5TVgxJs7EaJqqI=
-11,-53,phrJKX2kJXkGuAUEWz6Du44isT8=,vtow6rJzg2nGE5TVgxJs7EaJqqI=
-2,-63,phrJKX2kJXkGuAUEWz6Du44isT8=,vtow6rJzg2nGE5TVgxJs7EaJqqI=
-13,-53,phrJKX2kJXkGuAUEWz6Du44isT8=,vtow6rJzg2nGE5TVgxJs7EaJqqI=
-10,-52,phrJKX2kJXkGuAUEWz6Du44isT8=,vtow6rJzg2nGE5TVgxJs7EaJqqI=
-4,-53,phrJKX2kJXkGuAUEWz6Du44isT8=,vtow6rJzg2nGE5TVgxJs7EaJqqI=
-2,-53,phrJKX2kJXkGuAUEWz6Du44isT8=,vtow6rJzg2nGE5TVgxJs7EaJqqI=
-3,-64,phrJKX2kJXkGuAUEWz6Du44isT8=,vtow6rJzg2nGE5TVgxJs7EaJqqI=
-5,-53,phrJKX2kJXkGuAUEWz6Du44isT8=,vtow6rJzg2nGE5TVgxJs7EaJqqI=
-7,-52,phrJKX2kJXkGuAUEWz6Du44isT8=,vtow6rJzg2nGE5TVgxJs7EaJqqI=
-9,-53,phrJKX2kJXkGuAUEWz6Du44isT8=,vtow6rJzg2nGE5TVgxJs7EaJqqI=
-6,-53,phrJKX2kJXkGuAUEWz6Du44isT8=,vtow6rJzg2nGE5TVgxJs7EaJqqI=
-3,-54,phrJKX2kJXkGuAUEWz6Du44isT8=,vtow6rJzg2nGE5TVgxJs7EaJqqI=
-1,-54,phrJKX2kJXkGuAUEWz6Du44isT8=,vtow6rJzg2nGE5TVgxJs7EaJqqI=
-7,-53,phrJKX2kJXkGuAUEWz6Du44isT8=,vtow6rJzg2nGE5TVgxJs7EaJqqI=
-16,-53,phrJKX2kJXkGuAUEWz6Du44isT8=,vtow6rJzg2nGE5TVgxJs7EaJqqI=
-7,-54,phrJKX2kJXkGuAUEWz6Du44isT8=,vtow6rJzg2nGE5TVgxJs7EaJqqI=
-2,-54,phrJKX2kJXkGuAUEWz6Du44isT8=,vtow6rJzg2nGE5TVgxJs7EaJqqI=
-14,-53,phrJKX2kJXkGuAUEWz6Du44isT8=,vtow6rJzg2nGE5TVgxJs7EaJqqI=
-10,-54,phrJKX2kJXkGuAUEWz6Du44isT8=,vtow6rJzg2nGE5TVgxJs7EaJqqI=
-8,-54,phrJKX2kJXkGuAUEWz6Du44isT8=,vtow6rJzg2nGE5TVgxJs7EaJqqI=
-2,-62,phrJKX2kJXkGuAUEWz6Du44isT8=,vtow6rJzg2nGE5TVgxJs7EaJqqI=
-11,-54,phrJKX2kJXkGuAUEWz6Du44isT8=,vtow6rJzg2nGE5TVgxJs7EaJqqI=
-4,-54,phrJKX2kJXkGuAUEWz6Du44isT8=,vtow6rJzg2nGE5TVgxJs7EaJqqI=
-12,-53,phrJKX2kJXkGuAUEWz6Du44isT8=,vtow6rJzg2nGE5TVgxJs7EaJqqI=
-5,-54,phrJKX2kJXkGuAUEWz6Du44isT8=,vtow6rJzg2nGE5TVgxJs7EaJqqI=
-3,-62,phrJKX2kJXkGuAUEWz6Du44isT8=,vtow6rJzg2nGE5TVgxJs7EaJqqI=
-8,-53,phrJKX2kJXkGuAUEWz6Du44isT8=,vtow6rJzg2nGE5TVgxJs7EaJqqI=
-6,-54,phrJKX2kJXkGuAUEWz6Du44isT8=,vtow6rJzg2nGE5TVgxJs7EaJqqI=
-15,-54,phrJKX2kJXkGuAUEWz6Du44isT8=,vtow6rJzg2nGE5TVgxJs7EaJqqI=
-2,-55,phrJKX2kJXkGuAUEWz6Du44isT8=,vtow6rJzg2nGE5TVgxJs7EaJqqI=
-14,-54,phrJKX2kJXkGuAUEWz6Du44isT8=,vtow6rJzg2nGE5TVgxJs7EaJqqI=
-4,-63,phrJKX2kJXkGuAUEWz6Du44isT8=,vtow6rJzg2nGE5TVgxJs7EaJqqI=
-3,-63,phrJKX2kJXkGuAUEWz6Du44isT8=,vtow6rJzg2nGE5TVgxJs7EaJqqI=
-6,-55,phrJKX2kJXkGuAUEWz6Du44isT8=,vtow6rJzg2nGE5TVgxJs7EaJqqI=
-12,-54,phrJKX2kJXkGuAUEWz6Du44isT8=,vtow6rJzg2nGE5TVgxJs7EaJqqI=
-1,-55,phrJKX2kJXkGuAUEWz6Du44isT8=,vtow6rJzg2nGE5TVgxJs7EaJqqI=
-4,-64,phrJKX2kJXkGuAUEWz6Du44isT8=,vtow6rJzg2nGE5TVgxJs7EaJqqI=
-15,-53,phrJKX2kJXkGuAUEWz6Du44isT8=,vtow6rJzg2nGE5TVgxJs7EaJqqI=
-3,-55,phrJKX2kJXkGuAUEWz6Du44isT8=,vtow6rJzg2nGE5TVgxJs7EaJqqI=
-16,-54,phrJKX2kJXkGuAUEWz6Du44isT8=,vtow6rJzg2nGE5TVgxJs7EaJqqI=
-13,-55,phrJKX2kJXkGuAUEWz6Du44isT8=,vtow6rJzg2nGE5TVgxJs7EaJqqI=
-14,-55,phrJKX2kJXkGuAUEWz6Du44isT8=,vtow6rJzg2nGE5TVgxJs7EaJqqI=
-9,-54,phrJKX2kJXkGuAUEWz6Du44isT8=,vtow6rJzg2nGE5TVgxJs7EaJqqI=
-5,-55,phrJKX2kJXkGuAUEWz6Du44isT8=,vtow6rJzg2nGE5TVgxJs7EaJqqI=
-4,-62,phrJKX2kJXkGuAUEWz6Du44isT8=,vtow6rJzg2nGE5TVgxJs7EaJqqI=
-13,-54,phrJKX2kJXkGuAUEWz6Du44isT8=,vtow6rJzg2nGE5TVgxJs7EaJqqI=
-1,-56,phrJKX2kJXkGuAUEWz6Du44isT8=,vtow6rJzg2nGE5TVgxJs7EaJqqI=
-15,-55,phrJKX2kJXkGuAUEWz6Du44isT8=,vtow6rJzg2nGE5TVgxJs7EaJqqI=
-10,-55,phrJKX2kJXkGuAUEWz6Du44isT8=,vtow6rJzg2nGE5TVgxJs7EaJqqI=
-3,-56,phrJKX2kJXkGuAUEWz6Du44isT8=,vtow6rJzg2nGE5TVgxJs7EaJqqI=
-9,-55,phrJKX2kJXkGuAUEWz6Du44isT8=,vtow6rJzg2nGE5TVgxJs7EaJqqI=
-8,-55,phrJKX2kJXkGuAUEWz6Du44isT8=,vtow6rJzg2nGE5TVgxJs7EaJqqI=
-6,-56,phrJKX2kJXkGuAUEWz6Du44isT8=,vtow6rJzg2nGE5TVgxJs7EaJqqI=
-2,-56,phrJKX2kJXkGuAUEWz6Du44isT8=,vtow6rJzg2nGE5TVgxJs7EaJqqI=
-12,-55,phrJKX2kJXkGuAUEWz6Du44isT8=,vtow6rJzg2nGE5TVgxJs7EaJqqI=
-16,-55,phrJKX2kJXkGuAUEWz6Du44isT8=,vtow6rJzg2nGE5TVgxJs7EaJqqI=
-9,-56,phrJKX2kJXkGuAUEWz6Du44isT8=,vtow6rJzg2nGE5TVgxJs7EaJqqI=
-11,-56,phrJKX2kJXkGuAUEWz6Du44isT8=,vtow6rJzg2nGE5TVgxJs7EaJqqI=
-5,-56,phrJKX2kJXkGuAUEWz6Du44isT8=,vtow6rJzg2nGE5TVgxJs7EaJqqI=
-4,-56,phrJKX2kJXkGuAUEWz6Du44isT8=,vtow6rJzg2nGE5TVgxJs7EaJqqI=
-5,-64,phrJKX2kJXkGuAUEWz6Du44isT8=,vtow6rJzg2nGE5TVgxJs7EaJqqI=
-4,-55,phrJKX2kJXkGuAUEWz6Du44isT8=,vtow6rJzg2nGE5TVgxJs7EaJqqI=
-5,-63,phrJKX2kJXkGuAUEWz6Du44isT8=,vtow6rJzg2nGE5TVgxJs7EaJqqI=
-7,-56,phrJKX2kJXkGuAUEWz6Du44isT8=,vtow6rJzg2nGE5TVgxJs7EaJqqI=
-5,-62,phrJKX2kJXkGuAUEWz6Du44isT8=,vtow6rJzg2nGE5TVgxJs7EaJqqI=
-10,-56,phrJKX2kJXkGuAUEWz6Du44isT8=,vtow6rJzg2nGE5TVgxJs7EaJqqI=
-6,-63,phrJKX2kJXkGuAUEWz6Du44isT8=,vtow6rJzg2nGE5TVgxJs7EaJqqI=
-2,-57,phrJKX2kJXkGuAUEWz6Du44isT8=,vtow6rJzg2nGE5TVgxJs7EaJqqI=
-3,-57,phrJKX2kJXkGuAUEWz6Du44isT8=,vtow6rJzg2nGE5TVgxJs7EaJqqI=
-8,-56,phrJKX2kJXkGuAUEWz6Du44isT8=,vtow6rJzg2nGE5TVgxJs7EaJqqI=
-6,-57,phrJKX2kJXkGuAUEWz6Du44isT8=,vtow6rJzg2nGE5TVgxJs7EaJqqI=
-1,-57,phrJKX2kJXkGuAUEWz6Du44isT8=,vtow6rJzg2nGE5TVgxJs7EaJqqI=
-12,-56,phrJKX2kJXkGuAUEWz6Du44isT8=,vtow6rJzg2nGE5TVgxJs7EaJqqI=
-16,-56,phrJKX2kJXkGuAUEWz6Du44isT8=,vtow6rJzg2nGE5TVgxJs7EaJqqI=
-9,-57,phrJKX2kJXkGuAUEWz6Du44isT8=,vtow6rJzg2nGE5TVgxJs7EaJqqI=
-5,-57,phrJKX2kJXkGuAUEWz6Du44isT8=,vtow6rJzg2nGE5TVgxJs7EaJqqI=
-8,-57,phrJKX2kJXkGuAUEWz6Du44isT8=,vtow6rJzg2nGE5TVgxJs7EaJqqI=
-4,-57,phrJKX2kJXkGuAUEWz6Du44isT8=,vtow6rJzg2nGE5TVgxJs7EaJqqI=
-7,-57,phrJKX2kJXkGuAUEWz6Du44isT8=,vtow6rJzg2nGE5TVgxJs7EaJqqI=
-6,-64,phrJKX2kJXkGuAUEWz6Du44isT8=,vtow6rJzg2nGE5TVgxJs7EaJqqI=
-13,-56,phrJKX2kJXkGuAUEWz6Du44isT8=,vtow6rJzg2nGE5TVgxJs7EaJqqI=
-6,-62,phrJKX2kJXkGuAUEWz6Du44isT8=,vtow6rJzg2nGE5TVgxJs7EaJqqI=
-10,-57,phrJKX2kJXkGuAUEWz6Du44isT8=,vtow6rJzg2nGE5TVgxJs7EaJqqI=
-11,-55,phrJKX2kJXkGuAUEWz6Du44isT8=,vtow6rJzg2nGE5TVgxJs7EaJqqI=
-14,-57,phrJKX2kJXkGuAUEWz6Du44isT8=,vtow6rJzg2nGE5TVgxJs7EaJqqI=
-11,-57,phrJKX2kJXkGuAUEWz6Du44isT8=,vtow6rJzg2nGE5TVgxJs7EaJqqI=
-1,-58,phrJKX2kJXkGuAUEWz6Du44isT8=,vtow6rJzg2nGE5TVgxJs7EaJqqI=
-14,-56,phrJKX2kJXkGuAUEWz6Du44isT8=,vtow6rJzg2nGE5TVgxJs7EaJqqI=
-3,-58,phrJKX2kJXkGuAUEWz6Du44isT8=,vtow6rJzg2nGE5TVgxJs7EaJqqI=
-12,-57,phrJKX2kJXkGuAUEWz6Du44isT8=,vtow6rJzg2nGE5TVgxJs7EaJqqI=
-6,-58,phrJKX2kJXkGuAUEWz6Du44isT8=,vtow6rJzg2nGE5TVgxJs7EaJqqI=
-15,-56,phrJKX2kJXkGuAUEWz6Du44isT8=,vtow6rJzg2nGE5TVgxJs7EaJqqI=
-15,-57,phrJKX2kJXkGuAUEWz6Du44isT8=,vtow6rJzg2nGE5TVgxJs7EaJqqI=
-16,-57,phrJKX2kJXkGuAUEWz6Du44isT8=,vtow6rJzg2nGE5TVgxJs7EaJqqI=
-5,-58,phrJKX2kJXkGuAUEWz6Du44isT8=,vtow6rJzg2nGE5TVgxJs7EaJqqI=
-2,-58,phrJKX2kJXkGuAUEWz6Du44isT8=,vtow6rJzg2nGE5TVgxJs7EaJqqI=
-7,-58,phrJKX2kJXkGuAUEWz6Du44isT8=,vtow6rJzg2nGE5TVgxJs7EaJqqI=
-10,-58,phrJKX2kJXkGuAUEWz6Du44isT8=,vtow6rJzg2nGE5TVgxJs7EaJqqI=
-7,-55,phrJKX2kJXkGuAUEWz6Du44isT8=,vtow6rJzg2nGE5TVgxJs7EaJqqI=
-7,-64,phrJKX2kJXkGuAUEWz6Du44isT8=,vtow6rJzg2nGE5TVgxJs7EaJqqI=
-9,-58,phrJKX2kJXkGuAUEWz6Du44isT8=,vtow6rJzg2nGE5TVgxJs7EaJqqI=
-8,-58,phrJKX2kJXkGuAUEWz6Du44isT8=,vtow6rJzg2nGE5TVgxJs7EaJqqI=
-13,-57,phrJKX2kJXkGuAUEWz6Du44isT8=,vtow6rJzg2nGE5TVgxJs7EaJqqI=
-13,-58,phrJKX2kJXkGuAUEWz6Du44isT8=,vtow6rJzg2nGE5TVgxJs7EaJqqI=
-11,-58,phrJKX2kJXkGuAUEWz6Du44isT8=,vtow6rJzg2nGE5TVgxJs7EaJqqI=
-12,-58,phrJKX2kJXkGuAUEWz6Du44isT8=,vtow6rJzg2nGE5TVgxJs7EaJqqI=
-4,-58,phrJKX2kJXkGuAUEWz6Du44isT8=,vtow6rJzg2nGE5TVgxJs7EaJqqI=
-14,-58,phrJKX2kJXkGuAUEWz6Du44isT8=,vtow6rJzg2nGE5TVgxJs7EaJqqI=
-2,-59,phrJKX2kJXkGuAUEWz6Du44isT8=,vtow6rJzg2nGE5TVgxJs7EaJqqI=
-3,-59,phrJKX2kJXkGuAUEWz6Du44isT8=,vtow6rJzg2nGE5TVgxJs7EaJqqI=
-7,-59,phrJKX2kJXkGuAUEWz6Du44isT8=,vtow6rJzg2nGE5TVgxJs7EaJqqI=
-8,-59,phrJKX2kJXkGuAUEWz6Du44isT8=,vtow6rJzg2nGE5TVgxJs7EaJqqI=
-8,-63,phrJKX2kJXkGuAUEWz6Du44isT8=,vtow6rJzg2nGE5TVgxJs7EaJqqI=
-10,-59,phrJKX2kJXkGuAUEWz6Du44isT8=,vtow6rJzg2nGE5TVgxJs7EaJqqI=
-5,-59,phrJKX2kJXkGuAUEWz6Du44isT8=,vtow6rJzg2nGE5TVgxJs7EaJqqI=
-1,-59,phrJKX2kJXkGuAUEWz6Du44isT8=,vtow6rJzg2nGE5TVgxJs7EaJqqI=
-7,-62,phrJKX2kJXkGuAUEWz6Du44isT8=,vtow6rJzg2nGE5TVgxJs7EaJqqI=
-7,-63,phrJKX2kJXkGuAUEWz6Du44isT8=,vtow6rJzg2nGE5TVgxJs7EaJqqI=
-9,-59,phrJKX2kJXkGuAUEWz6Du44isT8=,vtow6rJzg2nGE5TVgxJs7EaJqqI=
-16,-58,phrJKX2kJXkGuAUEWz6Du44isT8=,vtow6rJzg2nGE5TVgxJs7EaJqqI=
-6,-59,phrJKX2kJXkGuAUEWz6Du44isT8=,vtow6rJzg2nGE5TVgxJs7EaJqqI=
-12,-59,phrJKX2kJXkGuAUEWz6Du44isT8=,vtow6rJzg2nGE5TVgxJs7EaJqqI=
-9,-64,phrJKX2kJXkGuAUEWz6Du44isT8=,vtow6rJzg2nGE5TVgxJs7EaJqqI=
-11,-59,phrJKX2kJXkGuAUEWz6Du44isT8=,vtow6rJzg2nGE5TVgxJs7EaJqqI=
-9,-63,phrJKX2kJXkGuAUEWz6Du44isT8=,vtow6rJzg2nGE5TVgxJs7EaJqqI=
-14,-59,phrJKX2kJXkGuAUEWz6Du44isT8=,vtow6rJzg2nGE5TVgxJs7EaJqqI=
-2,-60,phrJKX2kJXkGuAUEWz6Du44isT8=,vtow6rJzg2nGE5TVgxJs7EaJqqI=
-15,-59,phrJKX2kJXkGuAUEWz6Du44isT8=,vtow6rJzg2nGE5TVgxJs7EaJqqI=
-5,-60,phrJKX2kJXkGuAUEWz6Du44isT8=,vtow6rJzg2nGE5TVgxJs7EaJqqI=
-15,-58,phrJKX2kJXkGuAUEWz6Du44isT8=,vtow6rJzg2nGE5TVgxJs7EaJqqI=
-3,-60,phrJKX2kJXkGuAUEWz6Du44isT8=,vtow6rJzg2nGE5TVgxJs7EaJqqI=
-8,-60,phrJKX2kJXkGuAUEWz6Du44isT8=,vtow6rJzg2nGE5TVgxJs7EaJqqI=
-9,-60,phrJKX2kJXkGuAUEWz6Du44isT8=,vtow6rJzg2nGE5TVgxJs7EaJqqI=
-4,-60,phrJKX2kJXkGuAUEWz6Du44isT8=,vtow6rJzg2nGE5TVgxJs7EaJqqI=
-16,-64,phrJKX2kJXkGuAUEWz6Du44isT8=,vtow6rJzg2nGE5TVgxJs7EaJqqI=
-16,-59,phrJKX2kJXkGuAUEWz6Du44isT8=,vtow6rJzg2nGE5TVgxJs7EaJqqI=
-13,-59,phrJKX2kJXkGuAUEWz6Du44isT8=,vtow6rJzg2nGE5TVgxJs7EaJqqI=
-6,-60,phrJKX2kJXkGuAUEWz6Du44isT8=,vtow6rJzg2nGE5TVgxJs7EaJqqI=
-8,-64,phrJKX2kJXkGuAUEWz6Du44isT8=,vtow6rJzg2nGE5TVgxJs7EaJqqI=
-13,-60,phrJKX2kJXkGuAUEWz6Du44isT8=,vtow6rJzg2nGE5TVgxJs7EaJqqI=
-10,-60,phrJKX2kJXkGuAUEWz6Du44isT8=,vtow6rJzg2nGE5TVgxJs7EaJqqI=
-11,-60,phrJKX2kJXkGuAUEWz6Du44isT8=,vtow6rJzg2nGE5TVgxJs7EaJqqI=
-8,-62,phrJKX2kJXkGuAUEWz6Du44isT8=,vtow6rJzg2nGE5TVgxJs7EaJqqI=
-12,-60,phrJKX2kJXkGuAUEWz6Du44isT8=,vtow6rJzg2nGE5TVgxJs7EaJqqI=
-7,-60,phrJKX2kJXkGuAUEWz6Du44isT8=,vtow6rJzg2nGE5TVgxJs7EaJqqI=
-3,-61,phrJKX2kJXkGuAUEWz6Du44isT8=,vtow6rJzg2nGE5TVgxJs7EaJqqI=
-4,-61,phrJKX2kJXkGuAUEWz6Du44isT8=,vtow6rJzg2nGE5TVgxJs7EaJqqI=
-5,-61,phrJKX2kJXkGuAUEWz6Du44isT8=,vtow6rJzg2nGE5TVgxJs7EaJqqI=
-6,-61,phrJKX2kJXkGuAUEWz6Du44isT8=,vtow6rJzg2nGE5TVgxJs7EaJqqI=
-1,-60,phrJKX2kJXkGuAUEWz6Du44isT8=,vtow6rJzg2nGE5TVgxJs7EaJqqI=
-8,-61,phrJKX2kJXkGuAUEWz6Du44isT8=,vtow6rJzg2nGE5TVgxJs7EaJqqI=
-2,-61,phrJKX2kJXkGuAUEWz6Du44isT8=,vtow6rJzg2nGE5TVgxJs7EaJqqI=
-4,-59,phrJKX2kJXkGuAUEWz6Du44isT8=,vtow6rJzg2nGE5TVgxJs7EaJqqI=
-9,-62,phrJKX2kJXkGuAUEWz6Du44isT8=,vtow6rJzg2nGE5TVgxJs7EaJqqI=
-1,-61,phrJKX2kJXkGuAUEWz6Du44isT8=,vtow6rJzg2nGE5TVgxJs7EaJqqI=
-15,-60,phrJKX2kJXkGuAUEWz6Du44isT8=,vtow6rJzg2nGE5TVgxJs7EaJqqI=
-10,-64,phrJKX2kJXkGuAUEWz6Du44isT8=,vtow6rJzg2nGE5TVgxJs7EaJqqI=
-16,-60,phrJKX2kJXkGuAUEWz6Du44isT8=,vtow6rJzg2nGE5TVgxJs7EaJqqI=
-7,-61,phrJKX2kJXkGuAUEWz6Du44isT8=,vtow6rJzg2nGE5TVgxJs7EaJqqI=
-10,-63,phrJKX2kJXkGuAUEWz6Du44isT8=,vtow6rJzg2nGE5TVgxJs7EaJqqI=
-14,-60,phrJKX2kJXkGuAUEWz6Du44isT8=,vtow6rJzg2nGE5TVgxJs7EaJqqI=
-26,-61,/cx18AEPN2u5Dqel1bwSJTkEveE=,kVc9LPIaMHo9hCBwS5QG3LcVPbU=
-27,-63,IDmSr9PRp7DSl48Bed/ffjIRbMw=,kVc9LPIaMHo9hCBwS5QG3LcVPbU=
-27,-61,k5degWd296rOAdrz7amDLIIjZKs=,kVc9LPIaMHo9hCBwS5QG3LcVPbU=
-28,-63,7VrQiquV6fjyPCtPraYHPrK7his=,kVc9LPIaMHo9hCBwS5QG3LcVPbU=
-27,-64,gh3t80txu6m80fhXWf2RrxcuLL4=,kVc9LPIaMHo9hCBwS5QG3LcVPbU=
-29,-61,gh3t80txu6m80fhXWf2RrxcuLL4=,kVc9LPIaMHo9hCBwS5QG3LcVPbU=
-31,-64,gh3t80txu6m80fhXWf2RrxcuLL4=,kVc9LPIaMHo9hCBwS5QG3LcVPbU=
-26,-62,gh3t80txu6m80fhXWf2RrxcuLL4=,kVc9LPIaMHo9hCBwS5QG3LcVPbU=
-25,-61,gh3t80txu6m80fhXWf2RrxcuLL4=,kVc9LPIaMHo9hCBwS5QG3LcVPbU=
-28,-62,gh3t80txu6m80fhXWf2RrxcuLL4=,kVc9LPIaMHo9hCBwS5QG3LcVPbU=
-27,-62,gh3t80txu6m80fhXWf2RrxcuLL4=,kVc9LPIaMHo9hCBwS5QG3LcVPbU=
-28,-61,gh3t80txu6m80fhXWf2RrxcuLL4=,kVc9LPIaMHo9hCBwS5QG3LcVPbU=
-24,-49,gh3t80txu6m80fhXWf2RrxcuLL4=,kVc9LPIaMHo9hCBwS5QG3LcVPbU=
-17,-49,gh3t80txu6m80fhXWf2RrxcuLL4=,kVc9LPIaMHo9hCBwS5QG3LcVPbU=
-29,-64,gh3t80txu6m80fhXWf2RrxcuLL4=,kVc9LPIaMHo9hCBwS5QG3LcVPbU=
-26,-49,gh3t80txu6m80fhXWf2RrxcuLL4=,kVc9LPIaMHo9hCBwS5QG3LcVPbU=
-27,-49,gh3t80txu6m80fhXWf2RrxcuLL4=,kVc9LPIaMHo9hCBwS5QG3LcVPbU=
-29,-49,gh3t80txu6m80fhXWf2RrxcuLL4=,kVc9LPIaMHo9hCBwS5QG3LcVPbU=
-19,-49,gh3t80txu6m80fhXWf2RrxcuLL4=,kVc9LPIaMHo9hCBwS5QG3LcVPbU=
-28,-49,gh3t80txu6m80fhXWf2RrxcuLL4=,kVc9LPIaMHo9hCBwS5QG3LcVPbU=
-25,-49,gh3t80txu6m80fhXWf2RrxcuLL4=,kVc9LPIaMHo9hCBwS5QG3LcVPbU=
-22,-49,gh3t80txu6m80fhXWf2RrxcuLL4=,kVc9LPIaMHo9hCBwS5QG3LcVPbU=
-30,-49,gh3t80txu6m80fhXWf2RrxcuLL4=,kVc9LPIaMHo9hCBwS5QG3LcVPbU=
-21,-49,gh3t80txu6m80fhXWf2RrxcuLL4=,kVc9LPIaMHo9hCBwS5QG3LcVPbU=
-28,-64,gh3t80txu6m80fhXWf2RrxcuLL4=,kVc9LPIaMHo9hCBwS5QG3LcVPbU=
-23,-49,gh3t80txu6m80fhXWf2RrxcuLL4=,kVc9LPIaMHo9hCBwS5QG3LcVPbU=
-30,-61,gh3t80txu6m80fhXWf2RrxcuLL4=,kVc9LPIaMHo9hCBwS5QG3LcVPbU=
-20,-49,gh3t80txu6m80fhXWf2RrxcuLL4=,kVc9LPIaMHo9hCBwS5QG3LcVPbU=
-18,-49,gh3t80txu6m80fhXWf2RrxcuLL4=,kVc9LPIaMHo9hCBwS5QG3LcVPbU=
-24,-61,gh3t80txu6m80fhXWf2RrxcuLL4=,kVc9LPIaMHo9hCBwS5QG3LcVPbU=
-32,-64,gh3t80txu6m80fhXWf2RrxcuLL4=,kVc9LPIaMHo9hCBwS5QG3LcVPbU=
-31,-49,gh3t80txu6m80fhXWf2RrxcuLL4=,kVc9LPIaMHo9hCBwS5QG3LcVPbU=
-18,-50,gh3t80txu6m80fhXWf2RrxcuLL4=,kVc9LPIaMHo9hCBwS5QG3LcVPbU=
-24,-50,gh3t80txu6m80fhXWf2RrxcuLL4=,kVc9LPIaMHo9hCBwS5QG3LcVPbU=
-20,-50,gh3t80txu6m80fhXWf2RrxcuLL4=,kVc9LPIaMHo9hCBwS5QG3LcVPbU=
-26,-50,gh3t80txu6m80fhXWf2RrxcuLL4=,kVc9LPIaMHo9hCBwS5QG3LcVPbU=
-27,-50,gh3t80txu6m80fhXWf2RrxcuLL4=,kVc9LPIaMHo9hCBwS5QG3LcVPbU=
-25,-50,gh3t80txu6m80fhXWf2RrxcuLL4=,kVc9LPIaMHo9hCBwS5QG3LcVPbU=
-21,-50,gh3t80txu6m80fhXWf2RrxcuLL4=,kVc9LPIaMHo9hCBwS5QG3LcVPbU=
-23,-50,gh3t80txu6m80fhXWf2RrxcuLL4=,kVc9LPIaMHo9hCBwS5QG3LcVPbU=
-22,-50,gh3t80txu6m80fhXWf2RrxcuLL4=,kVc9LPIaMHo9hCBwS5QG3LcVPbU=
-32,-49,gh3t80txu6m80fhXWf2RrxcuLL4=,kVc9LPIaMHo9hCBwS5QG3LcVPbU=
-28,-50,gh3t80txu6m80fhXWf2RrxcuLL4=,kVc9LPIaMHo9hCBwS5QG3LcVPbU=
-31,-61,gh3t80txu6m80fhXWf2RrxcuLL4=,kVc9LPIaMHo9hCBwS5QG3LcVPbU=
-32,-50,gh3t80txu6m80fhXWf2RrxcuLL4=,kVc9LPIaMHo9hCBwS5QG3LcVPbU=
-30,-50,gh3t80txu6m80fhXWf2RrxcuLL4=,kVc9LPIaMHo9hCBwS5QG3LcVPbU=
-29,-62,gh3t80txu6m80fhXWf2RrxcuLL4=,kVc9LPIaMHo9hCBwS5QG3LcVPbU=
-23,-61,gh3t80txu6m80fhXWf2RrxcuLL4=,kVc9LPIaMHo9hCBwS5QG3LcVPbU=
-29,-50,gh3t80txu6m80fhXWf2RrxcuLL4=,kVc9LPIaMHo9hCBwS5QG3LcVPbU=
-19,-50,gh3t80txu6m80fhXWf2RrxcuLL4=,kVc9LPIaMHo9hCBwS5QG3LcVPbU=
-17,-50,gh3t80txu6m80fhXWf2RrxcuLL4=,kVc9LPIaMHo9hCBwS5QG3LcVPbU=
-20,-51,gh3t80txu6m80fhXWf2RrxcuLL4=,kVc9LPIaMHo9hCBwS5QG3LcVPbU=
-19,-51,gh3t80txu6m80fhXWf2RrxcuLL4=,kVc9LPIaMHo9hCBwS5QG3LcVPbU=
-25,-51,gh3t80txu6m80fhXWf2RrxcuLL4=,kVc9LPIaMHo9hCBwS5QG3LcVPbU=
-31,-50,gh3t80txu6m80fhXWf2RrxcuLL4=,kVc9LPIaMHo9hCBwS5QG3LcVPbU=
-30,-62,gh3t80txu6m80fhXWf2RrxcuLL4=,kVc9LPIaMHo9hCBwS5QG3LcVPbU=
-22,-61,gh3t80txu6m80fhXWf2RrxcuLL4=,kVc9LPIaMHo9hCBwS5QG3LcVPbU=
-18,-51,gh3t80txu6m80fhXWf2RrxcuLL4=,kVc9LPIaMHo9hCBwS5QG3LcVPbU=
-29,-63,gh3t80txu6m80fhXWf2RrxcuLL4=,kVc9LPIaMHo9hCBwS5QG3LcVPbU=
-26,-51,gh3t80txu6m80fhXWf2RrxcuLL4=,kVc9LPIaMHo9hCBwS5QG3LcVPbU=
-23,-51,gh3t80txu6m80fhXWf2RrxcuLL4=,kVc9LPIaMHo9hCBwS5QG3LcVPbU=
-30,-51,gh3t80txu6m80fhXWf2RrxcuLL4=,kVc9LPIaMHo9hCBwS5QG3LcVPbU=
-31,-51,gh3t80txu6m80fhXWf2RrxcuLL4=,kVc9LPIaMHo9hCBwS5QG3LcVPbU=
-24,-51,gh3t80txu6m80fhXWf2RrxcuLL4=,kVc9LPIaMHo9hCBwS5QG3LcVPbU=
-29,-51,gh3t80txu6m80fhXWf2RrxcuLL4=,kVc9LPIaMHo9hCBwS5QG3LcVPbU=
-17,-52,gh3t80txu6m80fhXWf2RrxcuLL4=,kVc9LPIaMHo9hCBwS5QG3LcVPbU=
-21,-51,gh3t80txu6m80fhXWf2RrxcuLL4=,kVc9LPIaMHo9hCBwS5QG3LcVPbU=
-21,-61,gh3t80txu6m80fhXWf2RrxcuLL4=,kVc9LPIaMHo9hCBwS5QG3LcVPbU=
-28,-51,gh3t80txu6m80fhXWf2RrxcuLL4=,kVc9LPIaMHo9hCBwS5QG3LcVPbU=
-27,-51,gh3t80txu6m80fhXWf2RrxcuLL4=,kVc9LPIaMHo9hCBwS5QG3LcVPbU=
-17,-51,gh3t80txu6m80fhXWf2RrxcuLL4=,kVc9LPIaMHo9hCBwS5QG3LcVPbU=
-21,-52,gh3t80txu6m80fhXWf2RrxcuLL4=,kVc9LPIaMHo9hCBwS5QG3LcVPbU=
-20,-61,gh3t80txu6m80fhXWf2RrxcuLL4=,kVc9LPIaMHo9hCBwS5QG3LcVPbU=
-32,-51,gh3t80txu6m80fhXWf2RrxcuLL4=,kVc9LPIaMHo9hCBwS5QG3LcVPbU=
-19,-52,gh3t80txu6m80fhXWf2RrxcuLL4=,kVc9LPIaMHo9hCBwS5QG3LcVPbU=
-18,-52,gh3t80txu6m80fhXWf2RrxcuLL4=,kVc9LPIaMHo9hCBwS5QG3LcVPbU=
-30,-63,gh3t80txu6m80fhXWf2RrxcuLL4=,kVc9LPIaMHo9hCBwS5QG3LcVPbU=
-22,-51,gh3t80txu6m80fhXWf2RrxcuLL4=,kVc9LPIaMHo9hCBwS5QG3LcVPbU=
-24,-52,gh3t80txu6m80fhXWf2RrxcuLL4=,kVc9LPIaMHo9hCBwS5QG3LcVPbU=
-29,-52,gh3t80txu6m80fhXWf2RrxcuLL4=,kVc9LPIaMHo9hCBwS5QG3LcVPbU=
-28,-52,gh3t80txu6m80fhXWf2RrxcuLL4=,kVc9LPIaMHo9hCBwS5QG3LcVPbU=
-26,-52,gh3t80txu6m80fhXWf2RrxcuLL4=,kVc9LPIaMHo9hCBwS5QG3LcVPbU=
-32,-52,gh3t80txu6m80fhXWf2RrxcuLL4=,kVc9LPIaMHo9hCBwS5QG3LcVPbU=
-19,-61,gh3t80txu6m80fhXWf2RrxcuLL4=,kVc9LPIaMHo9hCBwS5QG3LcVPbU=
-27,-52,gh3t80txu6m80fhXWf2RrxcuLL4=,kVc9LPIaMHo9hCBwS5QG3LcVPbU=
-31,-62,gh3t80txu6m80fhXWf2RrxcuLL4=,kVc9LPIaMHo9hCBwS5QG3LcVPbU=
-20,-52,gh3t80txu6m80fhXWf2RrxcuLL4=,kVc9LPIaMHo9hCBwS5QG3LcVPbU=
-32,-61,gh3t80txu6m80fhXWf2RrxcuLL4=,kVc9LPIaMHo9hCBwS5QG3LcVPbU=
-23,-52,gh3t80txu6m80fhXWf2RrxcuLL4=,kVc9LPIaMHo9hCBwS5QG3LcVPbU=
-25,-52,gh3t80txu6m80fhXWf2RrxcuLL4=,kVc9LPIaMHo9hCBwS5QG3LcVPbU=
-31,-52,gh3t80txu6m80fhXWf2RrxcuLL4=,kVc9LPIaMHo9hCBwS5QG3LcVPbU=
-18,-64,gh3t80txu6m80fhXWf2RrxcuLL4=,kVc9LPIaMHo9hCBwS5QG3LcVPbU=
-30,-52,gh3t80txu6m80fhXWf2RrxcuLL4=,kVc9LPIaMHo9hCBwS5QG3LcVPbU=
-30,-64,gh3t80txu6m80fhXWf2RrxcuLL4=,kVc9LPIaMHo9hCBwS5QG3LcVPbU=
-31,-63,gh3t80txu6m80fhXWf2RrxcuLL4=,kVc9LPIaMHo9hCBwS5QG3LcVPbU=
-20,-53,gh3t80txu6m80fhXWf2RrxcuLL4=,kVc9LPIaMHo9hCBwS5QG3LcVPbU=
-22,-52,gh3t80txu6m80fhXWf2RrxcuLL4=,kVc9LPIaMHo9hCBwS5QG3LcVPbU=
-21,-53,gh3t80txu6m80fhXWf2RrxcuLL4=,kVc9LPIaMHo9hCBwS5QG3LcVPbU=
-18,-61,gh3t80txu6m80fhXWf2RrxcuLL4=,kVc9LPIaMHo9hCBwS5QG3LcVPbU=
-17,-53,gh3t80txu6m80fhXWf2RrxcuLL4=,kVc9LPIaMHo9hCBwS5QG3LcVPbU=
-18,-53,gh3t80txu6m80fhXWf2RrxcuLL4=,kVc9LPIaMHo9hCBwS5QG3LcVPbU=
-24,-53,gh3t80txu6m80fhXWf2RrxcuLL4=,kVc9LPIaMHo9hCBwS5QG3LcVPbU=
-22,-53,gh3t80txu6m80fhXWf2RrxcuLL4=,kVc9LPIaMHo9hCBwS5QG3LcVPbU=
-17,-64,gh3t80txu6m80fhXWf2RrxcuLL4=,kVc9LPIaMHo9hCBwS5QG3LcVPbU=
-17,-63,gh3t80txu6m80fhXWf2RrxcuLL4=,kVc9LPIaMHo9hCBwS5QG3LcVPbU=
-18,-63,gh3t80txu6m80fhXWf2RrxcuLL4=,kVc9LPIaMHo9hCBwS5QG3LcVPbU=
-17,-62,gh3t80txu6m80fhXWf2RrxcuLL4=,kVc9LPIaMHo9hCBwS5QG3LcVPbU=
-19,-53,gh3t80txu6m80fhXWf2RrxcuLL4=,kVc9LPIaMHo9hCBwS5QG3LcVPbU=
-23,-53,gh3t80txu6m80fhXWf2RrxcuLL4=,kVc9LPIaMHo9hCBwS5QG3LcVPbU=
-26,-53,gh3t80txu6m80fhXWf2RrxcuLL4=,kVc9LPIaMHo9hCBwS5QG3LcVPbU=
-25,-53,gh3t80txu6m80fhXWf2RrxcuLL4=,kVc9LPIaMHo9hCBwS5QG3LcVPbU=
-19,-64,gh3t80txu6m80fhXWf2RrxcuLL4=,kVc9LPIaMHo9hCBwS5QG3LcVPbU=
-29,-53,gh3t80txu6m80fhXWf2RrxcuLL4=,kVc9LPIaMHo9hCBwS5QG3LcVPbU=
-19,-63,gh3t80txu6m80fhXWf2RrxcuLL4=,kVc9LPIaMHo9hCBwS5QG3LcVPbU=
-27,-53,gh3t80txu6m80fhXWf2RrxcuLL4=,kVc9LPIaMHo9hCBwS5QG3LcVPbU=
-28,-53,gh3t80txu6m80fhXWf2RrxcuLL4=,kVc9LPIaMHo9hCBwS5QG3LcVPbU=
-20,-54,gh3t80txu6m80fhXWf2RrxcuLL4=,kVc9LPIaMHo9hCBwS5QG3LcVPbU=
-21,-54,gh3t80txu6m80fhXWf2RrxcuLL4=,kVc9LPIaMHo9hCBwS5QG3LcVPbU=
-17,-61,gh3t80txu6m80fhXWf2RrxcuLL4=,kVc9LPIaMHo9hCBwS5QG3LcVPbU=
-31,-53,gh3t80txu6m80fhXWf2RrxcuLL4=,kVc9LPIaMHo9hCBwS5QG3LcVPbU=
-30,-53,gh3t80txu6m80fhXWf2RrxcuLL4=,kVc9LPIaMHo9hCBwS5QG3LcVPbU=
-24,-54,gh3t80txu6m80fhXWf2RrxcuLL4=,kVc9LPIaMHo9hCBwS5QG3LcVPbU=
-32,-53,gh3t80txu6m80fhXWf2RrxcuLL4=,kVc9LPIaMHo9hCBwS5QG3LcVPbU=
-18,-62,gh3t80txu6m80fhXWf2RrxcuLL4=,kVc9LPIaMHo9hCBwS5QG3LcVPbU=
-27,-54,gh3t80txu6m80fhXWf2RrxcuLL4=,kVc9LPIaMHo9hCBwS5QG3LcVPbU=
-19,-54,gh3t80txu6m80fhXWf2RrxcuLL4=,kVc9LPIaMHo9hCBwS5QG3LcVPbU=
-25,-54,gh3t80txu6m80fhXWf2RrxcuLL4=,kVc9LPIaMHo9hCBwS5QG3LcVPbU=
-32,-62,gh3t80txu6m80fhXWf2RrxcuLL4=,kVc9LPIaMHo9hCBwS5QG3LcVPbU=
-26,-63,gh3t80txu6m80fhXWf2RrxcuLL4=,kVc9LPIaMHo9hCBwS5QG3LcVPbU=
-18,-54,gh3t80txu6m80fhXWf2RrxcuLL4=,kVc9LPIaMHo9hCBwS5QG3LcVPbU=
-20,-64,gh3t80txu6m80fhXWf2RrxcuLL4=,kVc9LPIaMHo9hCBwS5QG3LcVPbU=
-19,-62,gh3t80txu6m80fhXWf2RrxcuLL4=,kVc9LPIaMHo9hCBwS5QG3LcVPbU=
-22,-54,gh3t80txu6m80fhXWf2RrxcuLL4=,kVc9LPIaMHo9hCBwS5QG3LcVPbU=
-20,-63,gh3t80txu6m80fhXWf2RrxcuLL4=,kVc9LPIaMHo9hCBwS5QG3LcVPbU=
-28,-54,gh3t80txu6m80fhXWf2RrxcuLL4=,kVc9LPIaMHo9hCBwS5QG3LcVPbU=
-26,-64,gh3t80txu6m80fhXWf2RrxcuLL4=,kVc9LPIaMHo9hCBwS5QG3LcVPbU=
-19,-55,gh3t80txu6m80fhXWf2RrxcuLL4=,kVc9LPIaMHo9hCBwS5QG3LcVPbU=
-20,-55,gh3t80txu6m80fhXWf2RrxcuLL4=,kVc9LPIaMHo9hCBwS5QG3LcVPbU=
-23,-54,gh3t80txu6m80fhXWf2RrxcuLL4=,kVc9LPIaMHo9hCBwS5QG3LcVPbU=
-21,-55,gh3t80txu6m80fhXWf2RrxcuLL4=,kVc9LPIaMHo9hCBwS5QG3LcVPbU=
-30,-54,gh3t80txu6m80fhXWf2RrxcuLL4=,kVc9LPIaMHo9hCBwS5QG3LcVPbU=
-32,-54,gh3t80txu6m80fhXWf2RrxcuLL4=,kVc9LPIaMHo9hCBwS5QG3LcVPbU=
-24,-55,gh3t80txu6m80fhXWf2RrxcuLL4=,kVc9LPIaMHo9hCBwS5QG3LcVPbU=
-25,-55,gh3t80txu6m80fhXWf2RrxcuLL4=,kVc9LPIaMHo9hCBwS5QG3LcVPbU=
-26,-55,gh3t80txu6m80fhXWf2RrxcuLL4=,kVc9LPIaMHo9hCBwS5QG3LcVPbU=
-27,-55,gh3t80txu6m80fhXWf2RrxcuLL4=,kVc9LPIaMHo9hCBwS5QG3LcVPbU=
-28,-55,gh3t80txu6m80fhXWf2RrxcuLL4=,kVc9LPIaMHo9hCBwS5QG3LcVPbU=
-18,-55,gh3t80txu6m80fhXWf2RrxcuLL4=,kVc9LPIaMHo9hCBwS5QG3LcVPbU=
-17,-54,gh3t80txu6m80fhXWf2RrxcuLL4=,kVc9LPIaMHo9hCBwS5QG3LcVPbU=
-29,-55,gh3t80txu6m80fhXWf2RrxcuLL4=,kVc9LPIaMHo9hCBwS5QG3LcVPbU=
-21,-64,gh3t80txu6m80fhXWf2RrxcuLL4=,kVc9LPIaMHo9hCBwS5QG3LcVPbU=
-20,-62,gh3t80txu6m80fhXWf2RrxcuLL4=,kVc9LPIaMHo9hCBwS5QG3LcVPbU=
-23,-55,gh3t80txu6m80fhXWf2RrxcuLL4=,kVc9LPIaMHo9hCBwS5QG3LcVPbU=
-29,-54,gh3t80txu6m80fhXWf2RrxcuLL4=,kVc9LPIaMHo9hCBwS5QG3LcVPbU=
-21,-63,gh3t80txu6m80fhXWf2RrxcuLL4=,kVc9LPIaMHo9hCBwS5QG3LcVPbU=
-18,-56,gh3t80txu6m80fhXWf2RrxcuLL4=,kVc9LPIaMHo9hCBwS5QG3LcVPbU=
-22,-55,gh3t80txu6m80fhXWf2RrxcuLL4=,kVc9LPIaMHo9hCBwS5QG3LcVPbU=
-32,-60,gh3t80txu6m80fhXWf2RrxcuLL4=,kVc9LPIaMHo9hCBwS5QG3LcVPbU=
-25,-62,gh3t80txu6m80fhXWf2RrxcuLL4=,kVc9LPIaMHo9hCBwS5QG3LcVPbU=
-32,-55,gh3t80txu6m80fhXWf2RrxcuLL4=,kVc9LPIaMHo9hCBwS5QG3LcVPbU=
-31,-54,gh3t80txu6m80fhXWf2RrxcuLL4=,kVc9LPIaMHo9hCBwS5QG3LcVPbU=
-30,-55,gh3t80txu6m80fhXWf2RrxcuLL4=,kVc9LPIaMHo9hCBwS5QG3LcVPbU=
-32,-63,gh3t80txu6m80fhXWf2RrxcuLL4=,kVc9LPIaMHo9hCBwS5QG3LcVPbU=
-26,-54,gh3t80txu6m80fhXWf2RrxcuLL4=,kVc9LPIaMHo9hCBwS5QG3LcVPbU=
-17,-56,gh3t80txu6m80fhXWf2RrxcuLL4=,kVc9LPIaMHo9hCBwS5QG3LcVPbU=
-20,-56,gh3t80txu6m80fhXWf2RrxcuLL4=,kVc9LPIaMHo9hCBwS5QG3LcVPbU=
-26,-56,gh3t80txu6m80fhXWf2RrxcuLL4=,kVc9LPIaMHo9hCBwS5QG3LcVPbU=
-31,-55,gh3t80txu6m80fhXWf2RrxcuLL4=,kVc9LPIaMHo9hCBwS5QG3LcVPbU=
-17,-55,gh3t80txu6m80fhXWf2RrxcuLL4=,kVc9LPIaMHo9hCBwS5QG3LcVPbU=
-21,-56,gh3t80txu6m80fhXWf2RrxcuLL4=,kVc9LPIaMHo9hCBwS5QG3LcVPbU=
-25,-56,gh3t80txu6m80fhXWf2RrxcuLL4=,kVc9LPIaMHo9hCBwS5QG3LcVPbU=
-22,-64,gh3t80txu6m80fhXWf2RrxcuLL4=,kVc9LPIaMHo9hCBwS5QG3LcVPbU=
-21,-62,gh3t80txu6m80fhXWf2RrxcuLL4=,kVc9LPIaMHo9hCBwS5QG3LcVPbU=
-23,-56,gh3t80txu6m80fhXWf2RrxcuLL4=,kVc9LPIaMHo9hCBwS5QG3LcVPbU=
-22,-56,gh3t80txu6m80fhXWf2RrxcuLL4=,kVc9LPIaMHo9hCBwS5QG3LcVPbU=
-19,-56,gh3t80txu6m80fhXWf2RrxcuLL4=,kVc9LPIaMHo9hCBwS5QG3LcVPbU=
-31,-60,gh3t80txu6m80fhXWf2RrxcuLL4=,kVc9LPIaMHo9hCBwS5QG3LcVPbU=
-24,-56,gh3t80txu6m80fhXWf2RrxcuLL4=,kVc9LPIaMHo9hCBwS5QG3LcVPbU=
-28,-56,gh3t80txu6m80fhXWf2RrxcuLL4=,kVc9LPIaMHo9hCBwS5QG3LcVPbU=
-27,-56,gh3t80txu6m80fhXWf2RrxcuLL4=,kVc9LPIaMHo9hCBwS5QG3LcVPbU=
-17,-57,gh3t80txu6m80fhXWf2RrxcuLL4=,kVc9LPIaMHo9hCBwS5QG3LcVPbU=
-31,-56,gh3t80txu6m80fhXWf2RrxcuLL4=,kVc9LPIaMHo9hCBwS5QG3LcVPbU=
-22,-63,gh3t80txu6m80fhXWf2RrxcuLL4=,kVc9LPIaMHo9hCBwS5QG3LcVPbU=
-30,-56,gh3t80txu6m80fhXWf2RrxcuLL4=,kVc9LPIaMHo9hCBwS5QG3LcVPbU=
-25,-57,gh3t80txu6m80fhXWf2RrxcuLL4=,kVc9LPIaMHo9hCBwS5QG3LcVPbU=
-21,-57,gh3t80txu6m80fhXWf2RrxcuLL4=,kVc9LPIaMHo9hCBwS5QG3LcVPbU=
-20,-57,gh3t80txu6m80fhXWf2RrxcuLL4=,kVc9LPIaMHo9hCBwS5QG3LcVPbU=
-29,-56,gh3t80txu6m80fhXWf2RrxcuLL4=,kVc9LPIaMHo9hCBwS5QG3LcVPbU=
-32,-56,gh3t80txu6m80fhXWf2RrxcuLL4=,kVc9LPIaMHo9hCBwS5QG3LcVPbU=
-27,-57,gh3t80txu6m80fhXWf2RrxcuLL4=,kVc9LPIaMHo9hCBwS5QG3LcVPbU=
-30,-60,gh3t80txu6m80fhXWf2RrxcuLL4=,kVc9LPIaMHo9hCBwS5QG3LcVPbU=
-18,-57,gh3t80txu6m80fhXWf2RrxcuLL4=,kVc9LPIaMHo9hCBwS5QG3LcVPbU=
-23,-64,gh3t80txu6m80fhXWf2RrxcuLL4=,kVc9LPIaMHo9hCBwS5QG3LcVPbU=
-23,-57,gh3t80txu6m80fhXWf2RrxcuLL4=,kVc9LPIaMHo9hCBwS5QG3LcVPbU=
-22,-57,gh3t80txu6m80fhXWf2RrxcuLL4=,kVc9LPIaMHo9hCBwS5QG3LcVPbU=
-30,-57,gh3t80txu6m80fhXWf2RrxcuLL4=,kVc9LPIaMHo9hCBwS5QG3LcVPbU=
-23,-63,gh3t80txu6m80fhXWf2RrxcuLL4=,kVc9LPIaMHo9hCBwS5QG3LcVPbU=
-29,-57,gh3t80txu6m80fhXWf2RrxcuLL4=,kVc9LPIaMHo9hCBwS5QG3LcVPbU=
-31,-57,gh3t80txu6m80fhXWf2RrxcuLL4=,kVc9LPIaMHo9hCBwS5QG3LcVPbU=
-28,-57,gh3t80txu6m80fhXWf2RrxcuLL4=,kVc9LPIaMHo9hCBwS5QG3LcVPbU=
-29,-60,gh3t80txu6m80fhXWf2RrxcuLL4=,kVc9LPIaMHo9hCBwS5QG3LcVPbU=
-21,-58,gh3t80txu6m80fhXWf2RrxcuLL4=,kVc9LPIaMHo9hCBwS5QG3LcVPbU=
-22,-62,gh3t80txu6m80fhXWf2RrxcuLL4=,kVc9LPIaMHo9hCBwS5QG3LcVPbU=
-24,-57,gh3t80txu6m80fhXWf2RrxcuLL4=,kVc9LPIaMHo9hCBwS5QG3LcVPbU=
-26,-57,gh3t80txu6m80fhXWf2RrxcuLL4=,kVc9LPIaMHo9hCBwS5QG3LcVPbU=
-17,-58,gh3t80txu6m80fhXWf2RrxcuLL4=,kVc9LPIaMHo9hCBwS5QG3LcVPbU=
-22,-58,gh3t80txu6m80fhXWf2RrxcuLL4=,kVc9LPIaMHo9hCBwS5QG3LcVPbU=
-23,-58,gh3t80txu6m80fhXWf2RrxcuLL4=,kVc9LPIaMHo9hCBwS5QG3LcVPbU=
-20,-58,gh3t80txu6m80fhXWf2RrxcuLL4=,kVc9LPIaMHo9hCBwS5QG3LcVPbU=
-29,-58,gh3t80txu6m80fhXWf2RrxcuLL4=,kVc9LPIaMHo9hCBwS5QG3LcVPbU=
-30,-58,gh3t80txu6m80fhXWf2RrxcuLL4=,kVc9LPIaMHo9hCBwS5QG3LcVPbU=
-28,-60,gh3t80txu6m80fhXWf2RrxcuLL4=,kVc9LPIaMHo9hCBwS5QG3LcVPbU=
-27,-60,gh3t80txu6m80fhXWf2RrxcuLL4=,kVc9LPIaMHo9hCBwS5QG3LcVPbU=
-31,-58,gh3t80txu6m80fhXWf2RrxcuLL4=,kVc9LPIaMHo9hCBwS5QG3LcVPbU=
-24,-64,gh3t80txu6m80fhXWf2RrxcuLL4=,kVc9LPIaMHo9hCBwS5QG3LcVPbU=
-27,-58,gh3t80txu6m80fhXWf2RrxcuLL4=,kVc9LPIaMHo9hCBwS5QG3LcVPbU=
-24,-63,gh3t80txu6m80fhXWf2RrxcuLL4=,kVc9LPIaMHo9hCBwS5QG3LcVPbU=
-28,-58,gh3t80txu6m80fhXWf2RrxcuLL4=,kVc9LPIaMHo9hCBwS5QG3LcVPbU=
-17,-59,gh3t80txu6m80fhXWf2RrxcuLL4=,kVc9LPIaMHo9hCBwS5QG3LcVPbU=
-32,-58,gh3t80txu6m80fhXWf2RrxcuLL4=,kVc9LPIaMHo9hCBwS5QG3LcVPbU=
-26,-60,gh3t80txu6m80fhXWf2RrxcuLL4=,kVc9LPIaMHo9hCBwS5QG3LcVPbU=
-24,-58,gh3t80txu6m80fhXWf2RrxcuLL4=,kVc9LPIaMHo9hCBwS5QG3LcVPbU=
-23,-62,gh3t80txu6m80fhXWf2RrxcuLL4=,kVc9LPIaMHo9hCBwS5QG3LcVPbU=
-18,-59,gh3t80txu6m80fhXWf2RrxcuLL4=,kVc9LPIaMHo9hCBwS5QG3LcVPbU=
-20,-59,gh3t80txu6m80fhXWf2RrxcuLL4=,kVc9LPIaMHo9hCBwS5QG3LcVPbU=
-26,-58,gh3t80txu6m80fhXWf2RrxcuLL4=,kVc9LPIaMHo9hCBwS5QG3LcVPbU=
-19,-59,gh3t80txu6m80fhXWf2RrxcuLL4=,kVc9LPIaMHo9hCBwS5QG3LcVPbU=
-32,-57,gh3t80txu6m80fhXWf2RrxcuLL4=,kVc9LPIaMHo9hCBwS5QG3LcVPbU=
-23,-59,gh3t80txu6m80fhXWf2RrxcuLL4=,kVc9LPIaMHo9hCBwS5QG3LcVPbU=
-19,-57,gh3t80txu6m80fhXWf2RrxcuLL4=,kVc9LPIaMHo9hCBwS5QG3LcVPbU=
-25,-60,gh3t80txu6m80fhXWf2RrxcuLL4=,kVc9LPIaMHo9hCBwS5QG3LcVPbU=
-25,-58,gh3t80txu6m80fhXWf2RrxcuLL4=,kVc9LPIaMHo9hCBwS5QG3LcVPbU=
-18,-58,gh3t80txu6m80fhXWf2RrxcuLL4=,kVc9LPIaMHo9hCBwS5QG3LcVPbU=
-26,-59,gh3t80txu6m80fhXWf2RrxcuLL4=,kVc9LPIaMHo9hCBwS5QG3LcVPbU=
-21,-59,gh3t80txu6m80fhXWf2RrxcuLL4=,kVc9LPIaMHo9hCBwS5QG3LcVPbU=
-24,-59,gh3t80txu6m80fhXWf2RrxcuLL4=,kVc9LPIaMHo9hCBwS5QG3LcVPbU=
-30,-59,gh3t80txu6m80fhXWf2RrxcuLL4=,kVc9LPIaMHo9hCBwS5QG3LcVPbU=
-25,-64,gh3t80txu6m80fhXWf2RrxcuLL4=,kVc9LPIaMHo9hCBwS5QG3LcVPbU=
-25,-63,gh3t80txu6m80fhXWf2RrxcuLL4=,kVc9LPIaMHo9hCBwS5QG3LcVPbU=
-19,-58,gh3t80txu6m80fhXWf2RrxcuLL4=,kVc9LPIaMHo9hCBwS5QG3LcVPbU=
-27,-59,gh3t80txu6m80fhXWf2RrxcuLL4=,kVc9LPIaMHo9hCBwS5QG3LcVPbU=
-22,-59,gh3t80txu6m80fhXWf2RrxcuLL4=,kVc9LPIaMHo9hCBwS5QG3LcVPbU=
-24,-62,gh3t80txu6m80fhXWf2RrxcuLL4=,kVc9LPIaMHo9hCBwS5QG3LcVPbU=
-19,-60,gh3t80txu6m80fhXWf2RrxcuLL4=,kVc9LPIaMHo9hCBwS5QG3LcVPbU=
-24,-60,gh3t80txu6m80fhXWf2RrxcuLL4=,kVc9LPIaMHo9hCBwS5QG3LcVPbU=
-28,-59,gh3t80txu6m80fhXWf2RrxcuLL4=,kVc9LPIaMHo9hCBwS5QG3LcVPbU=
-31,-59,gh3t80txu6m80fhXWf2RrxcuLL4=,kVc9LPIaMHo9hCBwS5QG3LcVPbU=
-32,-59,gh3t80txu6m80fhXWf2RrxcuLL4=,kVc9LPIaMHo9hCBwS5QG3LcVPbU=
-18,-60,gh3t80txu6m80fhXWf2RrxcuLL4=,kVc9LPIaMHo9hCBwS5QG3LcVPbU=
-29,-59,gh3t80txu6m80fhXWf2RrxcuLL4=,kVc9LPIaMHo9hCBwS5QG3LcVPbU=
-23,-60,gh3t80txu6m80fhXWf2RrxcuLL4=,kVc9LPIaMHo9hCBwS5QG3LcVPbU=
-20,-60,gh3t80txu6m80fhXWf2RrxcuLL4=,kVc9LPIaMHo9hCBwS5QG3LcVPbU=
-25,-59,gh3t80txu6m80fhXWf2RrxcuLL4=,kVc9LPIaMHo9hCBwS5QG3LcVPbU=
-17,-60,gh3t80txu6m80fhXWf2RrxcuLL4=,kVc9LPIaMHo9hCBwS5QG3LcVPbU=
-21,-60,gh3t80txu6m80fhXWf2RrxcuLL4=,kVc9LPIaMHo9hCBwS5QG3LcVPbU=
-22,-60,gh3t80txu6m80fhXWf2RrxcuLL4=,kVc9LPIaMHo9hCBwS5QG3LcVPbU=
-28,-47,h3hE8V7jVAdk6eN0IVgEf6gcshw=,QSZjgUSTbxJuYKVknzBHKwL1njc=
-27,-48,h3hE8V7jVAdk6eN0IVgEf6gcshw=,QSZjgUSTbxJuYKVknzBHKwL1njc=
-29,-48,h3hE8V7jVAdk6eN0IVgEf6gcshw=,QSZjgUSTbxJuYKVknzBHKwL1njc=
-28,-46,h3hE8V7jVAdk6eN0IVgEf6gcshw=,QSZjgUSTbxJuYKVknzBHKwL1njc=
-26,-45,h3hE8V7jVAdk6eN0IVgEf6gcshw=,QSZjgUSTbxJuYKVknzBHKwL1njc=
-25,-45,h3hE8V7jVAdk6eN0IVgEf6gcshw=,QSZjgUSTbxJuYKVknzBHKwL1njc=
-31,-48,7eM0bWaI9B+y9sTN5FGT1dcx//k=,QSZjgUSTbxJuYKVknzBHKwL1njc=
-27,-46,7eM0bWaI9B+y9sTN5FGT1dcx//k=,QSZjgUSTbxJuYKVknzBHKwL1njc=
-26,-46,ZtV63GxL4/i+jSOH/j9yojvBMQs=,QSZjgUSTbxJuYKVknzBHKwL1njc=
-28,-45,npqw52z0LCvqAs+9uqLokH+hVoM=,QSZjgUSTbxJuYKVknzBHKwL1njc=
-30,-45,npqw52z0LCvqAs+9uqLokH+hVoM=,QSZjgUSTbxJuYKVknzBHKwL1njc=
-29,-45,npqw52z0LCvqAs+9uqLokH+hVoM=,QSZjgUSTbxJuYKVknzBHKwL1njc=
-24,-45,npqw52z0LCvqAs+9uqLokH+hVoM=,QSZjgUSTbxJuYKVknzBHKwL1njc=
-27,-47,OqU3VFRTWIdT3f0IgZ7FCfQhCWk=,QSZjgUSTbxJuYKVknzBHKwL1njc=
-27,-45,OqU3VFRTWIdT3f0IgZ7FCfQhCWk=,QSZjgUSTbxJuYKVknzBHKwL1njc=
-23,-45,OqU3VFRTWIdT3f0IgZ7FCfQhCWk=,QSZjgUSTbxJuYKVknzBHKwL1njc=
-22,-45,OqU3VFRTWIdT3f0IgZ7FCfQhCWk=,QSZjgUSTbxJuYKVknzBHKwL1njc=
-21,-45,OqU3VFRTWIdT3f0IgZ7FCfQhCWk=,QSZjgUSTbxJuYKVknzBHKwL1njc=
-17,-33,OqU3VFRTWIdT3f0IgZ7FCfQhCWk=,QSZjgUSTbxJuYKVknzBHKwL1njc=
-20,-45,OqU3VFRTWIdT3f0IgZ7FCfQhCWk=,QSZjgUSTbxJuYKVknzBHKwL1njc=
-19,-45,OqU3VFRTWIdT3f0IgZ7FCfQhCWk=,QSZjgUSTbxJuYKVknzBHKwL1njc=
-24,-33,OqU3VFRTWIdT3f0IgZ7FCfQhCWk=,QSZjgUSTbxJuYKVknzBHKwL1njc=
-23,-33,OqU3VFRTWIdT3f0IgZ7FCfQhCWk=,QSZjgUSTbxJuYKVknzBHKwL1njc=
-19,-33,OqU3VFRTWIdT3f0IgZ7FCfQhCWk=,QSZjgUSTbxJuYKVknzBHKwL1njc=
-28,-48,OqU3VFRTWIdT3f0IgZ7FCfQhCWk=,QSZjgUSTbxJuYKVknzBHKwL1njc=
-20,-33,OqU3VFRTWIdT3f0IgZ7FCfQhCWk=,QSZjgUSTbxJuYKVknzBHKwL1njc=
-18,-45,OqU3VFRTWIdT3f0IgZ7FCfQhCWk=,QSZjgUSTbxJuYKVknzBHKwL1njc=
-32,-48,OqU3VFRTWIdT3f0IgZ7FCfQhCWk=,QSZjgUSTbxJuYKVknzBHKwL1njc=
-29,-46,OqU3VFRTWIdT3f0IgZ7FCfQhCWk=,QSZjgUSTbxJuYKVknzBHKwL1njc=
-18,-33,OqU3VFRTWIdT3f0IgZ7FCfQhCWk=,QSZjgUSTbxJuYKVknzBHKwL1njc=
-30,-33,OqU3VFRTWIdT3f0IgZ7FCfQhCWk=,QSZjgUSTbxJuYKVknzBHKwL1njc=
-32,-33,OqU3VFRTWIdT3f0IgZ7FCfQhCWk=,QSZjgUSTbxJuYKVknzBHKwL1njc=
-31,-33,OqU3VFRTWIdT3f0IgZ7FCfQhCWk=,QSZjgUSTbxJuYKVknzBHKwL1njc=
-31,-45,OqU3VFRTWIdT3f0IgZ7FCfQhCWk=,QSZjgUSTbxJuYKVknzBHKwL1njc=
-26,-47,OqU3VFRTWIdT3f0IgZ7FCfQhCWk=,QSZjgUSTbxJuYKVknzBHKwL1njc=
-17,-45,OqU3VFRTWIdT3f0IgZ7FCfQhCWk=,QSZjgUSTbxJuYKVknzBHKwL1njc=
-25,-34,OqU3VFRTWIdT3f0IgZ7FCfQhCWk=,QSZjgUSTbxJuYKVknzBHKwL1njc=
-25,-33,OqU3VFRTWIdT3f0IgZ7FCfQhCWk=,QSZjgUSTbxJuYKVknzBHKwL1njc=
-32,-44,OqU3VFRTWIdT3f0IgZ7FCfQhCWk=,QSZjgUSTbxJuYKVknzBHKwL1njc=
-29,-47,OqU3VFRTWIdT3f0IgZ7FCfQhCWk=,QSZjgUSTbxJuYKVknzBHKwL1njc=
-32,-34,OqU3VFRTWIdT3f0IgZ7FCfQhCWk=,QSZjgUSTbxJuYKVknzBHKwL1njc=
-27,-33,OqU3VFRTWIdT3f0IgZ7FCfQhCWk=,QSZjgUSTbxJuYKVknzBHKwL1njc=
-30,-46,OqU3VFRTWIdT3f0IgZ7FCfQhCWk=,QSZjgUSTbxJuYKVknzBHKwL1njc=
-31,-34,OqU3VFRTWIdT3f0IgZ7FCfQhCWk=,QSZjgUSTbxJuYKVknzBHKwL1njc=
-25,-46,OqU3VFRTWIdT3f0IgZ7FCfQhCWk=,QSZjgUSTbxJuYKVknzBHKwL1njc=
-26,-48,OqU3VFRTWIdT3f0IgZ7FCfQhCWk=,QSZjgUSTbxJuYKVknzBHKwL1njc=
-20,-34,OqU3VFRTWIdT3f0IgZ7FCfQhCWk=,QSZjgUSTbxJuYKVknzBHKwL1njc=
-26,-33,OqU3VFRTWIdT3f0IgZ7FCfQhCWk=,QSZjgUSTbxJuYKVknzBHKwL1njc=
-26,-34,OqU3VFRTWIdT3f0IgZ7FCfQhCWk=,QSZjgUSTbxJuYKVknzBHKwL1njc=
-31,-44,OqU3VFRTWIdT3f0IgZ7FCfQhCWk=,QSZjgUSTbxJuYKVknzBHKwL1njc=
-20,-35,OqU3VFRTWIdT3f0IgZ7FCfQhCWk=,QSZjgUSTbxJuYKVknzBHKwL1njc=
-21,-33,OqU3VFRTWIdT3f0IgZ7FCfQhCWk=,QSZjgUSTbxJuYKVknzBHKwL1njc=
-21,-34,OqU3VFRTWIdT3f0IgZ7FCfQhCWk=,QSZjgUSTbxJuYKVknzBHKwL1njc=
-31,-35,OqU3VFRTWIdT3f0IgZ7FCfQhCWk=,QSZjgUSTbxJuYKVknzBHKwL1njc=
-32,-35,OqU3VFRTWIdT3f0IgZ7FCfQhCWk=,QSZjgUSTbxJuYKVknzBHKwL1njc=
-17,-35,OqU3VFRTWIdT3f0IgZ7FCfQhCWk=,QSZjgUSTbxJuYKVknzBHKwL1njc=
-30,-47,OqU3VFRTWIdT3f0IgZ7FCfQhCWk=,QSZjgUSTbxJuYKVknzBHKwL1njc=
-29,-34,OqU3VFRTWIdT3f0IgZ7FCfQhCWk=,QSZjgUSTbxJuYKVknzBHKwL1njc=
-29,-33,OqU3VFRTWIdT3f0IgZ7FCfQhCWk=,QSZjgUSTbxJuYKVknzBHKwL1njc=
-30,-44,OqU3VFRTWIdT3f0IgZ7FCfQhCWk=,QSZjgUSTbxJuYKVknzBHKwL1njc=
-31,-46,OqU3VFRTWIdT3f0IgZ7FCfQhCWk=,QSZjgUSTbxJuYKVknzBHKwL1njc=
-24,-34,OqU3VFRTWIdT3f0IgZ7FCfQhCWk=,QSZjgUSTbxJuYKVknzBHKwL1njc=
-23,-34,OqU3VFRTWIdT3f0IgZ7FCfQhCWk=,QSZjgUSTbxJuYKVknzBHKwL1njc=
-30,-34,OqU3VFRTWIdT3f0IgZ7FCfQhCWk=,QSZjgUSTbxJuYKVknzBHKwL1njc=
-23,-35,OqU3VFRTWIdT3f0IgZ7FCfQhCWk=,QSZjgUSTbxJuYKVknzBHKwL1njc=
-25,-35,OqU3VFRTWIdT3f0IgZ7FCfQhCWk=,QSZjgUSTbxJuYKVknzBHKwL1njc=
-26,-35,OqU3VFRTWIdT3f0IgZ7FCfQhCWk=,QSZjgUSTbxJuYKVknzBHKwL1njc=
-29,-44,OqU3VFRTWIdT3f0IgZ7FCfQhCWk=,QSZjgUSTbxJuYKVknzBHKwL1njc=
-30,-35,OqU3VFRTWIdT3f0IgZ7FCfQhCWk=,QSZjgUSTbxJuYKVknzBHKwL1njc=
-22,-34,OqU3VFRTWIdT3f0IgZ7FCfQhCWk=,QSZjgUSTbxJuYKVknzBHKwL1njc=
-31,-36,OqU3VFRTWIdT3f0IgZ7FCfQhCWk=,QSZjgUSTbxJuYKVknzBHKwL1njc=
-18,-36,OqU3VFRTWIdT3f0IgZ7FCfQhCWk=,QSZjgUSTbxJuYKVknzBHKwL1njc=
-31,-47,OqU3VFRTWIdT3f0IgZ7FCfQhCWk=,QSZjgUSTbxJuYKVknzBHKwL1njc=
-24,-35,OqU3VFRTWIdT3f0IgZ7FCfQhCWk=,QSZjgUSTbxJuYKVknzBHKwL1njc=
-30,-36,OqU3VFRTWIdT3f0IgZ7FCfQhCWk=,QSZjgUSTbxJuYKVknzBHKwL1njc=
-22,-35,OqU3VFRTWIdT3f0IgZ7FCfQhCWk=,QSZjgUSTbxJuYKVknzBHKwL1njc=
-22,-33,OqU3VFRTWIdT3f0IgZ7FCfQhCWk=,QSZjgUSTbxJuYKVknzBHKwL1njc=
-32,-47,OqU3VFRTWIdT3f0IgZ7FCfQhCWk=,QSZjgUSTbxJuYKVknzBHKwL1njc=
-28,-44,OqU3VFRTWIdT3f0IgZ7FCfQhCWk=,QSZjgUSTbxJuYKVknzBHKwL1njc=
-32,-45,OqU3VFRTWIdT3f0IgZ7FCfQhCWk=,QSZjgUSTbxJuYKVknzBHKwL1njc=
-32,-36,OqU3VFRTWIdT3f0IgZ7FCfQhCWk=,QSZjgUSTbxJuYKVknzBHKwL1njc=
-22,-36,OqU3VFRTWIdT3f0IgZ7FCfQhCWk=,QSZjgUSTbxJuYKVknzBHKwL1njc=
-25,-36,OqU3VFRTWIdT3f0IgZ7FCfQhCWk=,QSZjgUSTbxJuYKVknzBHKwL1njc=
-30,-48,OqU3VFRTWIdT3f0IgZ7FCfQhCWk=,QSZjgUSTbxJuYKVknzBHKwL1njc=
-17,-48,OqU3VFRTWIdT3f0IgZ7FCfQhCWk=,QSZjgUSTbxJuYKVknzBHKwL1njc=
-27,-44,OqU3VFRTWIdT3f0IgZ7FCfQhCWk=,QSZjgUSTbxJuYKVknzBHKwL1njc=
-17,-46,OqU3VFRTWIdT3f0IgZ7FCfQhCWk=,QSZjgUSTbxJuYKVknzBHKwL1njc=
-17,-36,OqU3VFRTWIdT3f0IgZ7FCfQhCWk=,QSZjgUSTbxJuYKVknzBHKwL1njc=
-32,-46,OqU3VFRTWIdT3f0IgZ7FCfQhCWk=,QSZjgUSTbxJuYKVknzBHKwL1njc=
-18,-47,OqU3VFRTWIdT3f0IgZ7FCfQhCWk=,QSZjgUSTbxJuYKVknzBHKwL1njc=
-17,-47,OqU3VFRTWIdT3f0IgZ7FCfQhCWk=,QSZjgUSTbxJuYKVknzBHKwL1njc=
-18,-48,OqU3VFRTWIdT3f0IgZ7FCfQhCWk=,QSZjgUSTbxJuYKVknzBHKwL1njc=
-28,-33,OqU3VFRTWIdT3f0IgZ7FCfQhCWk=,QSZjgUSTbxJuYKVknzBHKwL1njc=
-19,-35,OqU3VFRTWIdT3f0IgZ7FCfQhCWk=,QSZjgUSTbxJuYKVknzBHKwL1njc=
-26,-44,OqU3VFRTWIdT3f0IgZ7FCfQhCWk=,QSZjgUSTbxJuYKVknzBHKwL1njc=
-18,-35,OqU3VFRTWIdT3f0IgZ7FCfQhCWk=,QSZjgUSTbxJuYKVknzBHKwL1njc=
-18,-34,OqU3VFRTWIdT3f0IgZ7FCfQhCWk=,QSZjgUSTbxJuYKVknzBHKwL1njc=
-28,-35,OqU3VFRTWIdT3f0IgZ7FCfQhCWk=,QSZjgUSTbxJuYKVknzBHKwL1njc=
-29,-35,OqU3VFRTWIdT3f0IgZ7FCfQhCWk=,QSZjgUSTbxJuYKVknzBHKwL1njc=
-19,-34,OqU3VFRTWIdT3f0IgZ7FCfQhCWk=,QSZjgUSTbxJuYKVknzBHKwL1njc=
-24,-36,OqU3VFRTWIdT3f0IgZ7FCfQhCWk=,QSZjgUSTbxJuYKVknzBHKwL1njc=
-23,-36,OqU3VFRTWIdT3f0IgZ7FCfQhCWk=,QSZjgUSTbxJuYKVknzBHKwL1njc=
-27,-36,OqU3VFRTWIdT3f0IgZ7FCfQhCWk=,QSZjgUSTbxJuYKVknzBHKwL1njc=
-24,-37,OqU3VFRTWIdT3f0IgZ7FCfQhCWk=,QSZjgUSTbxJuYKVknzBHKwL1njc=
-27,-35,OqU3VFRTWIdT3f0IgZ7FCfQhCWk=,QSZjgUSTbxJuYKVknzBHKwL1njc=
-23,-37,OqU3VFRTWIdT3f0IgZ7FCfQhCWk=,QSZjgUSTbxJuYKVknzBHKwL1njc=
-27,-34,OqU3VFRTWIdT3f0IgZ7FCfQhCWk=,QSZjgUSTbxJuYKVknzBHKwL1njc=
-17,-37,OqU3VFRTWIdT3f0IgZ7FCfQhCWk=,QSZjgUSTbxJuYKVknzBHKwL1njc=
-20,-36,OqU3VFRTWIdT3f0IgZ7FCfQhCWk=,QSZjgUSTbxJuYKVknzBHKwL1njc=
-28,-34,OqU3VFRTWIdT3f0IgZ7FCfQhCWk=,QSZjgUSTbxJuYKVknzBHKwL1njc=
-29,-36,OqU3VFRTWIdT3f0IgZ7FCfQhCWk=,QSZjgUSTbxJuYKVknzBHKwL1njc=
-28,-36,OqU3VFRTWIdT3f0IgZ7FCfQhCWk=,QSZjgUSTbxJuYKVknzBHKwL1njc=
-21,-36,OqU3VFRTWIdT3f0IgZ7FCfQhCWk=,QSZjgUSTbxJuYKVknzBHKwL1njc=
-21,-35,OqU3VFRTWIdT3f0IgZ7FCfQhCWk=,QSZjgUSTbxJuYKVknzBHKwL1njc=
-17,-34,OqU3VFRTWIdT3f0IgZ7FCfQhCWk=,QSZjgUSTbxJuYKVknzBHKwL1njc=
-23,-44,OqU3VFRTWIdT3f0IgZ7FCfQhCWk=,QSZjgUSTbxJuYKVknzBHKwL1njc=
-19,-36,OqU3VFRTWIdT3f0IgZ7FCfQhCWk=,QSZjgUSTbxJuYKVknzBHKwL1njc=
-24,-44,OqU3VFRTWIdT3f0IgZ7FCfQhCWk=,QSZjgUSTbxJuYKVknzBHKwL1njc=
-26,-36,OqU3VFRTWIdT3f0IgZ7FCfQhCWk=,QSZjgUSTbxJuYKVknzBHKwL1njc=
-21,-44,OqU3VFRTWIdT3f0IgZ7FCfQhCWk=,QSZjgUSTbxJuYKVknzBHKwL1njc=
-22,-44,OqU3VFRTWIdT3f0IgZ7FCfQhCWk=,QSZjgUSTbxJuYKVknzBHKwL1njc=
-19,-44,OqU3VFRTWIdT3f0IgZ7FCfQhCWk=,QSZjgUSTbxJuYKVknzBHKwL1njc=
-18,-44,OqU3VFRTWIdT3f0IgZ7FCfQhCWk=,QSZjgUSTbxJuYKVknzBHKwL1njc=
-20,-44,OqU3VFRTWIdT3f0IgZ7FCfQhCWk=,QSZjgUSTbxJuYKVknzBHKwL1njc=
-17,-44,OqU3VFRTWIdT3f0IgZ7FCfQhCWk=,QSZjgUSTbxJuYKVknzBHKwL1njc=
-22,-37,OqU3VFRTWIdT3f0IgZ7FCfQhCWk=,QSZjgUSTbxJuYKVknzBHKwL1njc=
-32,-43,OqU3VFRTWIdT3f0IgZ7FCfQhCWk=,QSZjgUSTbxJuYKVknzBHKwL1njc=
-25,-44,OqU3VFRTWIdT3f0IgZ7FCfQhCWk=,QSZjgUSTbxJuYKVknzBHKwL1njc=
-28,-43,OqU3VFRTWIdT3f0IgZ7FCfQhCWk=,QSZjgUSTbxJuYKVknzBHKwL1njc=
-27,-43,OqU3VFRTWIdT3f0IgZ7FCfQhCWk=,QSZjgUSTbxJuYKVknzBHKwL1njc=
-30,-43,OqU3VFRTWIdT3f0IgZ7FCfQhCWk=,QSZjgUSTbxJuYKVknzBHKwL1njc=
-24,-46,OqU3VFRTWIdT3f0IgZ7FCfQhCWk=,QSZjgUSTbxJuYKVknzBHKwL1njc=
-29,-43,OqU3VFRTWIdT3f0IgZ7FCfQhCWk=,QSZjgUSTbxJuYKVknzBHKwL1njc=
-25,-47,OqU3VFRTWIdT3f0IgZ7FCfQhCWk=,QSZjgUSTbxJuYKVknzBHKwL1njc=
-31,-43,OqU3VFRTWIdT3f0IgZ7FCfQhCWk=,QSZjgUSTbxJuYKVknzBHKwL1njc=
-23,-43,OqU3VFRTWIdT3f0IgZ7FCfQhCWk=,QSZjgUSTbxJuYKVknzBHKwL1njc=
-25,-48,OqU3VFRTWIdT3f0IgZ7FCfQhCWk=,QSZjgUSTbxJuYKVknzBHKwL1njc=
-26,-43,OqU3VFRTWIdT3f0IgZ7FCfQhCWk=,QSZjgUSTbxJuYKVknzBHKwL1njc=
-20,-43,OqU3VFRTWIdT3f0IgZ7FCfQhCWk=,QSZjgUSTbxJuYKVknzBHKwL1njc=
-22,-43,OqU3VFRTWIdT3f0IgZ7FCfQhCWk=,QSZjgUSTbxJuYKVknzBHKwL1njc=
-21,-43,OqU3VFRTWIdT3f0IgZ7FCfQhCWk=,QSZjgUSTbxJuYKVknzBHKwL1njc=
-25,-43,OqU3VFRTWIdT3f0IgZ7FCfQhCWk=,QSZjgUSTbxJuYKVknzBHKwL1njc=
-24,-43,OqU3VFRTWIdT3f0IgZ7FCfQhCWk=,QSZjgUSTbxJuYKVknzBHKwL1njc=
-19,-43,OqU3VFRTWIdT3f0IgZ7FCfQhCWk=,QSZjgUSTbxJuYKVknzBHKwL1njc=
-18,-43,OqU3VFRTWIdT3f0IgZ7FCfQhCWk=,QSZjgUSTbxJuYKVknzBHKwL1njc=
-31,-42,OqU3VFRTWIdT3f0IgZ7FCfQhCWk=,QSZjgUSTbxJuYKVknzBHKwL1njc=
-32,-42,OqU3VFRTWIdT3f0IgZ7FCfQhCWk=,QSZjgUSTbxJuYKVknzBHKwL1njc=
-17,-43,OqU3VFRTWIdT3f0IgZ7FCfQhCWk=,QSZjgUSTbxJuYKVknzBHKwL1njc=
-18,-37,OqU3VFRTWIdT3f0IgZ7FCfQhCWk=,QSZjgUSTbxJuYKVknzBHKwL1njc=
-24,-48,OqU3VFRTWIdT3f0IgZ7FCfQhCWk=,QSZjgUSTbxJuYKVknzBHKwL1njc=
-24,-47,OqU3VFRTWIdT3f0IgZ7FCfQhCWk=,QSZjgUSTbxJuYKVknzBHKwL1njc=
-24,-42,OqU3VFRTWIdT3f0IgZ7FCfQhCWk=,QSZjgUSTbxJuYKVknzBHKwL1njc=
-23,-42,OqU3VFRTWIdT3f0IgZ7FCfQhCWk=,QSZjgUSTbxJuYKVknzBHKwL1njc=
-30,-42,OqU3VFRTWIdT3f0IgZ7FCfQhCWk=,QSZjgUSTbxJuYKVknzBHKwL1njc=
-29,-42,OqU3VFRTWIdT3f0IgZ7FCfQhCWk=,QSZjgUSTbxJuYKVknzBHKwL1njc=
-22,-42,OqU3VFRTWIdT3f0IgZ7FCfQhCWk=,QSZjgUSTbxJuYKVknzBHKwL1njc=
-21,-42,OqU3VFRTWIdT3f0IgZ7FCfQhCWk=,QSZjgUSTbxJuYKVknzBHKwL1njc=
-25,-42,OqU3VFRTWIdT3f0IgZ7FCfQhCWk=,QSZjgUSTbxJuYKVknzBHKwL1njc=
-28,-42,OqU3VFRTWIdT3f0IgZ7FCfQhCWk=,QSZjgUSTbxJuYKVknzBHKwL1njc=
-26,-42,OqU3VFRTWIdT3f0IgZ7FCfQhCWk=,QSZjgUSTbxJuYKVknzBHKwL1njc=
-23,-46,OqU3VFRTWIdT3f0IgZ7FCfQhCWk=,QSZjgUSTbxJuYKVknzBHKwL1njc=
-22,-46,OqU3VFRTWIdT3f0IgZ7FCfQhCWk=,QSZjgUSTbxJuYKVknzBHKwL1njc=
-32,-41,OqU3VFRTWIdT3f0IgZ7FCfQhCWk=,QSZjgUSTbxJuYKVknzBHKwL1njc=
-31,-41,OqU3VFRTWIdT3f0IgZ7FCfQhCWk=,QSZjgUSTbxJuYKVknzBHKwL1njc=
-27,-42,OqU3VFRTWIdT3f0IgZ7FCfQhCWk=,QSZjgUSTbxJuYKVknzBHKwL1njc=
-23,-48,OqU3VFRTWIdT3f0IgZ7FCfQhCWk=,QSZjgUSTbxJuYKVknzBHKwL1njc=
-29,-41,OqU3VFRTWIdT3f0IgZ7FCfQhCWk=,QSZjgUSTbxJuYKVknzBHKwL1njc=
-20,-42,OqU3VFRTWIdT3f0IgZ7FCfQhCWk=,QSZjgUSTbxJuYKVknzBHKwL1njc=
-26,-41,OqU3VFRTWIdT3f0IgZ7FCfQhCWk=,QSZjgUSTbxJuYKVknzBHKwL1njc=
-28,-41,OqU3VFRTWIdT3f0IgZ7FCfQhCWk=,QSZjgUSTbxJuYKVknzBHKwL1njc=
-30,-41,OqU3VFRTWIdT3f0IgZ7FCfQhCWk=,QSZjgUSTbxJuYKVknzBHKwL1njc=
-23,-41,OqU3VFRTWIdT3f0IgZ7FCfQhCWk=,QSZjgUSTbxJuYKVknzBHKwL1njc=
-24,-41,OqU3VFRTWIdT3f0IgZ7FCfQhCWk=,QSZjgUSTbxJuYKVknzBHKwL1njc=
-25,-41,OqU3VFRTWIdT3f0IgZ7FCfQhCWk=,QSZjgUSTbxJuYKVknzBHKwL1njc=
-27,-41,OqU3VFRTWIdT3f0IgZ7FCfQhCWk=,QSZjgUSTbxJuYKVknzBHKwL1njc=
-23,-47,OqU3VFRTWIdT3f0IgZ7FCfQhCWk=,QSZjgUSTbxJuYKVknzBHKwL1njc=
-22,-41,OqU3VFRTWIdT3f0IgZ7FCfQhCWk=,QSZjgUSTbxJuYKVknzBHKwL1njc=
-22,-47,OqU3VFRTWIdT3f0IgZ7FCfQhCWk=,QSZjgUSTbxJuYKVknzBHKwL1njc=
-19,-42,OqU3VFRTWIdT3f0IgZ7FCfQhCWk=,QSZjgUSTbxJuYKVknzBHKwL1njc=
-21,-41,OqU3VFRTWIdT3f0IgZ7FCfQhCWk=,QSZjgUSTbxJuYKVknzBHKwL1njc=
-21,-46,OqU3VFRTWIdT3f0IgZ7FCfQhCWk=,QSZjgUSTbxJuYKVknzBHKwL1njc=
-32,-40,OqU3VFRTWIdT3f0IgZ7FCfQhCWk=,QSZjgUSTbxJuYKVknzBHKwL1njc=
-22,-48,OqU3VFRTWIdT3f0IgZ7FCfQhCWk=,QSZjgUSTbxJuYKVknzBHKwL1njc=
-18,-42,OqU3VFRTWIdT3f0IgZ7FCfQhCWk=,QSZjgUSTbxJuYKVknzBHKwL1njc=
-17,-42,OqU3VFRTWIdT3f0IgZ7FCfQhCWk=,QSZjgUSTbxJuYKVknzBHKwL1njc=
-31,-40,OqU3VFRTWIdT3f0IgZ7FCfQhCWk=,QSZjgUSTbxJuYKVknzBHKwL1njc=
-20,-41,OqU3VFRTWIdT3f0IgZ7FCfQhCWk=,QSZjgUSTbxJuYKVknzBHKwL1njc=
-26,-40,OqU3VFRTWIdT3f0IgZ7FCfQhCWk=,QSZjgUSTbxJuYKVknzBHKwL1njc=
-30,-40,OqU3VFRTWIdT3f0IgZ7FCfQhCWk=,QSZjgUSTbxJuYKVknzBHKwL1njc=
-24,-40,OqU3VFRTWIdT3f0IgZ7FCfQhCWk=,QSZjgUSTbxJuYKVknzBHKwL1njc=
-29,-40,OqU3VFRTWIdT3f0IgZ7FCfQhCWk=,QSZjgUSTbxJuYKVknzBHKwL1njc=
-20,-37,OqU3VFRTWIdT3f0IgZ7FCfQhCWk=,QSZjgUSTbxJuYKVknzBHKwL1njc=
-28,-40,OqU3VFRTWIdT3f0IgZ7FCfQhCWk=,QSZjgUSTbxJuYKVknzBHKwL1njc=
-25,-40,OqU3VFRTWIdT3f0IgZ7FCfQhCWk=,QSZjgUSTbxJuYKVknzBHKwL1njc=
-27,-40,OqU3VFRTWIdT3f0IgZ7FCfQhCWk=,QSZjgUSTbxJuYKVknzBHKwL1njc=
-19,-41,OqU3VFRTWIdT3f0IgZ7FCfQhCWk=,QSZjgUSTbxJuYKVknzBHKwL1njc=
-23,-40,OqU3VFRTWIdT3f0IgZ7FCfQhCWk=,QSZjgUSTbxJuYKVknzBHKwL1njc=
-20,-46,OqU3VFRTWIdT3f0IgZ7FCfQhCWk=,QSZjgUSTbxJuYKVknzBHKwL1njc=
-21,-37,OqU3VFRTWIdT3f0IgZ7FCfQhCWk=,QSZjgUSTbxJuYKVknzBHKwL1njc=
-21,-47,OqU3VFRTWIdT3f0IgZ7FCfQhCWk=,QSZjgUSTbxJuYKVknzBHKwL1njc=
-22,-40,OqU3VFRTWIdT3f0IgZ7FCfQhCWk=,QSZjgUSTbxJuYKVknzBHKwL1njc=
-19,-37,OqU3VFRTWIdT3f0IgZ7FCfQhCWk=,QSZjgUSTbxJuYKVknzBHKwL1njc=
-31,-39,OqU3VFRTWIdT3f0IgZ7FCfQhCWk=,QSZjgUSTbxJuYKVknzBHKwL1njc=
-30,-39,OqU3VFRTWIdT3f0IgZ7FCfQhCWk=,QSZjgUSTbxJuYKVknzBHKwL1njc=
-18,-41,OqU3VFRTWIdT3f0IgZ7FCfQhCWk=,QSZjgUSTbxJuYKVknzBHKwL1njc=
-32,-39,OqU3VFRTWIdT3f0IgZ7FCfQhCWk=,QSZjgUSTbxJuYKVknzBHKwL1njc=
-28,-39,OqU3VFRTWIdT3f0IgZ7FCfQhCWk=,QSZjgUSTbxJuYKVknzBHKwL1njc=
-21,-48,OqU3VFRTWIdT3f0IgZ7FCfQhCWk=,QSZjgUSTbxJuYKVknzBHKwL1njc=
-19,-46,OqU3VFRTWIdT3f0IgZ7FCfQhCWk=,QSZjgUSTbxJuYKVknzBHKwL1njc=
-21,-40,OqU3VFRTWIdT3f0IgZ7FCfQhCWk=,QSZjgUSTbxJuYKVknzBHKwL1njc=
-25,-39,OqU3VFRTWIdT3f0IgZ7FCfQhCWk=,QSZjgUSTbxJuYKVknzBHKwL1njc=
-26,-39,OqU3VFRTWIdT3f0IgZ7FCfQhCWk=,QSZjgUSTbxJuYKVknzBHKwL1njc=
-27,-39,OqU3VFRTWIdT3f0IgZ7FCfQhCWk=,QSZjgUSTbxJuYKVknzBHKwL1njc=
-20,-47,OqU3VFRTWIdT3f0IgZ7FCfQhCWk=,QSZjgUSTbxJuYKVknzBHKwL1njc=
-29,-39,OqU3VFRTWIdT3f0IgZ7FCfQhCWk=,QSZjgUSTbxJuYKVknzBHKwL1njc=
-20,-48,OqU3VFRTWIdT3f0IgZ7FCfQhCWk=,QSZjgUSTbxJuYKVknzBHKwL1njc=
-32,-38,OqU3VFRTWIdT3f0IgZ7FCfQhCWk=,QSZjgUSTbxJuYKVknzBHKwL1njc=
-31,-38,OqU3VFRTWIdT3f0IgZ7FCfQhCWk=,QSZjgUSTbxJuYKVknzBHKwL1njc=
-17,-41,OqU3VFRTWIdT3f0IgZ7FCfQhCWk=,QSZjgUSTbxJuYKVknzBHKwL1njc=
-30,-38,OqU3VFRTWIdT3f0IgZ7FCfQhCWk=,QSZjgUSTbxJuYKVknzBHKwL1njc=
-19,-47,OqU3VFRTWIdT3f0IgZ7FCfQhCWk=,QSZjgUSTbxJuYKVknzBHKwL1njc=
-24,-39,OqU3VFRTWIdT3f0IgZ7FCfQhCWk=,QSZjgUSTbxJuYKVknzBHKwL1njc=
-29,-38,OqU3VFRTWIdT3f0IgZ7FCfQhCWk=,QSZjgUSTbxJuYKVknzBHKwL1njc=
-31,-37,OqU3VFRTWIdT3f0IgZ7FCfQhCWk=,QSZjgUSTbxJuYKVknzBHKwL1njc=
-23,-39,OqU3VFRTWIdT3f0IgZ7FCfQhCWk=,QSZjgUSTbxJuYKVknzBHKwL1njc=
-24,-38,OqU3VFRTWIdT3f0IgZ7FCfQhCWk=,QSZjgUSTbxJuYKVknzBHKwL1njc=
-23,-38,OqU3VFRTWIdT3f0IgZ7FCfQhCWk=,QSZjgUSTbxJuYKVknzBHKwL1njc=
-22,-39,OqU3VFRTWIdT3f0IgZ7FCfQhCWk=,QSZjgUSTbxJuYKVknzBHKwL1njc=
-25,-38,OqU3VFRTWIdT3f0IgZ7FCfQhCWk=,QSZjgUSTbxJuYKVknzBHKwL1njc=
-30,-37,OqU3VFRTWIdT3f0IgZ7FCfQhCWk=,QSZjgUSTbxJuYKVknzBHKwL1njc=
-32,-37,OqU3VFRTWIdT3f0IgZ7FCfQhCWk=,QSZjgUSTbxJuYKVknzBHKwL1njc=
-19,-48,OqU3VFRTWIdT3f0IgZ7FCfQhCWk=,QSZjgUSTbxJuYKVknzBHKwL1njc=
-27,-38,OqU3VFRTWIdT3f0IgZ7FCfQhCWk=,QSZjgUSTbxJuYKVknzBHKwL1njc=
-18,-46,OqU3VFRTWIdT3f0IgZ7FCfQhCWk=,QSZjgUSTbxJuYKVknzBHKwL1njc=
-26,-38,OqU3VFRTWIdT3f0IgZ7FCfQhCWk=,QSZjgUSTbxJuYKVknzBHKwL1njc=
-21,-39,OqU3VFRTWIdT3f0IgZ7FCfQhCWk=,QSZjgUSTbxJuYKVknzBHKwL1njc=
-28,-38,OqU3VFRTWIdT3f0IgZ7FCfQhCWk=,QSZjgUSTbxJuYKVknzBHKwL1njc=
-17,-38,OqU3VFRTWIdT3f0IgZ7FCfQhCWk=,QSZjgUSTbxJuYKVknzBHKwL1njc=
-25,-37,OqU3VFRTWIdT3f0IgZ7FCfQhCWk=,QSZjgUSTbxJuYKVknzBHKwL1njc=
-26,-37,OqU3VFRTWIdT3f0IgZ7FCfQhCWk=,QSZjgUSTbxJuYKVknzBHKwL1njc=
-17,-40,OqU3VFRTWIdT3f0IgZ7FCfQhCWk=,QSZjgUSTbxJuYKVknzBHKwL1njc=
-22,-38,OqU3VFRTWIdT3f0IgZ7FCfQhCWk=,QSZjgUSTbxJuYKVknzBHKwL1njc=
-20,-39,OqU3VFRTWIdT3f0IgZ7FCfQhCWk=,QSZjgUSTbxJuYKVknzBHKwL1njc=
-29,-37,OqU3VFRTWIdT3f0IgZ7FCfQhCWk=,QSZjgUSTbxJuYKVknzBHKwL1njc=
-28,-37,OqU3VFRTWIdT3f0IgZ7FCfQhCWk=,QSZjgUSTbxJuYKVknzBHKwL1njc=
-20,-40,OqU3VFRTWIdT3f0IgZ7FCfQhCWk=,QSZjgUSTbxJuYKVknzBHKwL1njc=
-21,-38,OqU3VFRTWIdT3f0IgZ7FCfQhCWk=,QSZjgUSTbxJuYKVknzBHKwL1njc=
-27,-37,OqU3VFRTWIdT3f0IgZ7FCfQhCWk=,QSZjgUSTbxJuYKVknzBHKwL1njc=
-18,-40,OqU3VFRTWIdT3f0IgZ7FCfQhCWk=,QSZjgUSTbxJuYKVknzBHKwL1njc=
-19,-39,OqU3VFRTWIdT3f0IgZ7FCfQhCWk=,QSZjgUSTbxJuYKVknzBHKwL1njc=
-20,-38,OqU3VFRTWIdT3f0IgZ7FCfQhCWk=,QSZjgUSTbxJuYKVknzBHKwL1njc=
-17,-39,OqU3VFRTWIdT3f0IgZ7FCfQhCWk=,QSZjgUSTbxJuYKVknzBHKwL1njc=
-19,-38,OqU3VFRTWIdT3f0IgZ7FCfQhCWk=,QSZjgUSTbxJuYKVknzBHKwL1njc=
-18,-38,OqU3VFRTWIdT3f0IgZ7FCfQhCWk=,QSZjgUSTbxJuYKVknzBHKwL1njc=
-18,-39,OqU3VFRTWIdT3f0IgZ7FCfQhCWk=,QSZjgUSTbxJuYKVknzBHKwL1njc=
-19,-40,OqU3VFRTWIdT3f0IgZ7FCfQhCWk=,QSZjgUSTbxJuYKVknzBHKwL1njc=
