-154,100,ulboIhdp+3DE3Qtf0BQzh/CfsgY=,KVtrp/J/EoCAFyOlcQOmCPBdSiY=
-152,96,ulboIhdp+3DE3Qtf0BQzh/CfsgY=,KVtrp/J/EoCAFyOlcQOmCPBdSiY=
-155,100,ulboIhdp+3DE3Qtf0BQzh/CfsgY=,KVtrp/J/EoCAFyOlcQOmCPBdSiY=
-146,98,ulboIhdp+3DE3Qtf0BQzh/CfsgY=,KVtrp/J/EoCAFyOlcQOmCPBdSiY=
-154,96,ulboIhdp+3DE3Qtf0BQzh/CfsgY=,KVtrp/J/EoCAFyOlcQOmCPBdSiY=
-156,100,ulboIhdp+3DE3Qtf0BQzh/CfsgY=,KVtrp/J/EoCAFyOlcQOmCPBdSiY=
-145,99,ulboIhdp+3DE3Qtf0BQzh/CfsgY=,KVtrp/J/EoCAFyOlcQOmCPBdSiY=
-149,97,ulboIhdp+3DE3Qtf0BQzh/CfsgY=,KVtrp/J/EoCAFyOlcQOmCPBdSiY=
-157,100,ulboIhdp+3DE3Qtf0BQzh/CfsgY=,KVtrp/J/EoCAFyOlcQOmCPBdSiY=
-150,97,ulboIhdp+3DE3Qtf0BQzh/CfsgY=,KVtrp/J/EoCAFyOlcQOmCPBdSiY=
-146,99,ulboIhdp+3DE3Qtf0BQzh/CfsgY=,KVtrp/J/EoCAFyOlcQOmCPBdSiY=
-156,96,ulboIhdp+3DE3Qtf0BQzh/CfsgY=,KVtrp/J/EoCAFyOlcQOmCPBdSiY=
-147,98,ulboIhdp+3DE3Qtf0BQzh/CfsgY=,KVtrp/J/EoCAFyOlcQOmCPBdSiY=
-153,96,ulboIhdp+3DE3Qtf0BQzh/CfsgY=,KVtrp/J/EoCAFyOlcQOmCPBdSiY=
-157,111,ulboIhdp+3DE3Qtf0BQzh/CfsgY=,KVtrp/J/EoCAFyOlcQOmCPBdSiY=
-156,111,ulboIhdp+3DE3Qtf0BQzh/CfsgY=,KVtrp/J/EoCAFyOlcQOmCPBdSiY=
-155,111,ulboIhdp+3DE3Qtf0BQzh/CfsgY=,KVtrp/J/EoCAFyOlcQOmCPBdSiY=
-153,111,ulboIhdp+3DE3Qtf0BQzh/CfsgY=,KVtrp/J/EoCAFyOlcQOmCPBdSiY=
-154,111,ulboIhdp+3DE3Qtf0BQzh/CfsgY=,KVtrp/J/EoCAFyOlcQOmCPBdSiY=
-152,111,ulboIhdp+3DE3Qtf0BQzh/CfsgY=,KVtrp/J/EoCAFyOlcQOmCPBdSiY=
-151,111,ulboIhdp+3DE3Qtf0BQzh/CfsgY=,KVtrp/J/EoCAFyOlcQOmCPBdSiY=
-150,111,ulboIhdp+3DE3Qtf0BQzh/CfsgY=,KVtrp/J/EoCAFyOlcQOmCPBdSiY=
-147,99,ulboIhdp+3DE3Qtf0BQzh/CfsgY=,KVtrp/J/EoCAFyOlcQOmCPBdSiY=
-145,111,ulboIhdp+3DE3Qtf0BQzh/CfsgY=,KVtrp/J/EoCAFyOlcQOmCPBdSiY=
-148,98,ulboIhdp+3DE3Qtf0BQzh/CfsgY=,KVtrp/J/EoCAFyOlcQOmCPBdSiY=
-151,97,ulboIhdp+3DE3Qtf0BQzh/CfsgY=,KVtrp/J/EoCAFyOlcQOmCPBdSiY=
-149,98,ulboIhdp+3DE3Qtf0BQzh/CfsgY=,KVtrp/J/EoCAFyOlcQOmCPBdSiY=
-157,96,ulboIhdp+3DE3Qtf0BQzh/CfsgY=,KVtrp/J/EoCAFyOlcQOmCPBdSiY=
-150,98,ulboIhdp+3DE3Qtf0BQzh/CfsgY=,KVtrp/J/EoCAFyOlcQOmCPBdSiY=
-152,97,ulboIhdp+3DE3Qtf0BQzh/CfsgY=,KVtrp/J/EoCAFyOlcQOmCPBdSiY=
-149,111,ulboIhdp+3DE3Qtf0BQzh/CfsgY=,KVtrp/J/EoCAFyOlcQOmCPBdSiY=
-153,97,ulboIhdp+3DE3Qtf0BQzh/CfsgY=,KVtrp/J/EoCAFyOlcQOmCPBdSiY=
-154,97,ulboIhdp+3DE3Qtf0BQzh/CfsgY=,KVtrp/J/EoCAFyOlcQOmCPBdSiY=
-148,99,ulboIhdp+3DE3Qtf0BQzh/CfsgY=,KVtrp/J/EoCAFyOlcQOmCPBdSiY=
-155,97,ulboIhdp+3DE3Qtf0BQzh/CfsgY=,KVtrp/J/EoCAFyOlcQOmCPBdSiY=
-151,98,ulboIhdp+3DE3Qtf0BQzh/CfsgY=,KVtrp/J/EoCAFyOlcQOmCPBdSiY=
-155,96,ulboIhdp+3DE3Qtf0BQzh/CfsgY=,KVtrp/J/EoCAFyOlcQOmCPBdSiY=
-156,97,ulboIhdp+3DE3Qtf0BQzh/CfsgY=,KVtrp/J/EoCAFyOlcQOmCPBdSiY=
-149,99,ulboIhdp+3DE3Qtf0BQzh/CfsgY=,KVtrp/J/EoCAFyOlcQOmCPBdSiY=
-152,98,ulboIhdp+3DE3Qtf0BQzh/CfsgY=,KVtrp/J/EoCAFyOlcQOmCPBdSiY=
-153,98,ulboIhdp+3DE3Qtf0BQzh/CfsgY=,KVtrp/J/EoCAFyOlcQOmCPBdSiY=
-149,110,ulboIhdp+3DE3Qtf0BQzh/CfsgY=,KVtrp/J/EoCAFyOlcQOmCPBdSiY=
-150,110,ulboIhdp+3DE3Qtf0BQzh/CfsgY=,KVtrp/J/EoCAFyOlcQOmCPBdSiY=
-151,110,ulboIhdp+3DE3Qtf0BQzh/CfsgY=,KVtrp/J/EoCAFyOlcQOmCPBdSiY=
-152,110,ulboIhdp+3DE3Qtf0BQzh/CfsgY=,KVtrp/J/EoCAFyOlcQOmCPBdSiY=
-153,110,ulboIhdp+3DE3Qtf0BQzh/CfsgY=,KVtrp/J/EoCAFyOlcQOmCPBdSiY=
-154,110,ulboIhdp+3DE3Qtf0BQzh/CfsgY=,KVtrp/J/EoCAFyOlcQOmCPBdSiY=
-155,110,ulboIhdp+3DE3Qtf0BQzh/CfsgY=,KVtrp/J/EoCAFyOlcQOmCPBdSiY=
-156,110,ulboIhdp+3DE3Qtf0BQzh/CfsgY=,KVtrp/J/EoCAFyOlcQOmCPBdSiY=
-145,109,ulboIhdp+3DE3Qtf0BQzh/CfsgY=,KVtrp/J/EoCAFyOlcQOmCPBdSiY=
-157,110,ulboIhdp+3DE3Qtf0BQzh/CfsgY=,KVtrp/J/EoCAFyOlcQOmCPBdSiY=
-147,109,ulboIhdp+3DE3Qtf0BQzh/CfsgY=,KVtrp/J/EoCAFyOlcQOmCPBdSiY=
-148,111,ulboIhdp+3DE3Qtf0BQzh/CfsgY=,KVtrp/J/EoCAFyOlcQOmCPBdSiY=
-149,109,ulboIhdp+3DE3Qtf0BQzh/CfsgY=,KVtrp/J/EoCAFyOlcQOmCPBdSiY=
-150,109,ulboIhdp+3DE3Qtf0BQzh/CfsgY=,KVtrp/J/EoCAFyOlcQOmCPBdSiY=
-150,99,ulboIhdp+3DE3Qtf0BQzh/CfsgY=,KVtrp/J/EoCAFyOlcQOmCPBdSiY=
-151,109,ulboIhdp+3DE3Qtf0BQzh/CfsgY=,KVtrp/J/EoCAFyOlcQOmCPBdSiY=
-154,98,ulboIhdp+3DE3Qtf0BQzh/CfsgY=,KVtrp/J/EoCAFyOlcQOmCPBdSiY=
-152,109,ulboIhdp+3DE3Qtf0BQzh/CfsgY=,KVtrp/J/EoCAFyOlcQOmCPBdSiY=
-153,109,ulboIhdp+3DE3Qtf0BQzh/CfsgY=,KVtrp/J/EoCAFyOlcQOmCPBdSiY=
-154,109,ulboIhdp+3DE3Qtf0BQzh/CfsgY=,KVtrp/J/EoCAFyOlcQOmCPBdSiY=
-156,109,ulboIhdp+3DE3Qtf0BQzh/CfsgY=,KVtrp/J/EoCAFyOlcQOmCPBdSiY=
-155,109,ulboIhdp+3DE3Qtf0BQzh/CfsgY=,KVtrp/J/EoCAFyOlcQOmCPBdSiY=
-157,97,ulboIhdp+3DE3Qtf0BQzh/CfsgY=,KVtrp/J/EoCAFyOlcQOmCPBdSiY=
-145,108,ulboIhdp+3DE3Qtf0BQzh/CfsgY=,KVtrp/J/EoCAFyOlcQOmCPBdSiY=
-145,110,ulboIhdp+3DE3Qtf0BQzh/CfsgY=,KVtrp/J/EoCAFyOlcQOmCPBdSiY=
-148,110,ulboIhdp+3DE3Qtf0BQzh/CfsgY=,KVtrp/J/EoCAFyOlcQOmCPBdSiY=
-157,109,ulboIhdp+3DE3Qtf0BQzh/CfsgY=,KVtrp/J/EoCAFyOlcQOmCPBdSiY=
-149,108,ulboIhdp+3DE3Qtf0BQzh/CfsgY=,KVtrp/J/EoCAFyOlcQOmCPBdSiY=
-150,108,ulboIhdp+3DE3Qtf0BQzh/CfsgY=,KVtrp/J/EoCAFyOlcQOmCPBdSiY=
-151,108,ulboIhdp+3DE3Qtf0BQzh/CfsgY=,KVtrp/J/EoCAFyOlcQOmCPBdSiY=
-152,108,ulboIhdp+3DE3Qtf0BQzh/CfsgY=,KVtrp/J/EoCAFyOlcQOmCPBdSiY=
-151,99,ulboIhdp+3DE3Qtf0BQzh/CfsgY=,KVtrp/J/EoCAFyOlcQOmCPBdSiY=
-153,108,ulboIhdp+3DE3Qtf0BQzh/CfsgY=,KVtrp/J/EoCAFyOlcQOmCPBdSiY=
-155,98,ulboIhdp+3DE3Qtf0BQzh/CfsgY=,KVtrp/J/EoCAFyOlcQOmCPBdSiY=
-154,108,ulboIhdp+3DE3Qtf0BQzh/CfsgY=,KVtrp/J/EoCAFyOlcQOmCPBdSiY=
-155,108,ulboIhdp+3DE3Qtf0BQzh/CfsgY=,KVtrp/J/EoCAFyOlcQOmCPBdSiY=
-156,108,ulboIhdp+3DE3Qtf0BQzh/CfsgY=,KVtrp/J/EoCAFyOlcQOmCPBdSiY=
-157,108,ulboIhdp+3DE3Qtf0BQzh/CfsgY=,KVtrp/J/EoCAFyOlcQOmCPBdSiY=
-145,107,ulboIhdp+3DE3Qtf0BQzh/CfsgY=,KVtrp/J/EoCAFyOlcQOmCPBdSiY=
-148,108,ulboIhdp+3DE3Qtf0BQzh/CfsgY=,KVtrp/J/EoCAFyOlcQOmCPBdSiY=
-146,108,ulboIhdp+3DE3Qtf0BQzh/CfsgY=,KVtrp/J/EoCAFyOlcQOmCPBdSiY=
-148,107,ulboIhdp+3DE3Qtf0BQzh/CfsgY=,KVtrp/J/EoCAFyOlcQOmCPBdSiY=
-149,107,ulboIhdp+3DE3Qtf0BQzh/CfsgY=,KVtrp/J/EoCAFyOlcQOmCPBdSiY=
-147,107,ulboIhdp+3DE3Qtf0BQzh/CfsgY=,KVtrp/J/EoCAFyOlcQOmCPBdSiY=
-150,107,ulboIhdp+3DE3Qtf0BQzh/CfsgY=,KVtrp/J/EoCAFyOlcQOmCPBdSiY=
-151,107,ulboIhdp+3DE3Qtf0BQzh/CfsgY=,KVtrp/J/EoCAFyOlcQOmCPBdSiY=
-152,107,ulboIhdp+3DE3Qtf0BQzh/CfsgY=,KVtrp/J/EoCAFyOlcQOmCPBdSiY=
-153,107,ulboIhdp+3DE3Qtf0BQzh/CfsgY=,KVtrp/J/EoCAFyOlcQOmCPBdSiY=
-154,107,ulboIhdp+3DE3Qtf0BQzh/CfsgY=,KVtrp/J/EoCAFyOlcQOmCPBdSiY=
-155,107,ulboIhdp+3DE3Qtf0BQzh/CfsgY=,KVtrp/J/EoCAFyOlcQOmCPBdSiY=
-152,99,ulboIhdp+3DE3Qtf0BQzh/CfsgY=,KVtrp/J/EoCAFyOlcQOmCPBdSiY=
-156,107,ulboIhdp+3DE3Qtf0BQzh/CfsgY=,KVtrp/J/EoCAFyOlcQOmCPBdSiY=
-156,98,ulboIhdp+3DE3Qtf0BQzh/CfsgY=,KVtrp/J/EoCAFyOlcQOmCPBdSiY=
-157,107,ulboIhdp+3DE3Qtf0BQzh/CfsgY=,KVtrp/J/EoCAFyOlcQOmCPBdSiY=
-145,106,ulboIhdp+3DE3Qtf0BQzh/CfsgY=,KVtrp/J/EoCAFyOlcQOmCPBdSiY=
-146,106,ulboIhdp+3DE3Qtf0BQzh/CfsgY=,KVtrp/J/EoCAFyOlcQOmCPBdSiY=
-148,106,ulboIhdp+3DE3Qtf0BQzh/CfsgY=,KVtrp/J/EoCAFyOlcQOmCPBdSiY=
-149,106,ulboIhdp+3DE3Qtf0BQzh/CfsgY=,KVtrp/J/EoCAFyOlcQOmCPBdSiY=
-150,106,ulboIhdp+3DE3Qtf0BQzh/CfsgY=,KVtrp/J/EoCAFyOlcQOmCPBdSiY=
-151,106,ulboIhdp+3DE3Qtf0BQzh/CfsgY=,KVtrp/J/EoCAFyOlcQOmCPBdSiY=
-152,106,ulboIhdp+3DE3Qtf0BQzh/CfsgY=,KVtrp/J/EoCAFyOlcQOmCPBdSiY=
-153,106,ulboIhdp+3DE3Qtf0BQzh/CfsgY=,KVtrp/J/EoCAFyOlcQOmCPBdSiY=
-154,106,ulboIhdp+3DE3Qtf0BQzh/CfsgY=,KVtrp/J/EoCAFyOlcQOmCPBdSiY=
-155,106,ulboIhdp+3DE3Qtf0BQzh/CfsgY=,KVtrp/J/EoCAFyOlcQOmCPBdSiY=
-156,106,ulboIhdp+3DE3Qtf0BQzh/CfsgY=,KVtrp/J/EoCAFyOlcQOmCPBdSiY=
-157,106,ulboIhdp+3DE3Qtf0BQzh/CfsgY=,KVtrp/J/EoCAFyOlcQOmCPBdSiY=
-145,105,ulboIhdp+3DE3Qtf0BQzh/CfsgY=,KVtrp/J/EoCAFyOlcQOmCPBdSiY=
-153,99,ulboIhdp+3DE3Qtf0BQzh/CfsgY=,KVtrp/J/EoCAFyOlcQOmCPBdSiY=
-146,110,ulboIhdp+3DE3Qtf0BQzh/CfsgY=,KVtrp/J/EoCAFyOlcQOmCPBdSiY=
-147,96,ulboIhdp+3DE3Qtf0BQzh/CfsgY=,KVtrp/J/EoCAFyOlcQOmCPBdSiY=
-147,105,ulboIhdp+3DE3Qtf0BQzh/CfsgY=,KVtrp/J/EoCAFyOlcQOmCPBdSiY=
-157,98,ulboIhdp+3DE3Qtf0BQzh/CfsgY=,KVtrp/J/EoCAFyOlcQOmCPBdSiY=
-148,105,ulboIhdp+3DE3Qtf0BQzh/CfsgY=,KVtrp/J/EoCAFyOlcQOmCPBdSiY=
-149,105,ulboIhdp+3DE3Qtf0BQzh/CfsgY=,KVtrp/J/EoCAFyOlcQOmCPBdSiY=
-150,105,ulboIhdp+3DE3Qtf0BQzh/CfsgY=,KVtrp/J/EoCAFyOlcQOmCPBdSiY=
-151,105,ulboIhdp+3DE3Qtf0BQzh/CfsgY=,KVtrp/J/EoCAFyOlcQOmCPBdSiY=
-152,105,ulboIhdp+3DE3Qtf0BQzh/CfsgY=,KVtrp/J/EoCAFyOlcQOmCPBdSiY=
-153,105,ulboIhdp+3DE3Qtf0BQzh/CfsgY=,KVtrp/J/EoCAFyOlcQOmCPBdSiY=
-154,105,ulboIhdp+3DE3Qtf0BQzh/CfsgY=,KVtrp/J/EoCAFyOlcQOmCPBdSiY=
-155,105,ulboIhdp+3DE3Qtf0BQzh/CfsgY=,KVtrp/J/EoCAFyOlcQOmCPBdSiY=
-156,105,ulboIhdp+3DE3Qtf0BQzh/CfsgY=,KVtrp/J/EoCAFyOlcQOmCPBdSiY=
-157,105,ulboIhdp+3DE3Qtf0BQzh/CfsgY=,KVtrp/J/EoCAFyOlcQOmCPBdSiY=
-145,104,ulboIhdp+3DE3Qtf0BQzh/CfsgY=,KVtrp/J/EoCAFyOlcQOmCPBdSiY=
-146,104,ulboIhdp+3DE3Qtf0BQzh/CfsgY=,KVtrp/J/EoCAFyOlcQOmCPBdSiY=
-146,111,ulboIhdp+3DE3Qtf0BQzh/CfsgY=,KVtrp/J/EoCAFyOlcQOmCPBdSiY=
-148,104,ulboIhdp+3DE3Qtf0BQzh/CfsgY=,KVtrp/J/EoCAFyOlcQOmCPBdSiY=
-154,99,ulboIhdp+3DE3Qtf0BQzh/CfsgY=,KVtrp/J/EoCAFyOlcQOmCPBdSiY=
-148,96,ulboIhdp+3DE3Qtf0BQzh/CfsgY=,KVtrp/J/EoCAFyOlcQOmCPBdSiY=
-149,104,ulboIhdp+3DE3Qtf0BQzh/CfsgY=,KVtrp/J/EoCAFyOlcQOmCPBdSiY=
-150,104,ulboIhdp+3DE3Qtf0BQzh/CfsgY=,KVtrp/J/EoCAFyOlcQOmCPBdSiY=
-145,97,ulboIhdp+3DE3Qtf0BQzh/CfsgY=,KVtrp/J/EoCAFyOlcQOmCPBdSiY=
-151,104,ulboIhdp+3DE3Qtf0BQzh/CfsgY=,KVtrp/J/EoCAFyOlcQOmCPBdSiY=
-152,104,ulboIhdp+3DE3Qtf0BQzh/CfsgY=,KVtrp/J/EoCAFyOlcQOmCPBdSiY=
-153,104,ulboIhdp+3DE3Qtf0BQzh/CfsgY=,KVtrp/J/EoCAFyOlcQOmCPBdSiY=
-154,104,ulboIhdp+3DE3Qtf0BQzh/CfsgY=,KVtrp/J/EoCAFyOlcQOmCPBdSiY=
-155,104,ulboIhdp+3DE3Qtf0BQzh/CfsgY=,KVtrp/J/EoCAFyOlcQOmCPBdSiY=
-156,104,ulboIhdp+3DE3Qtf0BQzh/CfsgY=,KVtrp/J/EoCAFyOlcQOmCPBdSiY=
-157,104,ulboIhdp+3DE3Qtf0BQzh/CfsgY=,KVtrp/J/EoCAFyOlcQOmCPBdSiY=
-145,103,ulboIhdp+3DE3Qtf0BQzh/CfsgY=,KVtrp/J/EoCAFyOlcQOmCPBdSiY=
-147,103,ulboIhdp+3DE3Qtf0BQzh/CfsgY=,KVtrp/J/EoCAFyOlcQOmCPBdSiY=
-148,103,ulboIhdp+3DE3Qtf0BQzh/CfsgY=,KVtrp/J/EoCAFyOlcQOmCPBdSiY=
-149,103,ulboIhdp+3DE3Qtf0BQzh/CfsgY=,KVtrp/J/EoCAFyOlcQOmCPBdSiY=
-150,103,ulboIhdp+3DE3Qtf0BQzh/CfsgY=,KVtrp/J/EoCAFyOlcQOmCPBdSiY=
-151,103,ulboIhdp+3DE3Qtf0BQzh/CfsgY=,KVtrp/J/EoCAFyOlcQOmCPBdSiY=
-149,96,ulboIhdp+3DE3Qtf0BQzh/CfsgY=,KVtrp/J/EoCAFyOlcQOmCPBdSiY=
-155,99,ulboIhdp+3DE3Qtf0BQzh/CfsgY=,KVtrp/J/EoCAFyOlcQOmCPBdSiY=
-152,103,ulboIhdp+3DE3Qtf0BQzh/CfsgY=,KVtrp/J/EoCAFyOlcQOmCPBdSiY=
-146,97,ulboIhdp+3DE3Qtf0BQzh/CfsgY=,KVtrp/J/EoCAFyOlcQOmCPBdSiY=
-153,103,ulboIhdp+3DE3Qtf0BQzh/CfsgY=,KVtrp/J/EoCAFyOlcQOmCPBdSiY=
-154,103,ulboIhdp+3DE3Qtf0BQzh/CfsgY=,KVtrp/J/EoCAFyOlcQOmCPBdSiY=
-155,103,ulboIhdp+3DE3Qtf0BQzh/CfsgY=,KVtrp/J/EoCAFyOlcQOmCPBdSiY=
-156,103,ulboIhdp+3DE3Qtf0BQzh/CfsgY=,KVtrp/J/EoCAFyOlcQOmCPBdSiY=
-157,103,ulboIhdp+3DE3Qtf0BQzh/CfsgY=,KVtrp/J/EoCAFyOlcQOmCPBdSiY=
-145,102,ulboIhdp+3DE3Qtf0BQzh/CfsgY=,KVtrp/J/EoCAFyOlcQOmCPBdSiY=
-147,102,ulboIhdp+3DE3Qtf0BQzh/CfsgY=,KVtrp/J/EoCAFyOlcQOmCPBdSiY=
-148,102,ulboIhdp+3DE3Qtf0BQzh/CfsgY=,KVtrp/J/EoCAFyOlcQOmCPBdSiY=
-149,102,ulboIhdp+3DE3Qtf0BQzh/CfsgY=,KVtrp/J/EoCAFyOlcQOmCPBdSiY=
-150,102,ulboIhdp+3DE3Qtf0BQzh/CfsgY=,KVtrp/J/EoCAFyOlcQOmCPBdSiY=
-151,102,ulboIhdp+3DE3Qtf0BQzh/CfsgY=,KVtrp/J/EoCAFyOlcQOmCPBdSiY=
-152,102,ulboIhdp+3DE3Qtf0BQzh/CfsgY=,KVtrp/J/EoCAFyOlcQOmCPBdSiY=
-153,102,ulboIhdp+3DE3Qtf0BQzh/CfsgY=,KVtrp/J/EoCAFyOlcQOmCPBdSiY=
-154,102,ulboIhdp+3DE3Qtf0BQzh/CfsgY=,KVtrp/J/EoCAFyOlcQOmCPBdSiY=
-155,102,ulboIhdp+3DE3Qtf0BQzh/CfsgY=,KVtrp/J/EoCAFyOlcQOmCPBdSiY=
-150,96,ulboIhdp+3DE3Qtf0BQzh/CfsgY=,KVtrp/J/EoCAFyOlcQOmCPBdSiY=
-156,99,ulboIhdp+3DE3Qtf0BQzh/CfsgY=,KVtrp/J/EoCAFyOlcQOmCPBdSiY=
-147,97,ulboIhdp+3DE3Qtf0BQzh/CfsgY=,KVtrp/J/EoCAFyOlcQOmCPBdSiY=
-156,102,ulboIhdp+3DE3Qtf0BQzh/CfsgY=,KVtrp/J/EoCAFyOlcQOmCPBdSiY=
-157,102,ulboIhdp+3DE3Qtf0BQzh/CfsgY=,KVtrp/J/EoCAFyOlcQOmCPBdSiY=
-146,101,ulboIhdp+3DE3Qtf0BQzh/CfsgY=,KVtrp/J/EoCAFyOlcQOmCPBdSiY=
-148,101,ulboIhdp+3DE3Qtf0BQzh/CfsgY=,KVtrp/J/EoCAFyOlcQOmCPBdSiY=
-149,101,ulboIhdp+3DE3Qtf0BQzh/CfsgY=,KVtrp/J/EoCAFyOlcQOmCPBdSiY=
-150,101,ulboIhdp+3DE3Qtf0BQzh/CfsgY=,KVtrp/J/EoCAFyOlcQOmCPBdSiY=
-151,101,ulboIhdp+3DE3Qtf0BQzh/CfsgY=,KVtrp/J/EoCAFyOlcQOmCPBdSiY=
-152,101,ulboIhdp+3DE3Qtf0BQzh/CfsgY=,KVtrp/J/EoCAFyOlcQOmCPBdSiY=
-153,101,ulboIhdp+3DE3Qtf0BQzh/CfsgY=,KVtrp/J/EoCAFyOlcQOmCPBdSiY=
-154,101,ulboIhdp+3DE3Qtf0BQzh/CfsgY=,KVtrp/J/EoCAFyOlcQOmCPBdSiY=
-155,101,ulboIhdp+3DE3Qtf0BQzh/CfsgY=,KVtrp/J/EoCAFyOlcQOmCPBdSiY=
-156,101,ulboIhdp+3DE3Qtf0BQzh/CfsgY=,KVtrp/J/EoCAFyOlcQOmCPBdSiY=
-151,96,ulboIhdp+3DE3Qtf0BQzh/CfsgY=,KVtrp/J/EoCAFyOlcQOmCPBdSiY=
-157,99,ulboIhdp+3DE3Qtf0BQzh/CfsgY=,KVtrp/J/EoCAFyOlcQOmCPBdSiY=
-157,101,ulboIhdp+3DE3Qtf0BQzh/CfsgY=,KVtrp/J/EoCAFyOlcQOmCPBdSiY=
-148,97,ulboIhdp+3DE3Qtf0BQzh/CfsgY=,KVtrp/J/EoCAFyOlcQOmCPBdSiY=
-146,100,ulboIhdp+3DE3Qtf0BQzh/CfsgY=,KVtrp/J/EoCAFyOlcQOmCPBdSiY=
-147,100,ulboIhdp+3DE3Qtf0BQzh/CfsgY=,KVtrp/J/EoCAFyOlcQOmCPBdSiY=
-148,100,ulboIhdp+3DE3Qtf0BQzh/CfsgY=,KVtrp/J/EoCAFyOlcQOmCPBdSiY=
-149,100,ulboIhdp+3DE3Qtf0BQzh/CfsgY=,KVtrp/J/EoCAFyOlcQOmCPBdSiY=
-150,100,ulboIhdp+3DE3Qtf0BQzh/CfsgY=,KVtrp/J/EoCAFyOlcQOmCPBdSiY=
-151,100,ulboIhdp+3DE3Qtf0BQzh/CfsgY=,KVtrp/J/EoCAFyOlcQOmCPBdSiY=
-152,100,ulboIhdp+3DE3Qtf0BQzh/CfsgY=,KVtrp/J/EoCAFyOlcQOmCPBdSiY=
-146,105,ulboIhdp+3DE3Qtf0BQzh/CfsgY=,KVtrp/J/EoCAFyOlcQOmCPBdSiY=
-147,106,ulboIhdp+3DE3Qtf0BQzh/CfsgY=,KVtrp/J/EoCAFyOlcQOmCPBdSiY=
-145,98,ulboIhdp+3DE3Qtf0BQzh/CfsgY=,KVtrp/J/EoCAFyOlcQOmCPBdSiY=
-146,96,ulboIhdp+3DE3Qtf0BQzh/CfsgY=,KVtrp/J/EoCAFyOlcQOmCPBdSiY=
-153,100,ulboIhdp+3DE3Qtf0BQzh/CfsgY=,KVtrp/J/EoCAFyOlcQOmCPBdSiY=
-147,104,ulboIhdp+3DE3Qtf0BQzh/CfsgY=,KVtrp/J/EoCAFyOlcQOmCPBdSiY=
-147,108,ulboIhdp+3DE3Qtf0BQzh/CfsgY=,KVtrp/J/EoCAFyOlcQOmCPBdSiY=
-145,96,ulboIhdp+3DE3Qtf0BQzh/CfsgY=,KVtrp/J/EoCAFyOlcQOmCPBdSiY=
-147,101,ulboIhdp+3DE3Qtf0BQzh/CfsgY=,KVtrp/J/EoCAFyOlcQOmCPBdSiY=
-146,107,ulboIhdp+3DE3Qtf0BQzh/CfsgY=,KVtrp/J/EoCAFyOlcQOmCPBdSiY=
-146,102,ulboIhdp+3DE3Qtf0BQzh/CfsgY=,KVtrp/J/EoCAFyOlcQOmCPBdSiY=
-145,101,ulboIhdp+3DE3Qtf0BQzh/CfsgY=,KVtrp/J/EoCAFyOlcQOmCPBdSiY=
-148,109,ulboIhdp+3DE3Qtf0BQzh/CfsgY=,KVtrp/J/EoCAFyOlcQOmCPBdSiY=
-145,100,ulboIhdp+3DE3Qtf0BQzh/CfsgY=,KVtrp/J/EoCAFyOlcQOmCPBdSiY=
-146,103,ulboIhdp+3DE3Qtf0BQzh/CfsgY=,KVtrp/J/EoCAFyOlcQOmCPBdSiY=
-146,109,ulboIhdp+3DE3Qtf0BQzh/CfsgY=,KVtrp/J/EoCAFyOlcQOmCPBdSiY=
-147,111,ulboIhdp+3DE3Qtf0BQzh/CfsgY=,KVtrp/J/EoCAFyOlcQOmCPBdSiY=
-147,110,ulboIhdp+3DE3Qtf0BQzh/CfsgY=,KVtrp/J/EoCAFyOlcQOmCPBdSiY=
-157,116,FaML3j+nR/acjwtD1ve8Gr4ePW8=,nnPTgtCscVjBtP3McvaxqyobhpA=
-150,112,J9W5ZJddapnIxPn36nZSyVYdMFk=,nnPTgtCscVjBtP3McvaxqyobhpA=
-146,127,J9W5ZJddapnIxPn36nZSyVYdMFk=,nnPTgtCscVjBtP3McvaxqyobhpA=
-152,112,J9W5ZJddapnIxPn36nZSyVYdMFk=,nnPTgtCscVjBtP3McvaxqyobhpA=
-154,112,J9W5ZJddapnIxPn36nZSyVYdMFk=,nnPTgtCscVjBtP3McvaxqyobhpA=
-147,127,J9W5ZJddapnIxPn36nZSyVYdMFk=,nnPTgtCscVjBtP3McvaxqyobhpA=
-155,112,J9W5ZJddapnIxPn36nZSyVYdMFk=,nnPTgtCscVjBtP3McvaxqyobhpA=
-148,127,J9W5ZJddapnIxPn36nZSyVYdMFk=,nnPTgtCscVjBtP3McvaxqyobhpA=
-149,127,J9W5ZJddapnIxPn36nZSyVYdMFk=,nnPTgtCscVjBtP3McvaxqyobhpA=
-150,127,J9W5ZJddapnIxPn36nZSyVYdMFk=,nnPTgtCscVjBtP3McvaxqyobhpA=
-156,112,J9W5ZJddapnIxPn36nZSyVYdMFk=,nnPTgtCscVjBtP3McvaxqyobhpA=
-151,127,J9W5ZJddapnIxPn36nZSyVYdMFk=,nnPTgtCscVjBtP3McvaxqyobhpA=
-152,127,J9W5ZJddapnIxPn36nZSyVYdMFk=,nnPTgtCscVjBtP3McvaxqyobhpA=
-151,112,J9W5ZJddapnIxPn36nZSyVYdMFk=,nnPTgtCscVjBtP3McvaxqyobhpA=
-153,127,J9W5ZJddapnIxPn36nZSyVYdMFk=,nnPTgtCscVjBtP3McvaxqyobhpA=
-152,113,J9W5ZJddapnIxPn36nZSyVYdMFk=,nnPTgtCscVjBtP3McvaxqyobhpA=
-150,115,J9W5ZJddapnIxPn36nZSyVYdMFk=,nnPTgtCscVjBtP3McvaxqyobhpA=
-151,115,J9W5ZJddapnIxPn36nZSyVYdMFk=,nnPTgtCscVjBtP3McvaxqyobhpA=
-153,113,J9W5ZJddapnIxPn36nZSyVYdMFk=,nnPTgtCscVjBtP3McvaxqyobhpA=
-155,115,J9W5ZJddapnIxPn36nZSyVYdMFk=,nnPTgtCscVjBtP3McvaxqyobhpA=
-156,115,J9W5ZJddapnIxPn36nZSyVYdMFk=,nnPTgtCscVjBtP3McvaxqyobhpA=
-157,112,J9W5ZJddapnIxPn36nZSyVYdMFk=,nnPTgtCscVjBtP3McvaxqyobhpA=
-153,112,J9W5ZJddapnIxPn36nZSyVYdMFk=,nnPTgtCscVjBtP3McvaxqyobhpA=
-150,114,J9W5ZJddapnIxPn36nZSyVYdMFk=,nnPTgtCscVjBtP3McvaxqyobhpA=
-154,113,J9W5ZJddapnIxPn36nZSyVYdMFk=,nnPTgtCscVjBtP3McvaxqyobhpA=
-151,114,J9W5ZJddapnIxPn36nZSyVYdMFk=,nnPTgtCscVjBtP3McvaxqyobhpA=
-154,127,J9W5ZJddapnIxPn36nZSyVYdMFk=,nnPTgtCscVjBtP3McvaxqyobhpA=
-155,127,J9W5ZJddapnIxPn36nZSyVYdMFk=,nnPTgtCscVjBtP3McvaxqyobhpA=
-156,127,J9W5ZJddapnIxPn36nZSyVYdMFk=,nnPTgtCscVjBtP3McvaxqyobhpA=
-146,126,J9W5ZJddapnIxPn36nZSyVYdMFk=,nnPTgtCscVjBtP3McvaxqyobhpA=
-157,115,J9W5ZJddapnIxPn36nZSyVYdMFk=,nnPTgtCscVjBtP3McvaxqyobhpA=
-147,126,J9W5ZJddapnIxPn36nZSyVYdMFk=,nnPTgtCscVjBtP3McvaxqyobhpA=
-148,126,J9W5ZJddapnIxPn36nZSyVYdMFk=,nnPTgtCscVjBtP3McvaxqyobhpA=
-149,126,J9W5ZJddapnIxPn36nZSyVYdMFk=,nnPTgtCscVjBtP3McvaxqyobhpA=
-150,126,J9W5ZJddapnIxPn36nZSyVYdMFk=,nnPTgtCscVjBtP3McvaxqyobhpA=
-151,126,J9W5ZJddapnIxPn36nZSyVYdMFk=,nnPTgtCscVjBtP3McvaxqyobhpA=
-152,126,J9W5ZJddapnIxPn36nZSyVYdMFk=,nnPTgtCscVjBtP3McvaxqyobhpA=
-154,126,J9W5ZJddapnIxPn36nZSyVYdMFk=,nnPTgtCscVjBtP3McvaxqyobhpA=
-153,126,J9W5ZJddapnIxPn36nZSyVYdMFk=,nnPTgtCscVjBtP3McvaxqyobhpA=
-153,114,J9W5ZJddapnIxPn36nZSyVYdMFk=,nnPTgtCscVjBtP3McvaxqyobhpA=
-155,126,J9W5ZJddapnIxPn36nZSyVYdMFk=,nnPTgtCscVjBtP3McvaxqyobhpA=
-156,126,J9W5ZJddapnIxPn36nZSyVYdMFk=,nnPTgtCscVjBtP3McvaxqyobhpA=
-155,113,J9W5ZJddapnIxPn36nZSyVYdMFk=,nnPTgtCscVjBtP3McvaxqyobhpA=
-154,114,J9W5ZJddapnIxPn36nZSyVYdMFk=,nnPTgtCscVjBtP3McvaxqyobhpA=
-146,125,J9W5ZJddapnIxPn36nZSyVYdMFk=,nnPTgtCscVjBtP3McvaxqyobhpA=
-147,125,J9W5ZJddapnIxPn36nZSyVYdMFk=,nnPTgtCscVjBtP3McvaxqyobhpA=
-148,125,J9W5ZJddapnIxPn36nZSyVYdMFk=,nnPTgtCscVjBtP3McvaxqyobhpA=
-149,125,J9W5ZJddapnIxPn36nZSyVYdMFk=,nnPTgtCscVjBtP3McvaxqyobhpA=
-150,125,J9W5ZJddapnIxPn36nZSyVYdMFk=,nnPTgtCscVjBtP3McvaxqyobhpA=
-151,125,J9W5ZJddapnIxPn36nZSyVYdMFk=,nnPTgtCscVjBtP3McvaxqyobhpA=
-152,125,J9W5ZJddapnIxPn36nZSyVYdMFk=,nnPTgtCscVjBtP3McvaxqyobhpA=
-153,125,J9W5ZJddapnIxPn36nZSyVYdMFk=,nnPTgtCscVjBtP3McvaxqyobhpA=
-154,125,J9W5ZJddapnIxPn36nZSyVYdMFk=,nnPTgtCscVjBtP3McvaxqyobhpA=
-157,126,J9W5ZJddapnIxPn36nZSyVYdMFk=,nnPTgtCscVjBtP3McvaxqyobhpA=
-155,125,J9W5ZJddapnIxPn36nZSyVYdMFk=,nnPTgtCscVjBtP3McvaxqyobhpA=
-156,125,J9W5ZJddapnIxPn36nZSyVYdMFk=,nnPTgtCscVjBtP3McvaxqyobhpA=
-146,124,J9W5ZJddapnIxPn36nZSyVYdMFk=,nnPTgtCscVjBtP3McvaxqyobhpA=
-147,124,J9W5ZJddapnIxPn36nZSyVYdMFk=,nnPTgtCscVjBtP3McvaxqyobhpA=
-156,113,J9W5ZJddapnIxPn36nZSyVYdMFk=,nnPTgtCscVjBtP3McvaxqyobhpA=
-148,124,J9W5ZJddapnIxPn36nZSyVYdMFk=,nnPTgtCscVjBtP3McvaxqyobhpA=
-155,114,J9W5ZJddapnIxPn36nZSyVYdMFk=,nnPTgtCscVjBtP3McvaxqyobhpA=
-149,124,J9W5ZJddapnIxPn36nZSyVYdMFk=,nnPTgtCscVjBtP3McvaxqyobhpA=
-151,124,J9W5ZJddapnIxPn36nZSyVYdMFk=,nnPTgtCscVjBtP3McvaxqyobhpA=
-150,124,J9W5ZJddapnIxPn36nZSyVYdMFk=,nnPTgtCscVjBtP3McvaxqyobhpA=
-152,124,J9W5ZJddapnIxPn36nZSyVYdMFk=,nnPTgtCscVjBtP3McvaxqyobhpA=
-153,124,J9W5ZJddapnIxPn36nZSyVYdMFk=,nnPTgtCscVjBtP3McvaxqyobhpA=
-154,124,J9W5ZJddapnIxPn36nZSyVYdMFk=,nnPTgtCscVjBtP3McvaxqyobhpA=
-155,124,J9W5ZJddapnIxPn36nZSyVYdMFk=,nnPTgtCscVjBtP3McvaxqyobhpA=
-156,124,J9W5ZJddapnIxPn36nZSyVYdMFk=,nnPTgtCscVjBtP3McvaxqyobhpA=
-146,123,J9W5ZJddapnIxPn36nZSyVYdMFk=,nnPTgtCscVjBtP3McvaxqyobhpA=
-147,123,J9W5ZJddapnIxPn36nZSyVYdMFk=,nnPTgtCscVjBtP3McvaxqyobhpA=
-148,123,J9W5ZJddapnIxPn36nZSyVYdMFk=,nnPTgtCscVjBtP3McvaxqyobhpA=
-149,123,J9W5ZJddapnIxPn36nZSyVYdMFk=,nnPTgtCscVjBtP3McvaxqyobhpA=
-150,123,J9W5ZJddapnIxPn36nZSyVYdMFk=,nnPTgtCscVjBtP3McvaxqyobhpA=
-151,123,J9W5ZJddapnIxPn36nZSyVYdMFk=,nnPTgtCscVjBtP3McvaxqyobhpA=
-152,123,J9W5ZJddapnIxPn36nZSyVYdMFk=,nnPTgtCscVjBtP3McvaxqyobhpA=
-156,114,J9W5ZJddapnIxPn36nZSyVYdMFk=,nnPTgtCscVjBtP3McvaxqyobhpA=
-153,123,J9W5ZJddapnIxPn36nZSyVYdMFk=,nnPTgtCscVjBtP3McvaxqyobhpA=
-154,123,J9W5ZJddapnIxPn36nZSyVYdMFk=,nnPTgtCscVjBtP3McvaxqyobhpA=
-155,123,J9W5ZJddapnIxPn36nZSyVYdMFk=,nnPTgtCscVjBtP3McvaxqyobhpA=
-156,123,J9W5ZJddapnIxPn36nZSyVYdMFk=,nnPTgtCscVjBtP3McvaxqyobhpA=
-157,125,J9W5ZJddapnIxPn36nZSyVYdMFk=,nnPTgtCscVjBtP3McvaxqyobhpA=
-157,127,J9W5ZJddapnIxPn36nZSyVYdMFk=,nnPTgtCscVjBtP3McvaxqyobhpA=
-149,122,J9W5ZJddapnIxPn36nZSyVYdMFk=,nnPTgtCscVjBtP3McvaxqyobhpA=
-150,122,J9W5ZJddapnIxPn36nZSyVYdMFk=,nnPTgtCscVjBtP3McvaxqyobhpA=
-151,122,J9W5ZJddapnIxPn36nZSyVYdMFk=,nnPTgtCscVjBtP3McvaxqyobhpA=
-152,122,J9W5ZJddapnIxPn36nZSyVYdMFk=,nnPTgtCscVjBtP3McvaxqyobhpA=
-153,122,J9W5ZJddapnIxPn36nZSyVYdMFk=,nnPTgtCscVjBtP3McvaxqyobhpA=
-154,122,J9W5ZJddapnIxPn36nZSyVYdMFk=,nnPTgtCscVjBtP3McvaxqyobhpA=
-155,122,J9W5ZJddapnIxPn36nZSyVYdMFk=,nnPTgtCscVjBtP3McvaxqyobhpA=
-156,122,J9W5ZJddapnIxPn36nZSyVYdMFk=,nnPTgtCscVjBtP3McvaxqyobhpA=
-149,121,J9W5ZJddapnIxPn36nZSyVYdMFk=,nnPTgtCscVjBtP3McvaxqyobhpA=
-157,124,J9W5ZJddapnIxPn36nZSyVYdMFk=,nnPTgtCscVjBtP3McvaxqyobhpA=
-150,121,J9W5ZJddapnIxPn36nZSyVYdMFk=,nnPTgtCscVjBtP3McvaxqyobhpA=
-153,121,J9W5ZJddapnIxPn36nZSyVYdMFk=,nnPTgtCscVjBtP3McvaxqyobhpA=
-154,121,J9W5ZJddapnIxPn36nZSyVYdMFk=,nnPTgtCscVjBtP3McvaxqyobhpA=
-155,121,J9W5ZJddapnIxPn36nZSyVYdMFk=,nnPTgtCscVjBtP3McvaxqyobhpA=
-156,121,J9W5ZJddapnIxPn36nZSyVYdMFk=,nnPTgtCscVjBtP3McvaxqyobhpA=
-147,120,J9W5ZJddapnIxPn36nZSyVYdMFk=,nnPTgtCscVjBtP3McvaxqyobhpA=
-157,123,J9W5ZJddapnIxPn36nZSyVYdMFk=,nnPTgtCscVjBtP3McvaxqyobhpA=
-157,122,J9W5ZJddapnIxPn36nZSyVYdMFk=,nnPTgtCscVjBtP3McvaxqyobhpA=
-145,116,J9W5ZJddapnIxPn36nZSyVYdMFk=,nnPTgtCscVjBtP3McvaxqyobhpA=
-145,118,J9W5ZJddapnIxPn36nZSyVYdMFk=,nnPTgtCscVjBtP3McvaxqyobhpA=
-145,117,J9W5ZJddapnIxPn36nZSyVYdMFk=,nnPTgtCscVjBtP3McvaxqyobhpA=
-145,119,J9W5ZJddapnIxPn36nZSyVYdMFk=,nnPTgtCscVjBtP3McvaxqyobhpA=
-145,120,J9W5ZJddapnIxPn36nZSyVYdMFk=,nnPTgtCscVjBtP3McvaxqyobhpA=
-145,112,J9W5ZJddapnIxPn36nZSyVYdMFk=,nnPTgtCscVjBtP3McvaxqyobhpA=
-145,122,J9W5ZJddapnIxPn36nZSyVYdMFk=,nnPTgtCscVjBtP3McvaxqyobhpA=
-145,125,J9W5ZJddapnIxPn36nZSyVYdMFk=,nnPTgtCscVjBtP3McvaxqyobhpA=
-145,124,J9W5ZJddapnIxPn36nZSyVYdMFk=,nnPTgtCscVjBtP3McvaxqyobhpA=
-145,123,J9W5ZJddapnIxPn36nZSyVYdMFk=,nnPTgtCscVjBtP3McvaxqyobhpA=
-145,126,J9W5ZJddapnIxPn36nZSyVYdMFk=,nnPTgtCscVjBtP3McvaxqyobhpA=
-157,113,J9W5ZJddapnIxPn36nZSyVYdMFk=,nnPTgtCscVjBtP3McvaxqyobhpA=
-145,127,J9W5ZJddapnIxPn36nZSyVYdMFk=,nnPTgtCscVjBtP3McvaxqyobhpA=
-148,120,J9W5ZJddapnIxPn36nZSyVYdMFk=,nnPTgtCscVjBtP3McvaxqyobhpA=
-149,120,J9W5ZJddapnIxPn36nZSyVYdMFk=,nnPTgtCscVjBtP3McvaxqyobhpA=
-150,120,J9W5ZJddapnIxPn36nZSyVYdMFk=,nnPTgtCscVjBtP3McvaxqyobhpA=
-157,121,J9W5ZJddapnIxPn36nZSyVYdMFk=,nnPTgtCscVjBtP3McvaxqyobhpA=
-153,120,J9W5ZJddapnIxPn36nZSyVYdMFk=,nnPTgtCscVjBtP3McvaxqyobhpA=
-153,115,J9W5ZJddapnIxPn36nZSyVYdMFk=,nnPTgtCscVjBtP3McvaxqyobhpA=
-154,120,J9W5ZJddapnIxPn36nZSyVYdMFk=,nnPTgtCscVjBtP3McvaxqyobhpA=
-157,114,J9W5ZJddapnIxPn36nZSyVYdMFk=,nnPTgtCscVjBtP3McvaxqyobhpA=
-155,120,J9W5ZJddapnIxPn36nZSyVYdMFk=,nnPTgtCscVjBtP3McvaxqyobhpA=
-156,120,J9W5ZJddapnIxPn36nZSyVYdMFk=,nnPTgtCscVjBtP3McvaxqyobhpA=
-149,114,J9W5ZJddapnIxPn36nZSyVYdMFk=,nnPTgtCscVjBtP3McvaxqyobhpA=
-154,115,J9W5ZJddapnIxPn36nZSyVYdMFk=,nnPTgtCscVjBtP3McvaxqyobhpA=
-157,120,J9W5ZJddapnIxPn36nZSyVYdMFk=,nnPTgtCscVjBtP3McvaxqyobhpA=
-151,120,J9W5ZJddapnIxPn36nZSyVYdMFk=,nnPTgtCscVjBtP3McvaxqyobhpA=
-147,119,J9W5ZJddapnIxPn36nZSyVYdMFk=,nnPTgtCscVjBtP3McvaxqyobhpA=
-150,113,J9W5ZJddapnIxPn36nZSyVYdMFk=,nnPTgtCscVjBtP3McvaxqyobhpA=
-148,119,J9W5ZJddapnIxPn36nZSyVYdMFk=,nnPTgtCscVjBtP3McvaxqyobhpA=
-148,115,J9W5ZJddapnIxPn36nZSyVYdMFk=,nnPTgtCscVjBtP3McvaxqyobhpA=
-149,113,J9W5ZJddapnIxPn36nZSyVYdMFk=,nnPTgtCscVjBtP3McvaxqyobhpA=
-151,113,J9W5ZJddapnIxPn36nZSyVYdMFk=,nnPTgtCscVjBtP3McvaxqyobhpA=
-149,119,J9W5ZJddapnIxPn36nZSyVYdMFk=,nnPTgtCscVjBtP3McvaxqyobhpA=
-150,119,J9W5ZJddapnIxPn36nZSyVYdMFk=,nnPTgtCscVjBtP3McvaxqyobhpA=
-149,115,J9W5ZJddapnIxPn36nZSyVYdMFk=,nnPTgtCscVjBtP3McvaxqyobhpA=
-152,120,J9W5ZJddapnIxPn36nZSyVYdMFk=,nnPTgtCscVjBtP3McvaxqyobhpA=
-146,119,J9W5ZJddapnIxPn36nZSyVYdMFk=,nnPTgtCscVjBtP3McvaxqyobhpA=
-151,119,J9W5ZJddapnIxPn36nZSyVYdMFk=,nnPTgtCscVjBtP3McvaxqyobhpA=
-152,114,J9W5ZJddapnIxPn36nZSyVYdMFk=,nnPTgtCscVjBtP3McvaxqyobhpA=
-152,115,J9W5ZJddapnIxPn36nZSyVYdMFk=,nnPTgtCscVjBtP3McvaxqyobhpA=
-146,113,J9W5ZJddapnIxPn36nZSyVYdMFk=,nnPTgtCscVjBtP3McvaxqyobhpA=
-148,114,J9W5ZJddapnIxPn36nZSyVYdMFk=,nnPTgtCscVjBtP3McvaxqyobhpA=
-153,119,J9W5ZJddapnIxPn36nZSyVYdMFk=,nnPTgtCscVjBtP3McvaxqyobhpA=
-154,119,J9W5ZJddapnIxPn36nZSyVYdMFk=,nnPTgtCscVjBtP3McvaxqyobhpA=
-146,122,J9W5ZJddapnIxPn36nZSyVYdMFk=,nnPTgtCscVjBtP3McvaxqyobhpA=
-155,119,J9W5ZJddapnIxPn36nZSyVYdMFk=,nnPTgtCscVjBtP3McvaxqyobhpA=
-156,119,J9W5ZJddapnIxPn36nZSyVYdMFk=,nnPTgtCscVjBtP3McvaxqyobhpA=
-147,114,J9W5ZJddapnIxPn36nZSyVYdMFk=,nnPTgtCscVjBtP3McvaxqyobhpA=
-152,119,J9W5ZJddapnIxPn36nZSyVYdMFk=,nnPTgtCscVjBtP3McvaxqyobhpA=
-146,114,J9W5ZJddapnIxPn36nZSyVYdMFk=,nnPTgtCscVjBtP3McvaxqyobhpA=
-146,118,J9W5ZJddapnIxPn36nZSyVYdMFk=,nnPTgtCscVjBtP3McvaxqyobhpA=
-148,122,J9W5ZJddapnIxPn36nZSyVYdMFk=,nnPTgtCscVjBtP3McvaxqyobhpA=
-147,118,J9W5ZJddapnIxPn36nZSyVYdMFk=,nnPTgtCscVjBtP3McvaxqyobhpA=
-147,121,J9W5ZJddapnIxPn36nZSyVYdMFk=,nnPTgtCscVjBtP3McvaxqyobhpA=
-148,118,J9W5ZJddapnIxPn36nZSyVYdMFk=,nnPTgtCscVjBtP3McvaxqyobhpA=
-149,118,J9W5ZJddapnIxPn36nZSyVYdMFk=,nnPTgtCscVjBtP3McvaxqyobhpA=
-150,118,J9W5ZJddapnIxPn36nZSyVYdMFk=,nnPTgtCscVjBtP3McvaxqyobhpA=
-151,121,J9W5ZJddapnIxPn36nZSyVYdMFk=,nnPTgtCscVjBtP3McvaxqyobhpA=
-145,115,J9W5ZJddapnIxPn36nZSyVYdMFk=,nnPTgtCscVjBtP3McvaxqyobhpA=
-157,119,J9W5ZJddapnIxPn36nZSyVYdMFk=,nnPTgtCscVjBtP3McvaxqyobhpA=
-147,122,J9W5ZJddapnIxPn36nZSyVYdMFk=,nnPTgtCscVjBtP3McvaxqyobhpA=
-146,121,J9W5ZJddapnIxPn36nZSyVYdMFk=,nnPTgtCscVjBtP3McvaxqyobhpA=
-152,118,J9W5ZJddapnIxPn36nZSyVYdMFk=,nnPTgtCscVjBtP3McvaxqyobhpA=
-154,118,J9W5ZJddapnIxPn36nZSyVYdMFk=,nnPTgtCscVjBtP3McvaxqyobhpA=
-155,118,J9W5ZJddapnIxPn36nZSyVYdMFk=,nnPTgtCscVjBtP3McvaxqyobhpA=
-152,121,J9W5ZJddapnIxPn36nZSyVYdMFk=,nnPTgtCscVjBtP3McvaxqyobhpA=
-151,118,J9W5ZJddapnIxPn36nZSyVYdMFk=,nnPTgtCscVjBtP3McvaxqyobhpA=
-148,112,J9W5ZJddapnIxPn36nZSyVYdMFk=,nnPTgtCscVjBtP3McvaxqyobhpA=
-148,121,J9W5ZJddapnIxPn36nZSyVYdMFk=,nnPTgtCscVjBtP3McvaxqyobhpA=
-156,118,J9W5ZJddapnIxPn36nZSyVYdMFk=,nnPTgtCscVjBtP3McvaxqyobhpA=
-153,118,J9W5ZJddapnIxPn36nZSyVYdMFk=,nnPTgtCscVjBtP3McvaxqyobhpA=
-147,117,J9W5ZJddapnIxPn36nZSyVYdMFk=,nnPTgtCscVjBtP3McvaxqyobhpA=
-148,117,J9W5ZJddapnIxPn36nZSyVYdMFk=,nnPTgtCscVjBtP3McvaxqyobhpA=
-149,117,J9W5ZJddapnIxPn36nZSyVYdMFk=,nnPTgtCscVjBtP3McvaxqyobhpA=
-150,117,J9W5ZJddapnIxPn36nZSyVYdMFk=,nnPTgtCscVjBtP3McvaxqyobhpA=
-146,117,J9W5ZJddapnIxPn36nZSyVYdMFk=,nnPTgtCscVjBtP3McvaxqyobhpA=
-151,117,J9W5ZJddapnIxPn36nZSyVYdMFk=,nnPTgtCscVjBtP3McvaxqyobhpA=
-152,117,J9W5ZJddapnIxPn36nZSyVYdMFk=,nnPTgtCscVjBtP3McvaxqyobhpA=
-146,120,J9W5ZJddapnIxPn36nZSyVYdMFk=,nnPTgtCscVjBtP3McvaxqyobhpA=
-154,117,J9W5ZJddapnIxPn36nZSyVYdMFk=,nnPTgtCscVjBtP3McvaxqyobhpA=
-155,117,J9W5ZJddapnIxPn36nZSyVYdMFk=,nnPTgtCscVjBtP3McvaxqyobhpA=
-156,117,J9W5ZJddapnIxPn36nZSyVYdMFk=,nnPTgtCscVjBtP3McvaxqyobhpA=
-145,121,J9W5ZJddapnIxPn36nZSyVYdMFk=,nnPTgtCscVjBtP3McvaxqyobhpA=
-146,116,J9W5ZJddapnIxPn36nZSyVYdMFk=,nnPTgtCscVjBtP3McvaxqyobhpA=
-157,117,J9W5ZJddapnIxPn36nZSyVYdMFk=,nnPTgtCscVjBtP3McvaxqyobhpA=
-157,118,J9W5ZJddapnIxPn36nZSyVYdMFk=,nnPTgtCscVjBtP3McvaxqyobhpA=
-149,112,J9W5ZJddapnIxPn36nZSyVYdMFk=,nnPTgtCscVjBtP3McvaxqyobhpA=
-148,113,J9W5ZJddapnIxPn36nZSyVYdMFk=,nnPTgtCscVjBtP3McvaxqyobhpA=
-149,116,J9W5ZJddapnIxPn36nZSyVYdMFk=,nnPTgtCscVjBtP3McvaxqyobhpA=
-150,116,J9W5ZJddapnIxPn36nZSyVYdMFk=,nnPTgtCscVjBtP3McvaxqyobhpA=
-151,116,J9W5ZJddapnIxPn36nZSyVYdMFk=,nnPTgtCscVjBtP3McvaxqyobhpA=
-153,117,J9W5ZJddapnIxPn36nZSyVYdMFk=,nnPTgtCscVjBtP3McvaxqyobhpA=
-147,116,J9W5ZJddapnIxPn36nZSyVYdMFk=,nnPTgtCscVjBtP3McvaxqyobhpA=
-154,116,J9W5ZJddapnIxPn36nZSyVYdMFk=,nnPTgtCscVjBtP3McvaxqyobhpA=
-155,116,J9W5ZJddapnIxPn36nZSyVYdMFk=,nnPTgtCscVjBtP3McvaxqyobhpA=
-156,116,J9W5ZJddapnIxPn36nZSyVYdMFk=,nnPTgtCscVjBtP3McvaxqyobhpA=
-147,113,J9W5ZJddapnIxPn36nZSyVYdMFk=,nnPTgtCscVjBtP3McvaxqyobhpA=
-145,114,J9W5ZJddapnIxPn36nZSyVYdMFk=,nnPTgtCscVjBtP3McvaxqyobhpA=
-153,116,J9W5ZJddapnIxPn36nZSyVYdMFk=,nnPTgtCscVjBtP3McvaxqyobhpA=
-146,112,J9W5ZJddapnIxPn36nZSyVYdMFk=,nnPTgtCscVjBtP3McvaxqyobhpA=
-148,116,J9W5ZJddapnIxPn36nZSyVYdMFk=,nnPTgtCscVjBtP3McvaxqyobhpA=
-152,116,J9W5ZJddapnIxPn36nZSyVYdMFk=,nnPTgtCscVjBtP3McvaxqyobhpA=
-145,113,J9W5ZJddapnIxPn36nZSyVYdMFk=,nnPTgtCscVjBtP3McvaxqyobhpA=
-147,115,J9W5ZJddapnIxPn36nZSyVYdMFk=,nnPTgtCscVjBtP3McvaxqyobhpA=
-147,112,J9W5ZJddapnIxPn36nZSyVYdMFk=,nnPTgtCscVjBtP3McvaxqyobhpA=
-146,115,J9W5ZJddapnIxPn36nZSyVYdMFk=,nnPTgtCscVjBtP3McvaxqyobhpA=
-139,112,DfzYcNhBx5518IXplnYjzl1ZZac=,cQwrRdckvjivipVSzteFKVu0saM=
-138,114,oQFrXkJr2VuINvyjig6xkqQkBnI=,cQwrRdckvjivipVSzteFKVu0saM=
-138,115,oQFrXkJr2VuINvyjig6xkqQkBnI=,cQwrRdckvjivipVSzteFKVu0saM=
-139,115,oQFrXkJr2VuINvyjig6xkqQkBnI=,cQwrRdckvjivipVSzteFKVu0saM=
-141,112,oQFrXkJr2VuINvyjig6xkqQkBnI=,cQwrRdckvjivipVSzteFKVu0saM=
-139,114,oQFrXkJr2VuINvyjig6xkqQkBnI=,cQwrRdckvjivipVSzteFKVu0saM=
-141,115,oQFrXkJr2VuINvyjig6xkqQkBnI=,cQwrRdckvjivipVSzteFKVu0saM=
-140,115,oQFrXkJr2VuINvyjig6xkqQkBnI=,cQwrRdckvjivipVSzteFKVu0saM=
-137,115,oQFrXkJr2VuINvyjig6xkqQkBnI=,cQwrRdckvjivipVSzteFKVu0saM=
-139,113,oQFrXkJr2VuINvyjig6xkqQkBnI=,cQwrRdckvjivipVSzteFKVu0saM=
-140,113,oQFrXkJr2VuINvyjig6xkqQkBnI=,cQwrRdckvjivipVSzteFKVu0saM=
-143,112,oQFrXkJr2VuINvyjig6xkqQkBnI=,cQwrRdckvjivipVSzteFKVu0saM=
-142,115,oQFrXkJr2VuINvyjig6xkqQkBnI=,cQwrRdckvjivipVSzteFKVu0saM=
-129,127,oQFrXkJr2VuINvyjig6xkqQkBnI=,cQwrRdckvjivipVSzteFKVu0saM=
-132,127,oQFrXkJr2VuINvyjig6xkqQkBnI=,cQwrRdckvjivipVSzteFKVu0saM=
-140,114,oQFrXkJr2VuINvyjig6xkqQkBnI=,cQwrRdckvjivipVSzteFKVu0saM=
-136,127,oQFrXkJr2VuINvyjig6xkqQkBnI=,cQwrRdckvjivipVSzteFKVu0saM=
-135,127,oQFrXkJr2VuINvyjig6xkqQkBnI=,cQwrRdckvjivipVSzteFKVu0saM=
-137,127,oQFrXkJr2VuINvyjig6xkqQkBnI=,cQwrRdckvjivipVSzteFKVu0saM=
-134,127,oQFrXkJr2VuINvyjig6xkqQkBnI=,cQwrRdckvjivipVSzteFKVu0saM=
-130,127,oQFrXkJr2VuINvyjig6xkqQkBnI=,cQwrRdckvjivipVSzteFKVu0saM=
-131,127,oQFrXkJr2VuINvyjig6xkqQkBnI=,cQwrRdckvjivipVSzteFKVu0saM=
-143,127,oQFrXkJr2VuINvyjig6xkqQkBnI=,cQwrRdckvjivipVSzteFKVu0saM=
-140,112,oQFrXkJr2VuINvyjig6xkqQkBnI=,cQwrRdckvjivipVSzteFKVu0saM=
-144,127,oQFrXkJr2VuINvyjig6xkqQkBnI=,cQwrRdckvjivipVSzteFKVu0saM=
-143,115,oQFrXkJr2VuINvyjig6xkqQkBnI=,cQwrRdckvjivipVSzteFKVu0saM=
-129,126,oQFrXkJr2VuINvyjig6xkqQkBnI=,cQwrRdckvjivipVSzteFKVu0saM=
-141,127,oQFrXkJr2VuINvyjig6xkqQkBnI=,cQwrRdckvjivipVSzteFKVu0saM=
-141,114,oQFrXkJr2VuINvyjig6xkqQkBnI=,cQwrRdckvjivipVSzteFKVu0saM=
-138,127,oQFrXkJr2VuINvyjig6xkqQkBnI=,cQwrRdckvjivipVSzteFKVu0saM=
-134,126,oQFrXkJr2VuINvyjig6xkqQkBnI=,cQwrRdckvjivipVSzteFKVu0saM=
-135,126,oQFrXkJr2VuINvyjig6xkqQkBnI=,cQwrRdckvjivipVSzteFKVu0saM=
-136,126,oQFrXkJr2VuINvyjig6xkqQkBnI=,cQwrRdckvjivipVSzteFKVu0saM=
-130,126,oQFrXkJr2VuINvyjig6xkqQkBnI=,cQwrRdckvjivipVSzteFKVu0saM=
-140,127,oQFrXkJr2VuINvyjig6xkqQkBnI=,cQwrRdckvjivipVSzteFKVu0saM=
-132,126,oQFrXkJr2VuINvyjig6xkqQkBnI=,cQwrRdckvjivipVSzteFKVu0saM=
-133,127,oQFrXkJr2VuINvyjig6xkqQkBnI=,cQwrRdckvjivipVSzteFKVu0saM=
-141,126,oQFrXkJr2VuINvyjig6xkqQkBnI=,cQwrRdckvjivipVSzteFKVu0saM=
-142,126,oQFrXkJr2VuINvyjig6xkqQkBnI=,cQwrRdckvjivipVSzteFKVu0saM=
-143,126,oQFrXkJr2VuINvyjig6xkqQkBnI=,cQwrRdckvjivipVSzteFKVu0saM=
-144,126,oQFrXkJr2VuINvyjig6xkqQkBnI=,cQwrRdckvjivipVSzteFKVu0saM=
-141,113,oQFrXkJr2VuINvyjig6xkqQkBnI=,cQwrRdckvjivipVSzteFKVu0saM=
-129,125,oQFrXkJr2VuINvyjig6xkqQkBnI=,cQwrRdckvjivipVSzteFKVu0saM=
-142,114,oQFrXkJr2VuINvyjig6xkqQkBnI=,cQwrRdckvjivipVSzteFKVu0saM=
-130,125,oQFrXkJr2VuINvyjig6xkqQkBnI=,cQwrRdckvjivipVSzteFKVu0saM=
-139,127,oQFrXkJr2VuINvyjig6xkqQkBnI=,cQwrRdckvjivipVSzteFKVu0saM=
-131,126,oQFrXkJr2VuINvyjig6xkqQkBnI=,cQwrRdckvjivipVSzteFKVu0saM=
-142,127,oQFrXkJr2VuINvyjig6xkqQkBnI=,cQwrRdckvjivipVSzteFKVu0saM=
-134,125,oQFrXkJr2VuINvyjig6xkqQkBnI=,cQwrRdckvjivipVSzteFKVu0saM=
-135,125,oQFrXkJr2VuINvyjig6xkqQkBnI=,cQwrRdckvjivipVSzteFKVu0saM=
-136,125,oQFrXkJr2VuINvyjig6xkqQkBnI=,cQwrRdckvjivipVSzteFKVu0saM=
-136,115,oQFrXkJr2VuINvyjig6xkqQkBnI=,cQwrRdckvjivipVSzteFKVu0saM=
-133,126,oQFrXkJr2VuINvyjig6xkqQkBnI=,cQwrRdckvjivipVSzteFKVu0saM=
-133,125,oQFrXkJr2VuINvyjig6xkqQkBnI=,cQwrRdckvjivipVSzteFKVu0saM=
-132,125,oQFrXkJr2VuINvyjig6xkqQkBnI=,cQwrRdckvjivipVSzteFKVu0saM=
-138,126,oQFrXkJr2VuINvyjig6xkqQkBnI=,cQwrRdckvjivipVSzteFKVu0saM=
-142,125,oQFrXkJr2VuINvyjig6xkqQkBnI=,cQwrRdckvjivipVSzteFKVu0saM=
-143,125,oQFrXkJr2VuINvyjig6xkqQkBnI=,cQwrRdckvjivipVSzteFKVu0saM=
-131,125,oQFrXkJr2VuINvyjig6xkqQkBnI=,cQwrRdckvjivipVSzteFKVu0saM=
-144,125,oQFrXkJr2VuINvyjig6xkqQkBnI=,cQwrRdckvjivipVSzteFKVu0saM=
-142,113,oQFrXkJr2VuINvyjig6xkqQkBnI=,cQwrRdckvjivipVSzteFKVu0saM=
-143,114,oQFrXkJr2VuINvyjig6xkqQkBnI=,cQwrRdckvjivipVSzteFKVu0saM=
-129,124,oQFrXkJr2VuINvyjig6xkqQkBnI=,cQwrRdckvjivipVSzteFKVu0saM=
-130,124,oQFrXkJr2VuINvyjig6xkqQkBnI=,cQwrRdckvjivipVSzteFKVu0saM=
-132,124,oQFrXkJr2VuINvyjig6xkqQkBnI=,cQwrRdckvjivipVSzteFKVu0saM=
-133,124,oQFrXkJr2VuINvyjig6xkqQkBnI=,cQwrRdckvjivipVSzteFKVu0saM=
-135,124,oQFrXkJr2VuINvyjig6xkqQkBnI=,cQwrRdckvjivipVSzteFKVu0saM=
-137,124,oQFrXkJr2VuINvyjig6xkqQkBnI=,cQwrRdckvjivipVSzteFKVu0saM=
-136,124,oQFrXkJr2VuINvyjig6xkqQkBnI=,cQwrRdckvjivipVSzteFKVu0saM=
-137,126,oQFrXkJr2VuINvyjig6xkqQkBnI=,cQwrRdckvjivipVSzteFKVu0saM=
-134,124,oQFrXkJr2VuINvyjig6xkqQkBnI=,cQwrRdckvjivipVSzteFKVu0saM=
-139,126,oQFrXkJr2VuINvyjig6xkqQkBnI=,cQwrRdckvjivipVSzteFKVu0saM=
-140,125,oQFrXkJr2VuINvyjig6xkqQkBnI=,cQwrRdckvjivipVSzteFKVu0saM=
-131,124,oQFrXkJr2VuINvyjig6xkqQkBnI=,cQwrRdckvjivipVSzteFKVu0saM=
-139,125,oQFrXkJr2VuINvyjig6xkqQkBnI=,cQwrRdckvjivipVSzteFKVu0saM=
-143,124,oQFrXkJr2VuINvyjig6xkqQkBnI=,cQwrRdckvjivipVSzteFKVu0saM=
-143,113,oQFrXkJr2VuINvyjig6xkqQkBnI=,cQwrRdckvjivipVSzteFKVu0saM=
-144,124,oQFrXkJr2VuINvyjig6xkqQkBnI=,cQwrRdckvjivipVSzteFKVu0saM=
-135,115,oQFrXkJr2VuINvyjig6xkqQkBnI=,cQwrRdckvjivipVSzteFKVu0saM=
-144,113,oQFrXkJr2VuINvyjig6xkqQkBnI=,cQwrRdckvjivipVSzteFKVu0saM=
-144,115,oQFrXkJr2VuINvyjig6xkqQkBnI=,cQwrRdckvjivipVSzteFKVu0saM=
-140,126,oQFrXkJr2VuINvyjig6xkqQkBnI=,cQwrRdckvjivipVSzteFKVu0saM=
-141,125,oQFrXkJr2VuINvyjig6xkqQkBnI=,cQwrRdckvjivipVSzteFKVu0saM=
-142,112,oQFrXkJr2VuINvyjig6xkqQkBnI=,cQwrRdckvjivipVSzteFKVu0saM=
-139,124,oQFrXkJr2VuINvyjig6xkqQkBnI=,cQwrRdckvjivipVSzteFKVu0saM=
-129,114,oQFrXkJr2VuINvyjig6xkqQkBnI=,cQwrRdckvjivipVSzteFKVu0saM=
-129,113,oQFrXkJr2VuINvyjig6xkqQkBnI=,cQwrRdckvjivipVSzteFKVu0saM=
-129,123,oQFrXkJr2VuINvyjig6xkqQkBnI=,cQwrRdckvjivipVSzteFKVu0saM=
-130,113,oQFrXkJr2VuINvyjig6xkqQkBnI=,cQwrRdckvjivipVSzteFKVu0saM=
-130,123,oQFrXkJr2VuINvyjig6xkqQkBnI=,cQwrRdckvjivipVSzteFKVu0saM=
-134,115,oQFrXkJr2VuINvyjig6xkqQkBnI=,cQwrRdckvjivipVSzteFKVu0saM=
-131,123,oQFrXkJr2VuINvyjig6xkqQkBnI=,cQwrRdckvjivipVSzteFKVu0saM=
-133,115,oQFrXkJr2VuINvyjig6xkqQkBnI=,cQwrRdckvjivipVSzteFKVu0saM=
-132,115,oQFrXkJr2VuINvyjig6xkqQkBnI=,cQwrRdckvjivipVSzteFKVu0saM=
-131,115,oQFrXkJr2VuINvyjig6xkqQkBnI=,cQwrRdckvjivipVSzteFKVu0saM=
-130,115,oQFrXkJr2VuINvyjig6xkqQkBnI=,cQwrRdckvjivipVSzteFKVu0saM=
-129,115,oQFrXkJr2VuINvyjig6xkqQkBnI=,cQwrRdckvjivipVSzteFKVu0saM=
-144,116,oQFrXkJr2VuINvyjig6xkqQkBnI=,cQwrRdckvjivipVSzteFKVu0saM=
-129,112,oQFrXkJr2VuINvyjig6xkqQkBnI=,cQwrRdckvjivipVSzteFKVu0saM=
-138,113,oQFrXkJr2VuINvyjig6xkqQkBnI=,cQwrRdckvjivipVSzteFKVu0saM=
-134,123,oQFrXkJr2VuINvyjig6xkqQkBnI=,cQwrRdckvjivipVSzteFKVu0saM=
-133,123,oQFrXkJr2VuINvyjig6xkqQkBnI=,cQwrRdckvjivipVSzteFKVu0saM=
-135,123,oQFrXkJr2VuINvyjig6xkqQkBnI=,cQwrRdckvjivipVSzteFKVu0saM=
-136,123,oQFrXkJr2VuINvyjig6xkqQkBnI=,cQwrRdckvjivipVSzteFKVu0saM=
-137,123,oQFrXkJr2VuINvyjig6xkqQkBnI=,cQwrRdckvjivipVSzteFKVu0saM=
-142,124,oQFrXkJr2VuINvyjig6xkqQkBnI=,cQwrRdckvjivipVSzteFKVu0saM=
-132,123,oQFrXkJr2VuINvyjig6xkqQkBnI=,cQwrRdckvjivipVSzteFKVu0saM=
-137,125,oQFrXkJr2VuINvyjig6xkqQkBnI=,cQwrRdckvjivipVSzteFKVu0saM=
-144,112,oQFrXkJr2VuINvyjig6xkqQkBnI=,cQwrRdckvjivipVSzteFKVu0saM=
-140,124,oQFrXkJr2VuINvyjig6xkqQkBnI=,cQwrRdckvjivipVSzteFKVu0saM=
-142,123,oQFrXkJr2VuINvyjig6xkqQkBnI=,cQwrRdckvjivipVSzteFKVu0saM=
-143,123,oQFrXkJr2VuINvyjig6xkqQkBnI=,cQwrRdckvjivipVSzteFKVu0saM=
-144,123,oQFrXkJr2VuINvyjig6xkqQkBnI=,cQwrRdckvjivipVSzteFKVu0saM=
-138,125,oQFrXkJr2VuINvyjig6xkqQkBnI=,cQwrRdckvjivipVSzteFKVu0saM=
-130,114,oQFrXkJr2VuINvyjig6xkqQkBnI=,cQwrRdckvjivipVSzteFKVu0saM=
-131,113,oQFrXkJr2VuINvyjig6xkqQkBnI=,cQwrRdckvjivipVSzteFKVu0saM=
-130,122,oQFrXkJr2VuINvyjig6xkqQkBnI=,cQwrRdckvjivipVSzteFKVu0saM=
-133,122,oQFrXkJr2VuINvyjig6xkqQkBnI=,cQwrRdckvjivipVSzteFKVu0saM=
-138,123,oQFrXkJr2VuINvyjig6xkqQkBnI=,cQwrRdckvjivipVSzteFKVu0saM=
-131,122,oQFrXkJr2VuINvyjig6xkqQkBnI=,cQwrRdckvjivipVSzteFKVu0saM=
-134,122,oQFrXkJr2VuINvyjig6xkqQkBnI=,cQwrRdckvjivipVSzteFKVu0saM=
-129,122,oQFrXkJr2VuINvyjig6xkqQkBnI=,cQwrRdckvjivipVSzteFKVu0saM=
-136,122,oQFrXkJr2VuINvyjig6xkqQkBnI=,cQwrRdckvjivipVSzteFKVu0saM=
-135,122,oQFrXkJr2VuINvyjig6xkqQkBnI=,cQwrRdckvjivipVSzteFKVu0saM=
-132,122,oQFrXkJr2VuINvyjig6xkqQkBnI=,cQwrRdckvjivipVSzteFKVu0saM=
-138,124,oQFrXkJr2VuINvyjig6xkqQkBnI=,cQwrRdckvjivipVSzteFKVu0saM=
-141,123,oQFrXkJr2VuINvyjig6xkqQkBnI=,cQwrRdckvjivipVSzteFKVu0saM=
-141,124,oQFrXkJr2VuINvyjig6xkqQkBnI=,cQwrRdckvjivipVSzteFKVu0saM=
-137,114,oQFrXkJr2VuINvyjig6xkqQkBnI=,cQwrRdckvjivipVSzteFKVu0saM=
-138,112,oQFrXkJr2VuINvyjig6xkqQkBnI=,cQwrRdckvjivipVSzteFKVu0saM=
-143,116,oQFrXkJr2VuINvyjig6xkqQkBnI=,cQwrRdckvjivipVSzteFKVu0saM=
-142,116,oQFrXkJr2VuINvyjig6xkqQkBnI=,cQwrRdckvjivipVSzteFKVu0saM=
-141,116,oQFrXkJr2VuINvyjig6xkqQkBnI=,cQwrRdckvjivipVSzteFKVu0saM=
-140,116,oQFrXkJr2VuINvyjig6xkqQkBnI=,cQwrRdckvjivipVSzteFKVu0saM=
-139,116,oQFrXkJr2VuINvyjig6xkqQkBnI=,cQwrRdckvjivipVSzteFKVu0saM=
-139,123,oQFrXkJr2VuINvyjig6xkqQkBnI=,cQwrRdckvjivipVSzteFKVu0saM=
-140,123,oQFrXkJr2VuINvyjig6xkqQkBnI=,cQwrRdckvjivipVSzteFKVu0saM=
-138,116,oQFrXkJr2VuINvyjig6xkqQkBnI=,cQwrRdckvjivipVSzteFKVu0saM=
-142,122,oQFrXkJr2VuINvyjig6xkqQkBnI=,cQwrRdckvjivipVSzteFKVu0saM=
-137,122,oQFrXkJr2VuINvyjig6xkqQkBnI=,cQwrRdckvjivipVSzteFKVu0saM=
-143,122,oQFrXkJr2VuINvyjig6xkqQkBnI=,cQwrRdckvjivipVSzteFKVu0saM=
-144,122,oQFrXkJr2VuINvyjig6xkqQkBnI=,cQwrRdckvjivipVSzteFKVu0saM=
-129,121,oQFrXkJr2VuINvyjig6xkqQkBnI=,cQwrRdckvjivipVSzteFKVu0saM=
-132,113,oQFrXkJr2VuINvyjig6xkqQkBnI=,cQwrRdckvjivipVSzteFKVu0saM=
-130,121,oQFrXkJr2VuINvyjig6xkqQkBnI=,cQwrRdckvjivipVSzteFKVu0saM=
-131,121,oQFrXkJr2VuINvyjig6xkqQkBnI=,cQwrRdckvjivipVSzteFKVu0saM=
-132,121,oQFrXkJr2VuINvyjig6xkqQkBnI=,cQwrRdckvjivipVSzteFKVu0saM=
-138,122,oQFrXkJr2VuINvyjig6xkqQkBnI=,cQwrRdckvjivipVSzteFKVu0saM=
-131,114,oQFrXkJr2VuINvyjig6xkqQkBnI=,cQwrRdckvjivipVSzteFKVu0saM=
-135,121,oQFrXkJr2VuINvyjig6xkqQkBnI=,cQwrRdckvjivipVSzteFKVu0saM=
-136,121,oQFrXkJr2VuINvyjig6xkqQkBnI=,cQwrRdckvjivipVSzteFKVu0saM=
-137,121,oQFrXkJr2VuINvyjig6xkqQkBnI=,cQwrRdckvjivipVSzteFKVu0saM=
-144,114,oQFrXkJr2VuINvyjig6xkqQkBnI=,cQwrRdckvjivipVSzteFKVu0saM=
-134,121,oQFrXkJr2VuINvyjig6xkqQkBnI=,cQwrRdckvjivipVSzteFKVu0saM=
-133,121,oQFrXkJr2VuINvyjig6xkqQkBnI=,cQwrRdckvjivipVSzteFKVu0saM=
-141,122,oQFrXkJr2VuINvyjig6xkqQkBnI=,cQwrRdckvjivipVSzteFKVu0saM=
-139,122,oQFrXkJr2VuINvyjig6xkqQkBnI=,cQwrRdckvjivipVSzteFKVu0saM=
-142,121,oQFrXkJr2VuINvyjig6xkqQkBnI=,cQwrRdckvjivipVSzteFKVu0saM=
-144,121,oQFrXkJr2VuINvyjig6xkqQkBnI=,cQwrRdckvjivipVSzteFKVu0saM=
-137,116,oQFrXkJr2VuINvyjig6xkqQkBnI=,cQwrRdckvjivipVSzteFKVu0saM=
-138,121,oQFrXkJr2VuINvyjig6xkqQkBnI=,cQwrRdckvjivipVSzteFKVu0saM=
-132,114,oQFrXkJr2VuINvyjig6xkqQkBnI=,cQwrRdckvjivipVSzteFKVu0saM=
-129,120,oQFrXkJr2VuINvyjig6xkqQkBnI=,cQwrRdckvjivipVSzteFKVu0saM=
-133,113,oQFrXkJr2VuINvyjig6xkqQkBnI=,cQwrRdckvjivipVSzteFKVu0saM=
-130,120,oQFrXkJr2VuINvyjig6xkqQkBnI=,cQwrRdckvjivipVSzteFKVu0saM=
-131,120,oQFrXkJr2VuINvyjig6xkqQkBnI=,cQwrRdckvjivipVSzteFKVu0saM=
-140,121,oQFrXkJr2VuINvyjig6xkqQkBnI=,cQwrRdckvjivipVSzteFKVu0saM=
-141,121,oQFrXkJr2VuINvyjig6xkqQkBnI=,cQwrRdckvjivipVSzteFKVu0saM=
-132,120,oQFrXkJr2VuINvyjig6xkqQkBnI=,cQwrRdckvjivipVSzteFKVu0saM=
-134,120,oQFrXkJr2VuINvyjig6xkqQkBnI=,cQwrRdckvjivipVSzteFKVu0saM=
-135,120,oQFrXkJr2VuINvyjig6xkqQkBnI=,cQwrRdckvjivipVSzteFKVu0saM=
-137,120,oQFrXkJr2VuINvyjig6xkqQkBnI=,cQwrRdckvjivipVSzteFKVu0saM=
-140,122,oQFrXkJr2VuINvyjig6xkqQkBnI=,cQwrRdckvjivipVSzteFKVu0saM=
-138,120,oQFrXkJr2VuINvyjig6xkqQkBnI=,cQwrRdckvjivipVSzteFKVu0saM=
-130,112,oQFrXkJr2VuINvyjig6xkqQkBnI=,cQwrRdckvjivipVSzteFKVu0saM=
-133,120,oQFrXkJr2VuINvyjig6xkqQkBnI=,cQwrRdckvjivipVSzteFKVu0saM=
-140,120,oQFrXkJr2VuINvyjig6xkqQkBnI=,cQwrRdckvjivipVSzteFKVu0saM=
-136,120,oQFrXkJr2VuINvyjig6xkqQkBnI=,cQwrRdckvjivipVSzteFKVu0saM=
-143,121,oQFrXkJr2VuINvyjig6xkqQkBnI=,cQwrRdckvjivipVSzteFKVu0saM=
-144,120,oQFrXkJr2VuINvyjig6xkqQkBnI=,cQwrRdckvjivipVSzteFKVu0saM=
-136,116,oQFrXkJr2VuINvyjig6xkqQkBnI=,cQwrRdckvjivipVSzteFKVu0saM=
-143,120,oQFrXkJr2VuINvyjig6xkqQkBnI=,cQwrRdckvjivipVSzteFKVu0saM=
-129,119,oQFrXkJr2VuINvyjig6xkqQkBnI=,cQwrRdckvjivipVSzteFKVu0saM=
-141,120,oQFrXkJr2VuINvyjig6xkqQkBnI=,cQwrRdckvjivipVSzteFKVu0saM=
-130,119,oQFrXkJr2VuINvyjig6xkqQkBnI=,cQwrRdckvjivipVSzteFKVu0saM=
-131,119,oQFrXkJr2VuINvyjig6xkqQkBnI=,cQwrRdckvjivipVSzteFKVu0saM=
-132,119,oQFrXkJr2VuINvyjig6xkqQkBnI=,cQwrRdckvjivipVSzteFKVu0saM=
-135,116,oQFrXkJr2VuINvyjig6xkqQkBnI=,cQwrRdckvjivipVSzteFKVu0saM=
-134,113,oQFrXkJr2VuINvyjig6xkqQkBnI=,cQwrRdckvjivipVSzteFKVu0saM=
-133,119,oQFrXkJr2VuINvyjig6xkqQkBnI=,cQwrRdckvjivipVSzteFKVu0saM=
-134,116,oQFrXkJr2VuINvyjig6xkqQkBnI=,cQwrRdckvjivipVSzteFKVu0saM=
-139,120,oQFrXkJr2VuINvyjig6xkqQkBnI=,cQwrRdckvjivipVSzteFKVu0saM=
-142,120,oQFrXkJr2VuINvyjig6xkqQkBnI=,cQwrRdckvjivipVSzteFKVu0saM=
-137,119,oQFrXkJr2VuINvyjig6xkqQkBnI=,cQwrRdckvjivipVSzteFKVu0saM=
-136,119,oQFrXkJr2VuINvyjig6xkqQkBnI=,cQwrRdckvjivipVSzteFKVu0saM=
-134,112,oQFrXkJr2VuINvyjig6xkqQkBnI=,cQwrRdckvjivipVSzteFKVu0saM=
-135,119,oQFrXkJr2VuINvyjig6xkqQkBnI=,cQwrRdckvjivipVSzteFKVu0saM=
-141,119,oQFrXkJr2VuINvyjig6xkqQkBnI=,cQwrRdckvjivipVSzteFKVu0saM=
-133,116,oQFrXkJr2VuINvyjig6xkqQkBnI=,cQwrRdckvjivipVSzteFKVu0saM=
-134,119,oQFrXkJr2VuINvyjig6xkqQkBnI=,cQwrRdckvjivipVSzteFKVu0saM=
-132,116,oQFrXkJr2VuINvyjig6xkqQkBnI=,cQwrRdckvjivipVSzteFKVu0saM=
-140,119,oQFrXkJr2VuINvyjig6xkqQkBnI=,cQwrRdckvjivipVSzteFKVu0saM=
-142,119,oQFrXkJr2VuINvyjig6xkqQkBnI=,cQwrRdckvjivipVSzteFKVu0saM=
-138,119,oQFrXkJr2VuINvyjig6xkqQkBnI=,cQwrRdckvjivipVSzteFKVu0saM=
-144,119,oQFrXkJr2VuINvyjig6xkqQkBnI=,cQwrRdckvjivipVSzteFKVu0saM=
-133,114,oQFrXkJr2VuINvyjig6xkqQkBnI=,cQwrRdckvjivipVSzteFKVu0saM=
-131,116,oQFrXkJr2VuINvyjig6xkqQkBnI=,cQwrRdckvjivipVSzteFKVu0saM=
-130,116,oQFrXkJr2VuINvyjig6xkqQkBnI=,cQwrRdckvjivipVSzteFKVu0saM=
-134,114,oQFrXkJr2VuINvyjig6xkqQkBnI=,cQwrRdckvjivipVSzteFKVu0saM=
-139,121,oQFrXkJr2VuINvyjig6xkqQkBnI=,cQwrRdckvjivipVSzteFKVu0saM=
-131,118,oQFrXkJr2VuINvyjig6xkqQkBnI=,cQwrRdckvjivipVSzteFKVu0saM=
-132,118,oQFrXkJr2VuINvyjig6xkqQkBnI=,cQwrRdckvjivipVSzteFKVu0saM=
-143,119,oQFrXkJr2VuINvyjig6xkqQkBnI=,cQwrRdckvjivipVSzteFKVu0saM=
-133,118,oQFrXkJr2VuINvyjig6xkqQkBnI=,cQwrRdckvjivipVSzteFKVu0saM=
-137,113,oQFrXkJr2VuINvyjig6xkqQkBnI=,cQwrRdckvjivipVSzteFKVu0saM=
-129,116,oQFrXkJr2VuINvyjig6xkqQkBnI=,cQwrRdckvjivipVSzteFKVu0saM=
-144,117,oQFrXkJr2VuINvyjig6xkqQkBnI=,cQwrRdckvjivipVSzteFKVu0saM=
-132,112,oQFrXkJr2VuINvyjig6xkqQkBnI=,cQwrRdckvjivipVSzteFKVu0saM=
-136,118,oQFrXkJr2VuINvyjig6xkqQkBnI=,cQwrRdckvjivipVSzteFKVu0saM=
-134,118,oQFrXkJr2VuINvyjig6xkqQkBnI=,cQwrRdckvjivipVSzteFKVu0saM=
-135,118,oQFrXkJr2VuINvyjig6xkqQkBnI=,cQwrRdckvjivipVSzteFKVu0saM=
-140,118,oQFrXkJr2VuINvyjig6xkqQkBnI=,cQwrRdckvjivipVSzteFKVu0saM=
-141,118,oQFrXkJr2VuINvyjig6xkqQkBnI=,cQwrRdckvjivipVSzteFKVu0saM=
-142,118,oQFrXkJr2VuINvyjig6xkqQkBnI=,cQwrRdckvjivipVSzteFKVu0saM=
-135,113,oQFrXkJr2VuINvyjig6xkqQkBnI=,cQwrRdckvjivipVSzteFKVu0saM=
-136,114,oQFrXkJr2VuINvyjig6xkqQkBnI=,cQwrRdckvjivipVSzteFKVu0saM=
-137,112,oQFrXkJr2VuINvyjig6xkqQkBnI=,cQwrRdckvjivipVSzteFKVu0saM=
-143,117,oQFrXkJr2VuINvyjig6xkqQkBnI=,cQwrRdckvjivipVSzteFKVu0saM=
-142,117,oQFrXkJr2VuINvyjig6xkqQkBnI=,cQwrRdckvjivipVSzteFKVu0saM=
-141,117,oQFrXkJr2VuINvyjig6xkqQkBnI=,cQwrRdckvjivipVSzteFKVu0saM=
-140,117,oQFrXkJr2VuINvyjig6xkqQkBnI=,cQwrRdckvjivipVSzteFKVu0saM=
-139,117,oQFrXkJr2VuINvyjig6xkqQkBnI=,cQwrRdckvjivipVSzteFKVu0saM=
-130,118,oQFrXkJr2VuINvyjig6xkqQkBnI=,cQwrRdckvjivipVSzteFKVu0saM=
-136,112,oQFrXkJr2VuINvyjig6xkqQkBnI=,cQwrRdckvjivipVSzteFKVu0saM=
-144,118,oQFrXkJr2VuINvyjig6xkqQkBnI=,cQwrRdckvjivipVSzteFKVu0saM=
-143,118,oQFrXkJr2VuINvyjig6xkqQkBnI=,cQwrRdckvjivipVSzteFKVu0saM=
-137,118,oQFrXkJr2VuINvyjig6xkqQkBnI=,cQwrRdckvjivipVSzteFKVu0saM=
-138,117,oQFrXkJr2VuINvyjig6xkqQkBnI=,cQwrRdckvjivipVSzteFKVu0saM=
-139,118,oQFrXkJr2VuINvyjig6xkqQkBnI=,cQwrRdckvjivipVSzteFKVu0saM=
-136,113,oQFrXkJr2VuINvyjig6xkqQkBnI=,cQwrRdckvjivipVSzteFKVu0saM=
-138,118,oQFrXkJr2VuINvyjig6xkqQkBnI=,cQwrRdckvjivipVSzteFKVu0saM=
-137,117,oQFrXkJr2VuINvyjig6xkqQkBnI=,cQwrRdckvjivipVSzteFKVu0saM=
-139,119,oQFrXkJr2VuINvyjig6xkqQkBnI=,cQwrRdckvjivipVSzteFKVu0saM=
-131,117,oQFrXkJr2VuINvyjig6xkqQkBnI=,cQwrRdckvjivipVSzteFKVu0saM=
-132,117,oQFrXkJr2VuINvyjig6xkqQkBnI=,cQwrRdckvjivipVSzteFKVu0saM=
-136,117,oQFrXkJr2VuINvyjig6xkqQkBnI=,cQwrRdckvjivipVSzteFKVu0saM=
-133,117,oQFrXkJr2VuINvyjig6xkqQkBnI=,cQwrRdckvjivipVSzteFKVu0saM=
-130,117,oQFrXkJr2VuINvyjig6xkqQkBnI=,cQwrRdckvjivipVSzteFKVu0saM=
-135,117,oQFrXkJr2VuINvyjig6xkqQkBnI=,cQwrRdckvjivipVSzteFKVu0saM=
-135,114,oQFrXkJr2VuINvyjig6xkqQkBnI=,cQwrRdckvjivipVSzteFKVu0saM=
-131,112,oQFrXkJr2VuINvyjig6xkqQkBnI=,cQwrRdckvjivipVSzteFKVu0saM=
-133,112,oQFrXkJr2VuINvyjig6xkqQkBnI=,cQwrRdckvjivipVSzteFKVu0saM=
-135,112,oQFrXkJr2VuINvyjig6xkqQkBnI=,cQwrRdckvjivipVSzteFKVu0saM=
-134,117,oQFrXkJr2VuINvyjig6xkqQkBnI=,cQwrRdckvjivipVSzteFKVu0saM=
-129,117,oQFrXkJr2VuINvyjig6xkqQkBnI=,cQwrRdckvjivipVSzteFKVu0saM=
-129,118,oQFrXkJr2VuINvyjig6xkqQkBnI=,cQwrRdckvjivipVSzteFKVu0saM=
-131,109,VN0MlRuh8ma8ZaNmdj2fZB1L/R8=,OiH3+o6VaaIHCJ2LBDLfnqRlInY=
-135,109,VN0MlRuh8ma8ZaNmdj2fZB1L/R8=,OiH3+o6VaaIHCJ2LBDLfnqRlInY=
-136,109,wIU4702rLy11RwvPNb6h07AgzJA=,OiH3+o6VaaIHCJ2LBDLfnqRlInY=
-137,109,wIU4702rLy11RwvPNb6h07AgzJA=,OiH3+o6VaaIHCJ2LBDLfnqRlInY=
-139,109,Zc2dlkx5RslbHm2NhgbW9niYPt4=,OiH3+o6VaaIHCJ2LBDLfnqRlInY=
-140,109,Zc2dlkx5RslbHm2NhgbW9niYPt4=,OiH3+o6VaaIHCJ2LBDLfnqRlInY=
-138,109,Zc2dlkx5RslbHm2NhgbW9niYPt4=,OiH3+o6VaaIHCJ2LBDLfnqRlInY=
-142,109,Zc2dlkx5RslbHm2NhgbW9niYPt4=,OiH3+o6VaaIHCJ2LBDLfnqRlInY=
-129,111,Zc2dlkx5RslbHm2NhgbW9niYPt4=,OiH3+o6VaaIHCJ2LBDLfnqRlInY=
-136,111,Zc2dlkx5RslbHm2NhgbW9niYPt4=,OiH3+o6VaaIHCJ2LBDLfnqRlInY=
-137,111,Zc2dlkx5RslbHm2NhgbW9niYPt4=,OiH3+o6VaaIHCJ2LBDLfnqRlInY=
-138,111,Zc2dlkx5RslbHm2NhgbW9niYPt4=,OiH3+o6VaaIHCJ2LBDLfnqRlInY=
-139,111,Zc2dlkx5RslbHm2NhgbW9niYPt4=,OiH3+o6VaaIHCJ2LBDLfnqRlInY=
-140,111,Zc2dlkx5RslbHm2NhgbW9niYPt4=,OiH3+o6VaaIHCJ2LBDLfnqRlInY=
-142,111,Zc2dlkx5RslbHm2NhgbW9niYPt4=,OiH3+o6VaaIHCJ2LBDLfnqRlInY=
-141,111,Zc2dlkx5RslbHm2NhgbW9niYPt4=,OiH3+o6VaaIHCJ2LBDLfnqRlInY=
-143,111,Zc2dlkx5RslbHm2NhgbW9niYPt4=,OiH3+o6VaaIHCJ2LBDLfnqRlInY=
-143,109,Zc2dlkx5RslbHm2NhgbW9niYPt4=,OiH3+o6VaaIHCJ2LBDLfnqRlInY=
-144,109,Zc2dlkx5RslbHm2NhgbW9niYPt4=,OiH3+o6VaaIHCJ2LBDLfnqRlInY=
-144,111,Zc2dlkx5RslbHm2NhgbW9niYPt4=,OiH3+o6VaaIHCJ2LBDLfnqRlInY=
-141,109,Zc2dlkx5RslbHm2NhgbW9niYPt4=,OiH3+o6VaaIHCJ2LBDLfnqRlInY=
-134,109,Zc2dlkx5RslbHm2NhgbW9niYPt4=,OiH3+o6VaaIHCJ2LBDLfnqRlInY=
-130,110,Zc2dlkx5RslbHm2NhgbW9niYPt4=,OiH3+o6VaaIHCJ2LBDLfnqRlInY=
-134,110,Zc2dlkx5RslbHm2NhgbW9niYPt4=,OiH3+o6VaaIHCJ2LBDLfnqRlInY=
-135,110,Zc2dlkx5RslbHm2NhgbW9niYPt4=,OiH3+o6VaaIHCJ2LBDLfnqRlInY=
-136,110,Zc2dlkx5RslbHm2NhgbW9niYPt4=,OiH3+o6VaaIHCJ2LBDLfnqRlInY=
-137,110,Zc2dlkx5RslbHm2NhgbW9niYPt4=,OiH3+o6VaaIHCJ2LBDLfnqRlInY=
-138,110,Zc2dlkx5RslbHm2NhgbW9niYPt4=,OiH3+o6VaaIHCJ2LBDLfnqRlInY=
-140,110,Zc2dlkx5RslbHm2NhgbW9niYPt4=,OiH3+o6VaaIHCJ2LBDLfnqRlInY=
-142,110,Zc2dlkx5RslbHm2NhgbW9niYPt4=,OiH3+o6VaaIHCJ2LBDLfnqRlInY=
-143,110,Zc2dlkx5RslbHm2NhgbW9niYPt4=,OiH3+o6VaaIHCJ2LBDLfnqRlInY=
-139,110,Zc2dlkx5RslbHm2NhgbW9niYPt4=,OiH3+o6VaaIHCJ2LBDLfnqRlInY=
-138,98,Zc2dlkx5RslbHm2NhgbW9niYPt4=,OiH3+o6VaaIHCJ2LBDLfnqRlInY=
-136,98,Zc2dlkx5RslbHm2NhgbW9niYPt4=,OiH3+o6VaaIHCJ2LBDLfnqRlInY=
-137,98,Zc2dlkx5RslbHm2NhgbW9niYPt4=,OiH3+o6VaaIHCJ2LBDLfnqRlInY=
-144,110,Zc2dlkx5RslbHm2NhgbW9niYPt4=,OiH3+o6VaaIHCJ2LBDLfnqRlInY=
-141,110,Zc2dlkx5RslbHm2NhgbW9niYPt4=,OiH3+o6VaaIHCJ2LBDLfnqRlInY=
-141,96,Zc2dlkx5RslbHm2NhgbW9niYPt4=,OiH3+o6VaaIHCJ2LBDLfnqRlInY=
-142,96,Zc2dlkx5RslbHm2NhgbW9niYPt4=,OiH3+o6VaaIHCJ2LBDLfnqRlInY=
-134,111,Zc2dlkx5RslbHm2NhgbW9niYPt4=,OiH3+o6VaaIHCJ2LBDLfnqRlInY=
-144,96,Zc2dlkx5RslbHm2NhgbW9niYPt4=,OiH3+o6VaaIHCJ2LBDLfnqRlInY=
-132,108,Zc2dlkx5RslbHm2NhgbW9niYPt4=,OiH3+o6VaaIHCJ2LBDLfnqRlInY=
-143,96,Zc2dlkx5RslbHm2NhgbW9niYPt4=,OiH3+o6VaaIHCJ2LBDLfnqRlInY=
-133,108,Zc2dlkx5RslbHm2NhgbW9niYPt4=,OiH3+o6VaaIHCJ2LBDLfnqRlInY=
-129,109,Zc2dlkx5RslbHm2NhgbW9niYPt4=,OiH3+o6VaaIHCJ2LBDLfnqRlInY=
-140,97,Zc2dlkx5RslbHm2NhgbW9niYPt4=,OiH3+o6VaaIHCJ2LBDLfnqRlInY=
-129,110,Zc2dlkx5RslbHm2NhgbW9niYPt4=,OiH3+o6VaaIHCJ2LBDLfnqRlInY=
-130,109,Zc2dlkx5RslbHm2NhgbW9niYPt4=,OiH3+o6VaaIHCJ2LBDLfnqRlInY=
-141,98,Zc2dlkx5RslbHm2NhgbW9niYPt4=,OiH3+o6VaaIHCJ2LBDLfnqRlInY=
-131,108,Zc2dlkx5RslbHm2NhgbW9niYPt4=,OiH3+o6VaaIHCJ2LBDLfnqRlInY=
-141,97,Zc2dlkx5RslbHm2NhgbW9niYPt4=,OiH3+o6VaaIHCJ2LBDLfnqRlInY=
-137,108,Zc2dlkx5RslbHm2NhgbW9niYPt4=,OiH3+o6VaaIHCJ2LBDLfnqRlInY=
-142,97,Zc2dlkx5RslbHm2NhgbW9niYPt4=,OiH3+o6VaaIHCJ2LBDLfnqRlInY=
-132,110,Zc2dlkx5RslbHm2NhgbW9niYPt4=,OiH3+o6VaaIHCJ2LBDLfnqRlInY=
-144,97,Zc2dlkx5RslbHm2NhgbW9niYPt4=,OiH3+o6VaaIHCJ2LBDLfnqRlInY=
-129,96,Zc2dlkx5RslbHm2NhgbW9niYPt4=,OiH3+o6VaaIHCJ2LBDLfnqRlInY=
-130,96,Zc2dlkx5RslbHm2NhgbW9niYPt4=,OiH3+o6VaaIHCJ2LBDLfnqRlInY=
-131,96,Zc2dlkx5RslbHm2NhgbW9niYPt4=,OiH3+o6VaaIHCJ2LBDLfnqRlInY=
-134,108,Zc2dlkx5RslbHm2NhgbW9niYPt4=,OiH3+o6VaaIHCJ2LBDLfnqRlInY=
-130,108,Zc2dlkx5RslbHm2NhgbW9niYPt4=,OiH3+o6VaaIHCJ2LBDLfnqRlInY=
-135,96,Zc2dlkx5RslbHm2NhgbW9niYPt4=,OiH3+o6VaaIHCJ2LBDLfnqRlInY=
-136,96,Zc2dlkx5RslbHm2NhgbW9niYPt4=,OiH3+o6VaaIHCJ2LBDLfnqRlInY=
-136,108,Zc2dlkx5RslbHm2NhgbW9niYPt4=,OiH3+o6VaaIHCJ2LBDLfnqRlInY=
-138,108,Zc2dlkx5RslbHm2NhgbW9niYPt4=,OiH3+o6VaaIHCJ2LBDLfnqRlInY=
-139,108,Zc2dlkx5RslbHm2NhgbW9niYPt4=,OiH3+o6VaaIHCJ2LBDLfnqRlInY=
-137,96,Zc2dlkx5RslbHm2NhgbW9niYPt4=,OiH3+o6VaaIHCJ2LBDLfnqRlInY=
-129,108,Zc2dlkx5RslbHm2NhgbW9niYPt4=,OiH3+o6VaaIHCJ2LBDLfnqRlInY=
-142,108,Zc2dlkx5RslbHm2NhgbW9niYPt4=,OiH3+o6VaaIHCJ2LBDLfnqRlInY=
-143,108,Zc2dlkx5RslbHm2NhgbW9niYPt4=,OiH3+o6VaaIHCJ2LBDLfnqRlInY=
-144,108,Zc2dlkx5RslbHm2NhgbW9niYPt4=,OiH3+o6VaaIHCJ2LBDLfnqRlInY=
-131,110,Zc2dlkx5RslbHm2NhgbW9niYPt4=,OiH3+o6VaaIHCJ2LBDLfnqRlInY=
-130,107,Zc2dlkx5RslbHm2NhgbW9niYPt4=,OiH3+o6VaaIHCJ2LBDLfnqRlInY=
-132,96,Zc2dlkx5RslbHm2NhgbW9niYPt4=,OiH3+o6VaaIHCJ2LBDLfnqRlInY=
-132,107,Zc2dlkx5RslbHm2NhgbW9niYPt4=,OiH3+o6VaaIHCJ2LBDLfnqRlInY=
-133,107,Zc2dlkx5RslbHm2NhgbW9niYPt4=,OiH3+o6VaaIHCJ2LBDLfnqRlInY=
-135,108,Zc2dlkx5RslbHm2NhgbW9niYPt4=,OiH3+o6VaaIHCJ2LBDLfnqRlInY=
-135,107,Zc2dlkx5RslbHm2NhgbW9niYPt4=,OiH3+o6VaaIHCJ2LBDLfnqRlInY=
-131,111,Zc2dlkx5RslbHm2NhgbW9niYPt4=,OiH3+o6VaaIHCJ2LBDLfnqRlInY=
-137,107,Zc2dlkx5RslbHm2NhgbW9niYPt4=,OiH3+o6VaaIHCJ2LBDLfnqRlInY=
-138,107,Zc2dlkx5RslbHm2NhgbW9niYPt4=,OiH3+o6VaaIHCJ2LBDLfnqRlInY=
-139,107,Zc2dlkx5RslbHm2NhgbW9niYPt4=,OiH3+o6VaaIHCJ2LBDLfnqRlInY=
-140,107,Zc2dlkx5RslbHm2NhgbW9niYPt4=,OiH3+o6VaaIHCJ2LBDLfnqRlInY=
-141,107,Zc2dlkx5RslbHm2NhgbW9niYPt4=,OiH3+o6VaaIHCJ2LBDLfnqRlInY=
-142,107,Zc2dlkx5RslbHm2NhgbW9niYPt4=,OiH3+o6VaaIHCJ2LBDLfnqRlInY=
-142,98,Zc2dlkx5RslbHm2NhgbW9niYPt4=,OiH3+o6VaaIHCJ2LBDLfnqRlInY=
-144,107,Zc2dlkx5RslbHm2NhgbW9niYPt4=,OiH3+o6VaaIHCJ2LBDLfnqRlInY=
-129,106,Zc2dlkx5RslbHm2NhgbW9niYPt4=,OiH3+o6VaaIHCJ2LBDLfnqRlInY=
-139,98,Zc2dlkx5RslbHm2NhgbW9niYPt4=,OiH3+o6VaaIHCJ2LBDLfnqRlInY=
-130,106,Zc2dlkx5RslbHm2NhgbW9niYPt4=,OiH3+o6VaaIHCJ2LBDLfnqRlInY=
-132,109,Zc2dlkx5RslbHm2NhgbW9niYPt4=,OiH3+o6VaaIHCJ2LBDLfnqRlInY=
-133,106,Zc2dlkx5RslbHm2NhgbW9niYPt4=,OiH3+o6VaaIHCJ2LBDLfnqRlInY=
-132,106,Zc2dlkx5RslbHm2NhgbW9niYPt4=,OiH3+o6VaaIHCJ2LBDLfnqRlInY=
-135,106,Zc2dlkx5RslbHm2NhgbW9niYPt4=,OiH3+o6VaaIHCJ2LBDLfnqRlInY=
-136,106,Zc2dlkx5RslbHm2NhgbW9niYPt4=,OiH3+o6VaaIHCJ2LBDLfnqRlInY=
-139,96,Zc2dlkx5RslbHm2NhgbW9niYPt4=,OiH3+o6VaaIHCJ2LBDLfnqRlInY=
-137,106,Zc2dlkx5RslbHm2NhgbW9niYPt4=,OiH3+o6VaaIHCJ2LBDLfnqRlInY=
-138,106,Zc2dlkx5RslbHm2NhgbW9niYPt4=,OiH3+o6VaaIHCJ2LBDLfnqRlInY=
-139,106,Zc2dlkx5RslbHm2NhgbW9niYPt4=,OiH3+o6VaaIHCJ2LBDLfnqRlInY=
-140,106,Zc2dlkx5RslbHm2NhgbW9niYPt4=,OiH3+o6VaaIHCJ2LBDLfnqRlInY=
-141,106,Zc2dlkx5RslbHm2NhgbW9niYPt4=,OiH3+o6VaaIHCJ2LBDLfnqRlInY=
-144,98,Zc2dlkx5RslbHm2NhgbW9niYPt4=,OiH3+o6VaaIHCJ2LBDLfnqRlInY=
-142,106,Zc2dlkx5RslbHm2NhgbW9niYPt4=,OiH3+o6VaaIHCJ2LBDLfnqRlInY=
-143,106,Zc2dlkx5RslbHm2NhgbW9niYPt4=,OiH3+o6VaaIHCJ2LBDLfnqRlInY=
-129,105,Zc2dlkx5RslbHm2NhgbW9niYPt4=,OiH3+o6VaaIHCJ2LBDLfnqRlInY=
-130,105,Zc2dlkx5RslbHm2NhgbW9niYPt4=,OiH3+o6VaaIHCJ2LBDLfnqRlInY=
-143,97,Zc2dlkx5RslbHm2NhgbW9niYPt4=,OiH3+o6VaaIHCJ2LBDLfnqRlInY=
-144,106,Zc2dlkx5RslbHm2NhgbW9niYPt4=,OiH3+o6VaaIHCJ2LBDLfnqRlInY=
-134,106,Zc2dlkx5RslbHm2NhgbW9niYPt4=,OiH3+o6VaaIHCJ2LBDLfnqRlInY=
-134,105,Zc2dlkx5RslbHm2NhgbW9niYPt4=,OiH3+o6VaaIHCJ2LBDLfnqRlInY=
-141,108,Zc2dlkx5RslbHm2NhgbW9niYPt4=,OiH3+o6VaaIHCJ2LBDLfnqRlInY=
-136,105,Zc2dlkx5RslbHm2NhgbW9niYPt4=,OiH3+o6VaaIHCJ2LBDLfnqRlInY=
-133,96,Zc2dlkx5RslbHm2NhgbW9niYPt4=,OiH3+o6VaaIHCJ2LBDLfnqRlInY=
-138,105,Zc2dlkx5RslbHm2NhgbW9niYPt4=,OiH3+o6VaaIHCJ2LBDLfnqRlInY=
-139,105,Zc2dlkx5RslbHm2NhgbW9niYPt4=,OiH3+o6VaaIHCJ2LBDLfnqRlInY=
-140,105,Zc2dlkx5RslbHm2NhgbW9niYPt4=,OiH3+o6VaaIHCJ2LBDLfnqRlInY=
-135,111,Zc2dlkx5RslbHm2NhgbW9niYPt4=,OiH3+o6VaaIHCJ2LBDLfnqRlInY=
-142,105,Zc2dlkx5RslbHm2NhgbW9niYPt4=,OiH3+o6VaaIHCJ2LBDLfnqRlInY=
-143,105,Zc2dlkx5RslbHm2NhgbW9niYPt4=,OiH3+o6VaaIHCJ2LBDLfnqRlInY=
-144,105,Zc2dlkx5RslbHm2NhgbW9niYPt4=,OiH3+o6VaaIHCJ2LBDLfnqRlInY=
-129,104,Zc2dlkx5RslbHm2NhgbW9niYPt4=,OiH3+o6VaaIHCJ2LBDLfnqRlInY=
-130,104,Zc2dlkx5RslbHm2NhgbW9niYPt4=,OiH3+o6VaaIHCJ2LBDLfnqRlInY=
-131,104,Zc2dlkx5RslbHm2NhgbW9niYPt4=,OiH3+o6VaaIHCJ2LBDLfnqRlInY=
-141,105,Zc2dlkx5RslbHm2NhgbW9niYPt4=,OiH3+o6VaaIHCJ2LBDLfnqRlInY=
-143,107,Zc2dlkx5RslbHm2NhgbW9niYPt4=,OiH3+o6VaaIHCJ2LBDLfnqRlInY=
-134,104,Zc2dlkx5RslbHm2NhgbW9niYPt4=,OiH3+o6VaaIHCJ2LBDLfnqRlInY=
-135,98,Zc2dlkx5RslbHm2NhgbW9niYPt4=,OiH3+o6VaaIHCJ2LBDLfnqRlInY=
-143,98,Zc2dlkx5RslbHm2NhgbW9niYPt4=,OiH3+o6VaaIHCJ2LBDLfnqRlInY=
-136,104,Zc2dlkx5RslbHm2NhgbW9niYPt4=,OiH3+o6VaaIHCJ2LBDLfnqRlInY=
-129,97,Zc2dlkx5RslbHm2NhgbW9niYPt4=,OiH3+o6VaaIHCJ2LBDLfnqRlInY=
-138,104,Zc2dlkx5RslbHm2NhgbW9niYPt4=,OiH3+o6VaaIHCJ2LBDLfnqRlInY=
-139,104,Zc2dlkx5RslbHm2NhgbW9niYPt4=,OiH3+o6VaaIHCJ2LBDLfnqRlInY=
-130,97,Zc2dlkx5RslbHm2NhgbW9niYPt4=,OiH3+o6VaaIHCJ2LBDLfnqRlInY=
-140,104,Zc2dlkx5RslbHm2NhgbW9niYPt4=,OiH3+o6VaaIHCJ2LBDLfnqRlInY=
-141,104,Zc2dlkx5RslbHm2NhgbW9niYPt4=,OiH3+o6VaaIHCJ2LBDLfnqRlInY=
-142,104,Zc2dlkx5RslbHm2NhgbW9niYPt4=,OiH3+o6VaaIHCJ2LBDLfnqRlInY=
-143,104,Zc2dlkx5RslbHm2NhgbW9niYPt4=,OiH3+o6VaaIHCJ2LBDLfnqRlInY=
-144,104,Zc2dlkx5RslbHm2NhgbW9niYPt4=,OiH3+o6VaaIHCJ2LBDLfnqRlInY=
-129,103,Zc2dlkx5RslbHm2NhgbW9niYPt4=,OiH3+o6VaaIHCJ2LBDLfnqRlInY=
-130,103,Zc2dlkx5RslbHm2NhgbW9niYPt4=,OiH3+o6VaaIHCJ2LBDLfnqRlInY=
-140,108,Zc2dlkx5RslbHm2NhgbW9niYPt4=,OiH3+o6VaaIHCJ2LBDLfnqRlInY=
-132,103,Zc2dlkx5RslbHm2NhgbW9niYPt4=,OiH3+o6VaaIHCJ2LBDLfnqRlInY=
-133,103,Zc2dlkx5RslbHm2NhgbW9niYPt4=,OiH3+o6VaaIHCJ2LBDLfnqRlInY=
-131,105,Zc2dlkx5RslbHm2NhgbW9niYPt4=,OiH3+o6VaaIHCJ2LBDLfnqRlInY=
-135,103,Zc2dlkx5RslbHm2NhgbW9niYPt4=,OiH3+o6VaaIHCJ2LBDLfnqRlInY=
-134,107,Zc2dlkx5RslbHm2NhgbW9niYPt4=,OiH3+o6VaaIHCJ2LBDLfnqRlInY=
-133,105,Zc2dlkx5RslbHm2NhgbW9niYPt4=,OiH3+o6VaaIHCJ2LBDLfnqRlInY=
-139,103,Zc2dlkx5RslbHm2NhgbW9niYPt4=,OiH3+o6VaaIHCJ2LBDLfnqRlInY=
-130,111,Zc2dlkx5RslbHm2NhgbW9niYPt4=,OiH3+o6VaaIHCJ2LBDLfnqRlInY=
-140,103,Zc2dlkx5RslbHm2NhgbW9niYPt4=,OiH3+o6VaaIHCJ2LBDLfnqRlInY=
-141,103,Zc2dlkx5RslbHm2NhgbW9niYPt4=,OiH3+o6VaaIHCJ2LBDLfnqRlInY=
-143,103,Zc2dlkx5RslbHm2NhgbW9niYPt4=,OiH3+o6VaaIHCJ2LBDLfnqRlInY=
-142,103,Zc2dlkx5RslbHm2NhgbW9niYPt4=,OiH3+o6VaaIHCJ2LBDLfnqRlInY=
-144,103,Zc2dlkx5RslbHm2NhgbW9niYPt4=,OiH3+o6VaaIHCJ2LBDLfnqRlInY=
-129,102,Zc2dlkx5RslbHm2NhgbW9niYPt4=,OiH3+o6VaaIHCJ2LBDLfnqRlInY=
-133,104,Zc2dlkx5RslbHm2NhgbW9niYPt4=,OiH3+o6VaaIHCJ2LBDLfnqRlInY=
-131,103,Zc2dlkx5RslbHm2NhgbW9niYPt4=,OiH3+o6VaaIHCJ2LBDLfnqRlInY=
-139,97,Zc2dlkx5RslbHm2NhgbW9niYPt4=,OiH3+o6VaaIHCJ2LBDLfnqRlInY=
-131,107,Zc2dlkx5RslbHm2NhgbW9niYPt4=,OiH3+o6VaaIHCJ2LBDLfnqRlInY=
-133,102,Zc2dlkx5RslbHm2NhgbW9niYPt4=,OiH3+o6VaaIHCJ2LBDLfnqRlInY=
-134,102,Zc2dlkx5RslbHm2NhgbW9niYPt4=,OiH3+o6VaaIHCJ2LBDLfnqRlInY=
-133,109,Zc2dlkx5RslbHm2NhgbW9niYPt4=,OiH3+o6VaaIHCJ2LBDLfnqRlInY=
-136,102,Zc2dlkx5RslbHm2NhgbW9niYPt4=,OiH3+o6VaaIHCJ2LBDLfnqRlInY=
-130,102,Zc2dlkx5RslbHm2NhgbW9niYPt4=,OiH3+o6VaaIHCJ2LBDLfnqRlInY=
-129,107,Zc2dlkx5RslbHm2NhgbW9niYPt4=,OiH3+o6VaaIHCJ2LBDLfnqRlInY=
-139,102,Zc2dlkx5RslbHm2NhgbW9niYPt4=,OiH3+o6VaaIHCJ2LBDLfnqRlInY=
-140,102,Zc2dlkx5RslbHm2NhgbW9niYPt4=,OiH3+o6VaaIHCJ2LBDLfnqRlInY=
-141,102,Zc2dlkx5RslbHm2NhgbW9niYPt4=,OiH3+o6VaaIHCJ2LBDLfnqRlInY=
-142,102,Zc2dlkx5RslbHm2NhgbW9niYPt4=,OiH3+o6VaaIHCJ2LBDLfnqRlInY=
-143,102,Zc2dlkx5RslbHm2NhgbW9niYPt4=,OiH3+o6VaaIHCJ2LBDLfnqRlInY=
-144,102,Zc2dlkx5RslbHm2NhgbW9niYPt4=,OiH3+o6VaaIHCJ2LBDLfnqRlInY=
-138,103,Zc2dlkx5RslbHm2NhgbW9niYPt4=,OiH3+o6VaaIHCJ2LBDLfnqRlInY=
-137,103,Zc2dlkx5RslbHm2NhgbW9niYPt4=,OiH3+o6VaaIHCJ2LBDLfnqRlInY=
-137,105,Zc2dlkx5RslbHm2NhgbW9niYPt4=,OiH3+o6VaaIHCJ2LBDLfnqRlInY=
-136,107,Zc2dlkx5RslbHm2NhgbW9niYPt4=,OiH3+o6VaaIHCJ2LBDLfnqRlInY=
-134,101,Zc2dlkx5RslbHm2NhgbW9niYPt4=,OiH3+o6VaaIHCJ2LBDLfnqRlInY=
-135,101,Zc2dlkx5RslbHm2NhgbW9niYPt4=,OiH3+o6VaaIHCJ2LBDLfnqRlInY=
-137,104,Zc2dlkx5RslbHm2NhgbW9niYPt4=,OiH3+o6VaaIHCJ2LBDLfnqRlInY=
-138,102,Zc2dlkx5RslbHm2NhgbW9niYPt4=,OiH3+o6VaaIHCJ2LBDLfnqRlInY=
-129,101,Zc2dlkx5RslbHm2NhgbW9niYPt4=,OiH3+o6VaaIHCJ2LBDLfnqRlInY=
-139,101,Zc2dlkx5RslbHm2NhgbW9niYPt4=,OiH3+o6VaaIHCJ2LBDLfnqRlInY=
-140,101,Zc2dlkx5RslbHm2NhgbW9niYPt4=,OiH3+o6VaaIHCJ2LBDLfnqRlInY=
-141,101,Zc2dlkx5RslbHm2NhgbW9niYPt4=,OiH3+o6VaaIHCJ2LBDLfnqRlInY=
-142,101,Zc2dlkx5RslbHm2NhgbW9niYPt4=,OiH3+o6VaaIHCJ2LBDLfnqRlInY=
-143,101,Zc2dlkx5RslbHm2NhgbW9niYPt4=,OiH3+o6VaaIHCJ2LBDLfnqRlInY=
-134,98,Zc2dlkx5RslbHm2NhgbW9niYPt4=,OiH3+o6VaaIHCJ2LBDLfnqRlInY=
-132,101,Zc2dlkx5RslbHm2NhgbW9niYPt4=,OiH3+o6VaaIHCJ2LBDLfnqRlInY=
-135,105,Zc2dlkx5RslbHm2NhgbW9niYPt4=,OiH3+o6VaaIHCJ2LBDLfnqRlInY=
-131,97,Zc2dlkx5RslbHm2NhgbW9niYPt4=,OiH3+o6VaaIHCJ2LBDLfnqRlInY=
-133,110,Zc2dlkx5RslbHm2NhgbW9niYPt4=,OiH3+o6VaaIHCJ2LBDLfnqRlInY=
-135,97,Zc2dlkx5RslbHm2NhgbW9niYPt4=,OiH3+o6VaaIHCJ2LBDLfnqRlInY=
-133,97,Zc2dlkx5RslbHm2NhgbW9niYPt4=,OiH3+o6VaaIHCJ2LBDLfnqRlInY=
-133,100,Zc2dlkx5RslbHm2NhgbW9niYPt4=,OiH3+o6VaaIHCJ2LBDLfnqRlInY=
-134,100,Zc2dlkx5RslbHm2NhgbW9niYPt4=,OiH3+o6VaaIHCJ2LBDLfnqRlInY=
-132,102,Zc2dlkx5RslbHm2NhgbW9niYPt4=,OiH3+o6VaaIHCJ2LBDLfnqRlInY=
-129,100,Zc2dlkx5RslbHm2NhgbW9niYPt4=,OiH3+o6VaaIHCJ2LBDLfnqRlInY=
-135,104,Zc2dlkx5RslbHm2NhgbW9niYPt4=,OiH3+o6VaaIHCJ2LBDLfnqRlInY=
-134,97,Zc2dlkx5RslbHm2NhgbW9niYPt4=,OiH3+o6VaaIHCJ2LBDLfnqRlInY=
-139,100,Zc2dlkx5RslbHm2NhgbW9niYPt4=,OiH3+o6VaaIHCJ2LBDLfnqRlInY=
-140,100,Zc2dlkx5RslbHm2NhgbW9niYPt4=,OiH3+o6VaaIHCJ2LBDLfnqRlInY=
-141,100,Zc2dlkx5RslbHm2NhgbW9niYPt4=,OiH3+o6VaaIHCJ2LBDLfnqRlInY=
-142,100,Zc2dlkx5RslbHm2NhgbW9niYPt4=,OiH3+o6VaaIHCJ2LBDLfnqRlInY=
-143,100,Zc2dlkx5RslbHm2NhgbW9niYPt4=,OiH3+o6VaaIHCJ2LBDLfnqRlInY=
-132,105,Zc2dlkx5RslbHm2NhgbW9niYPt4=,OiH3+o6VaaIHCJ2LBDLfnqRlInY=
-131,102,Zc2dlkx5RslbHm2NhgbW9niYPt4=,OiH3+o6VaaIHCJ2LBDLfnqRlInY=
-132,97,Zc2dlkx5RslbHm2NhgbW9niYPt4=,OiH3+o6VaaIHCJ2LBDLfnqRlInY=
-138,101,Zc2dlkx5RslbHm2NhgbW9niYPt4=,OiH3+o6VaaIHCJ2LBDLfnqRlInY=
-129,99,Zc2dlkx5RslbHm2NhgbW9niYPt4=,OiH3+o6VaaIHCJ2LBDLfnqRlInY=
-132,99,Zc2dlkx5RslbHm2NhgbW9niYPt4=,OiH3+o6VaaIHCJ2LBDLfnqRlInY=
-140,96,Zc2dlkx5RslbHm2NhgbW9niYPt4=,OiH3+o6VaaIHCJ2LBDLfnqRlInY=
-131,101,Zc2dlkx5RslbHm2NhgbW9niYPt4=,OiH3+o6VaaIHCJ2LBDLfnqRlInY=
-135,102,Zc2dlkx5RslbHm2NhgbW9niYPt4=,OiH3+o6VaaIHCJ2LBDLfnqRlInY=
-136,99,Zc2dlkx5RslbHm2NhgbW9niYPt4=,OiH3+o6VaaIHCJ2LBDLfnqRlInY=
-137,99,Zc2dlkx5RslbHm2NhgbW9niYPt4=,OiH3+o6VaaIHCJ2LBDLfnqRlInY=
-138,99,Zc2dlkx5RslbHm2NhgbW9niYPt4=,OiH3+o6VaaIHCJ2LBDLfnqRlInY=
-139,99,Zc2dlkx5RslbHm2NhgbW9niYPt4=,OiH3+o6VaaIHCJ2LBDLfnqRlInY=
-140,99,Zc2dlkx5RslbHm2NhgbW9niYPt4=,OiH3+o6VaaIHCJ2LBDLfnqRlInY=
-142,99,Zc2dlkx5RslbHm2NhgbW9niYPt4=,OiH3+o6VaaIHCJ2LBDLfnqRlInY=
-141,99,Zc2dlkx5RslbHm2NhgbW9niYPt4=,OiH3+o6VaaIHCJ2LBDLfnqRlInY=
-130,99,Zc2dlkx5RslbHm2NhgbW9niYPt4=,OiH3+o6VaaIHCJ2LBDLfnqRlInY=
-134,96,Zc2dlkx5RslbHm2NhgbW9niYPt4=,OiH3+o6VaaIHCJ2LBDLfnqRlInY=
-137,102,Zc2dlkx5RslbHm2NhgbW9niYPt4=,OiH3+o6VaaIHCJ2LBDLfnqRlInY=
-143,99,Zc2dlkx5RslbHm2NhgbW9niYPt4=,OiH3+o6VaaIHCJ2LBDLfnqRlInY=
-131,99,Zc2dlkx5RslbHm2NhgbW9niYPt4=,OiH3+o6VaaIHCJ2LBDLfnqRlInY=
-129,98,Zc2dlkx5RslbHm2NhgbW9niYPt4=,OiH3+o6VaaIHCJ2LBDLfnqRlInY=
-137,101,Zc2dlkx5RslbHm2NhgbW9niYPt4=,OiH3+o6VaaIHCJ2LBDLfnqRlInY=
-132,98,Zc2dlkx5RslbHm2NhgbW9niYPt4=,OiH3+o6VaaIHCJ2LBDLfnqRlInY=
-135,99,Zc2dlkx5RslbHm2NhgbW9niYPt4=,OiH3+o6VaaIHCJ2LBDLfnqRlInY=
-133,101,Zc2dlkx5RslbHm2NhgbW9niYPt4=,OiH3+o6VaaIHCJ2LBDLfnqRlInY=
-138,100,Zc2dlkx5RslbHm2NhgbW9niYPt4=,OiH3+o6VaaIHCJ2LBDLfnqRlInY=
-137,97,Zc2dlkx5RslbHm2NhgbW9niYPt4=,OiH3+o6VaaIHCJ2LBDLfnqRlInY=
-136,97,Zc2dlkx5RslbHm2NhgbW9niYPt4=,OiH3+o6VaaIHCJ2LBDLfnqRlInY=
-144,100,Zc2dlkx5RslbHm2NhgbW9niYPt4=,OiH3+o6VaaIHCJ2LBDLfnqRlInY=
-144,101,Zc2dlkx5RslbHm2NhgbW9niYPt4=,OiH3+o6VaaIHCJ2LBDLfnqRlInY=
-136,100,Zc2dlkx5RslbHm2NhgbW9niYPt4=,OiH3+o6VaaIHCJ2LBDLfnqRlInY=
-130,100,Zc2dlkx5RslbHm2NhgbW9niYPt4=,OiH3+o6VaaIHCJ2LBDLfnqRlInY=
-134,103,Zc2dlkx5RslbHm2NhgbW9niYPt4=,OiH3+o6VaaIHCJ2LBDLfnqRlInY=
-137,100,Zc2dlkx5RslbHm2NhgbW9niYPt4=,OiH3+o6VaaIHCJ2LBDLfnqRlInY=
-133,111,Zc2dlkx5RslbHm2NhgbW9niYPt4=,OiH3+o6VaaIHCJ2LBDLfnqRlInY=
-140,98,Zc2dlkx5RslbHm2NhgbW9niYPt4=,OiH3+o6VaaIHCJ2LBDLfnqRlInY=
-132,104,Zc2dlkx5RslbHm2NhgbW9niYPt4=,OiH3+o6VaaIHCJ2LBDLfnqRlInY=
-130,98,Zc2dlkx5RslbHm2NhgbW9niYPt4=,OiH3+o6VaaIHCJ2LBDLfnqRlInY=
-135,100,Zc2dlkx5RslbHm2NhgbW9niYPt4=,OiH3+o6VaaIHCJ2LBDLfnqRlInY=
-133,98,Zc2dlkx5RslbHm2NhgbW9niYPt4=,OiH3+o6VaaIHCJ2LBDLfnqRlInY=
-130,101,Zc2dlkx5RslbHm2NhgbW9niYPt4=,OiH3+o6VaaIHCJ2LBDLfnqRlInY=
-134,99,Zc2dlkx5RslbHm2NhgbW9niYPt4=,OiH3+o6VaaIHCJ2LBDLfnqRlInY=
-144,99,Zc2dlkx5RslbHm2NhgbW9niYPt4=,OiH3+o6VaaIHCJ2LBDLfnqRlInY=
-136,101,Zc2dlkx5RslbHm2NhgbW9niYPt4=,OiH3+o6VaaIHCJ2LBDLfnqRlInY=
-131,106,Zc2dlkx5RslbHm2NhgbW9niYPt4=,OiH3+o6VaaIHCJ2LBDLfnqRlInY=
-133,99,Zc2dlkx5RslbHm2NhgbW9niYPt4=,OiH3+o6VaaIHCJ2LBDLfnqRlInY=
-131,98,Zc2dlkx5RslbHm2NhgbW9niYPt4=,OiH3+o6VaaIHCJ2LBDLfnqRlInY=
-131,100,Zc2dlkx5RslbHm2NhgbW9niYPt4=,OiH3+o6VaaIHCJ2LBDLfnqRlInY=
-136,103,Zc2dlkx5RslbHm2NhgbW9niYPt4=,OiH3+o6VaaIHCJ2LBDLfnqRlInY=
-138,96,Zc2dlkx5RslbHm2NhgbW9niYPt4=,OiH3+o6VaaIHCJ2LBDLfnqRlInY=
-132,100,Zc2dlkx5RslbHm2NhgbW9niYPt4=,OiH3+o6VaaIHCJ2LBDLfnqRlInY=
-132,111,Zc2dlkx5RslbHm2NhgbW9niYPt4=,OiH3+o6VaaIHCJ2LBDLfnqRlInY=
-138,97,Zc2dlkx5RslbHm2NhgbW9niYPt4=,OiH3+o6VaaIHCJ2LBDLfnqRlInY=
