9,-7,AWn3lk0IrLJp29p7BExqtjrqn2I=,jIsSAveBZDSWzuxcQ81DBiUAtVk=
9,-8,AWn3lk0IrLJp29p7BExqtjrqn2I=,jIsSAveBZDSWzuxcQ81DBiUAtVk=
9,-5,AWn3lk0IrLJp29p7BExqtjrqn2I=,BTLYV+GmxLxON//zvo8zc5JG3Eo=
9,-6,AWn3lk0IrLJp29p7BExqtjrqn2I=,jIsSAveBZDSWzuxcQ81DBiUAtVk=
9,-3,AWn3lk0IrLJp29p7BExqtjrqn2I=,n5KkGrzkyZohwmijz/889gwjeqg=
9,-4,AWn3lk0IrLJp29p7BExqtjrqn2I=,WWLuL7ILygZh/UehxsC1evaM8JQ=
8,-7,2B16VHnWKAMfTJphdzjdqw3lQAw=,jIsSAveBZDSWzuxcQ81DBiUAtVk=
8,-6,2B16VHnWKAMfTJphdzjdqw3lQAw=,jIsSAveBZDSWzuxcQ81DBiUAtVk=
8,-5,2B16VHnWKAMfTJphdzjdqw3lQAw=,b0NFQYuZ+bd4X2rUEnJYCUQCqvE=
8,-4,2B16VHnWKAMfTJphdzjdqw3lQAw=,stHKSixzBWDh4VfdaQkKFRxVgOw=
8,-3,2B16VHnWKAMfTJphdzjdqw3lQAw=,jIsSAveBZDSWzuxcQ81DBiUAtVk=
8,-2,2B16VHnWKAMfTJphdzjdqw3lQAw=,jIsSAveBZDSWzuxcQ81DBiUAtVk=
8,-1,2B16VHnWKAMfTJphdzjdqw3lQAw=,jIsSAveBZDSWzuxcQ81DBiUAtVk=
7,-1,2B16VHnWKAMfTJphdzjdqw3lQAw=,wyueTBGCXKSpuVa1ZnLX6nodktk=
7,-2,2B16VHnWKAMfTJphdzjdqw3lQAw=,wyueTBGCXKSpuVa1ZnLX6nodktk=
7,-3,2B16VHnWKAMfTJphdzjdqw3lQAw=,qpYMwseS/Adr3WMrnBVfdmHCIuk=
7,-4,2B16VHnWKAMfTJphdzjdqw3lQAw=,qpYMwseS/Adr3WMrnBVfdmHCIuk=
7,-5,2B16VHnWKAMfTJphdzjdqw3lQAw=,qpYMwseS/Adr3WMrnBVfdmHCIuk=
7,-6,n0WHV5UNp509E8UO/OEGGqRPV3o=,5S0AsXI3xxiuVOxO6yA+tDc8M0E=
7,-7,n0WHV5UNp509E8UO/OEGGqRPV3o=,wyueTBGCXKSpuVa1ZnLX6nodktk=
6,-2,n0WHV5UNp509E8UO/OEGGqRPV3o=,LLCWccyz/y2uoEpj5OUCTasTFUE=
6,-1,n0WHV5UNp509E8UO/OEGGqRPV3o=,khsQQGOcSUD5pZEd2XhMkAqoAuc=
6,-4,n0WHV5UNp509E8UO/OEGGqRPV3o=,epo7XOTmCigp581/3VGRpoUGJ3E=
6,-3,n0WHV5UNp509E8UO/OEGGqRPV3o=,i0xtIFywjPl9BrUlJ5Uic1qpkl0=
6,-6,n0WHV5UNp509E8UO/OEGGqRPV3o=,B5OhKxmCdW/JvO24XKyWY/6sPTs=
6,-5,n0WHV5UNp509E8UO/OEGGqRPV3o=,Yp8L1o6EUWPBCpY4f+12IPD2LsU=
6,-7,n0WHV5UNp509E8UO/OEGGqRPV3o=,5S0AsXI3xxiuVOxO6yA+tDc8M0E=
5,-3,n0WHV5UNp509E8UO/OEGGqRPV3o=,IB+7EMY78EMPPqbrP3NSv8KsUnw=
5,-4,n0WHV5UNp509E8UO/OEGGqRPV3o=,ILed5flDS/pYWmpS7L4T/MUHHho=
5,-1,n0WHV5UNp509E8UO/OEGGqRPV3o=,Zv8XnEdu7QkPS03rGQY4oOrmVNo=
5,-2,fBT8hWtQxmH5GBPO+ylG2pTAjoQ=,tyiUDEjf5AowTXquhnhQZYdOZoU=
5,-5,fBT8hWtQxmH5GBPO+ylG2pTAjoQ=,MeMLJHsYzssVwmszzgZJ6c5vPLU=
5,-6,fBT8hWtQxmH5GBPO+ylG2pTAjoQ=,Pr+qXuESjiRgKZGQ3uPCHr75584=
4,-4,fBT8hWtQxmH5GBPO+ylG2pTAjoQ=,DM0STqSCgm5htjNqQ2myNzmIc8o=
4,-3,fBT8hWtQxmH5GBPO+ylG2pTAjoQ=,diezmyp/HR5mjl7OhHN2y5VOfq0=
4,-2,fBT8hWtQxmH5GBPO+ylG2pTAjoQ=,wjaBAGtMyCwShRO4oTyrDEBQ2uA=
4,-1,fBT8hWtQxmH5GBPO+ylG2pTAjoQ=,FQK57xSL+zvZ4+aRIhkSw1R6fFo=
4,-5,fBT8hWtQxmH5GBPO+ylG2pTAjoQ=,wyueTBGCXKSpuVa1ZnLX6nodktk=
3,-5,tNkoJbQPwSjVxSc0+J5W5bGlweE=,wyueTBGCXKSpuVa1ZnLX6nodktk=
3,-1,tNkoJbQPwSjVxSc0+J5W5bGlweE=,IFoB0kzg1bkT0Kd2eX3fCZBFYv0=
3,-2,tNkoJbQPwSjVxSc0+J5W5bGlweE=,bbO/xac1Zc85uFES3U9CMu5vxt0=
3,-3,tNkoJbQPwSjVxSc0+J5W5bGlweE=,JZaYImPXPimPZlMVoMmoIoHuIP0=
3,-4,tNkoJbQPwSjVxSc0+J5W5bGlweE=,DM0STqSCgm5htjNqQ2myNzmIc8o=
2,-2,tNkoJbQPwSjVxSc0+J5W5bGlweE=,2GC4HkHiqHkPl6m67GeykygZBJI=
2,-1,tNkoJbQPwSjVxSc0+J5W5bGlweE=,DRp3Fe4uGemMeC9RLW+YNjoqu9k=
2,-4,tNkoJbQPwSjVxSc0+J5W5bGlweE=,w0sfGf62vu9p6FLvdGHCYuflzLU=
2,-3,tNkoJbQPwSjVxSc0+J5W5bGlweE=,2kqL6GjBp7MVQrQ/AhVh3LzPh/4=
1,-5,tNkoJbQPwSjVxSc0+J5W5bGlweE=,wyueTBGCXKSpuVa1ZnLX6nodktk=
1,-3,tNkoJbQPwSjVxSc0+J5W5bGlweE=,ycQ/irnmGg4fPHW+W1qrRy5BLY8=
1,-4,DWRP7IZon/fVZfgaNwcI3fQvdb8=,cBw36/9LVQUaVCB7ZJlld+d5Hf8=
1,-1,DWRP7IZon/fVZfgaNwcI3fQvdb8=,wyueTBGCXKSpuVa1ZnLX6nodktk=
1,-2,DWRP7IZon/fVZfgaNwcI3fQvdb8=,wyueTBGCXKSpuVa1ZnLX6nodktk=
0,-5,DWRP7IZon/fVZfgaNwcI3fQvdb8=,wyueTBGCXKSpuVa1ZnLX6nodktk=
0,-4,DWRP7IZon/fVZfgaNwcI3fQvdb8=,WzYBhsqND81UosQWbWHpwXutaDM=
0,-3,DWRP7IZon/fVZfgaNwcI3fQvdb8=,4pZHqMAMI4MMBqNQKcb3h7UjEvM=
0,-2,DWRP7IZon/fVZfgaNwcI3fQvdb8=,wyueTBGCXKSpuVa1ZnLX6nodktk=
0,-1,DWRP7IZon/fVZfgaNwcI3fQvdb8=,wyueTBGCXKSpuVa1ZnLX6nodktk=
