12,-8,EnM+7h6smdoouVwKsP/PAdPwh6s=,sZJF1nyyUGpYklzRu/FtAjLi5+U=
12,-7,EnM+7h6smdoouVwKsP/PAdPwh6s=,sZJF1nyyUGpYklzRu/FtAjLi5+U=
12,-6,EnM+7h6smdoouVwKsP/PAdPwh6s=,sZJF1nyyUGpYklzRu/FtAjLi5+U=
12,-5,EnM+7h6smdoouVwKsP/PAdPwh6s=,sZJF1nyyUGpYklzRu/FtAjLi5+U=
12,-12,EnM+7h6smdoouVwKsP/PAdPwh6s=,sZJF1nyyUGpYklzRu/FtAjLi5+U=
12,-11,EnM+7h6smdoouVwKsP/PAdPwh6s=,sZJF1nyyUGpYklzRu/FtAjLi5+U=
12,-10,EnM+7h6smdoouVwKsP/PAdPwh6s=,sZJF1nyyUGpYklzRu/FtAjLi5+U=
12,-9,EnM+7h6smdoouVwKsP/PAdPwh6s=,sZJF1nyyUGpYklzRu/FtAjLi5+U=
12,-14,EnM+7h6smdoouVwKsP/PAdPwh6s=,sZJF1nyyUGpYklzRu/FtAjLi5+U=
12,-13,EnM+7h6smdoouVwKsP/PAdPwh6s=,sZJF1nyyUGpYklzRu/FtAjLi5+U=
11,-5,EnM+7h6smdoouVwKsP/PAdPwh6s=,sZJF1nyyUGpYklzRu/FtAjLi5+U=
11,-6,EnM+7h6smdoouVwKsP/PAdPwh6s=,sZJF1nyyUGpYklzRu/FtAjLi5+U=
11,-7,EnM+7h6smdoouVwKsP/PAdPwh6s=,sZJF1nyyUGpYklzRu/FtAjLi5+U=
11,-8,EnM+7h6smdoouVwKsP/PAdPwh6s=,sZJF1nyyUGpYklzRu/FtAjLi5+U=
11,-13,EnM+7h6smdoouVwKsP/PAdPwh6s=,sZJF1nyyUGpYklzRu/FtAjLi5+U=
11,-9,EnM+7h6smdoouVwKsP/PAdPwh6s=,sZJF1nyyUGpYklzRu/FtAjLi5+U=
11,-10,EnM+7h6smdoouVwKsP/PAdPwh6s=,sZJF1nyyUGpYklzRu/FtAjLi5+U=
11,-11,EnM+7h6smdoouVwKsP/PAdPwh6s=,sZJF1nyyUGpYklzRu/FtAjLi5+U=
11,-12,EnM+7h6smdoouVwKsP/PAdPwh6s=,sZJF1nyyUGpYklzRu/FtAjLi5+U=
10,-6,EnM+7h6smdoouVwKsP/PAdPwh6s=,sZJF1nyyUGpYklzRu/FtAjLi5+U=
10,-5,EnM+7h6smdoouVwKsP/PAdPwh6s=,sZJF1nyyUGpYklzRu/FtAjLi5+U=
10,-8,EnM+7h6smdoouVwKsP/PAdPwh6s=,sZJF1nyyUGpYklzRu/FtAjLi5+U=
10,-7,EnM+7h6smdoouVwKsP/PAdPwh6s=,sZJF1nyyUGpYklzRu/FtAjLi5+U=
10,-4,EnM+7h6smdoouVwKsP/PAdPwh6s=,sZJF1nyyUGpYklzRu/FtAjLi5+U=
10,-9,EnM+7h6smdoouVwKsP/PAdPwh6s=,sZJF1nyyUGpYklzRu/FtAjLi5+U=
9,-7,EnM+7h6smdoouVwKsP/PAdPwh6s=,sZJF1nyyUGpYklzRu/FtAjLi5+U=
9,-8,EnM+7h6smdoouVwKsP/PAdPwh6s=,sZJF1nyyUGpYklzRu/FtAjLi5+U=
9,-5,EnM+7h6smdoouVwKsP/PAdPwh6s=,sZJF1nyyUGpYklzRu/FtAjLi5+U=
9,-6,EnM+7h6smdoouVwKsP/PAdPwh6s=,sZJF1nyyUGpYklzRu/FtAjLi5+U=
9,-3,EnM+7h6smdoouVwKsP/PAdPwh6s=,sZJF1nyyUGpYklzRu/FtAjLi5+U=
9,-4,EnM+7h6smdoouVwKsP/PAdPwh6s=,sZJF1nyyUGpYklzRu/FtAjLi5+U=
8,-7,EnM+7h6smdoouVwKsP/PAdPwh6s=,sZJF1nyyUGpYklzRu/FtAjLi5+U=
8,-6,EnM+7h6smdoouVwKsP/PAdPwh6s=,sZJF1nyyUGpYklzRu/FtAjLi5+U=
8,-5,EnM+7h6smdoouVwKsP/PAdPwh6s=,sZJF1nyyUGpYklzRu/FtAjLi5+U=
8,-4,EnM+7h6smdoouVwKsP/PAdPwh6s=,sZJF1nyyUGpYklzRu/FtAjLi5+U=
8,-3,EnM+7h6smdoouVwKsP/PAdPwh6s=,sZJF1nyyUGpYklzRu/FtAjLi5+U=
8,-2,EnM+7h6smdoouVwKsP/PAdPwh6s=,sZJF1nyyUGpYklzRu/FtAjLi5+U=
8,-1,EnM+7h6smdoouVwKsP/PAdPwh6s=,sZJF1nyyUGpYklzRu/FtAjLi5+U=
7,-1,EnM+7h6smdoouVwKsP/PAdPwh6s=,rISx7epm756bxxKVRPkllC9ZkeI=
7,-2,EnM+7h6smdoouVwKsP/PAdPwh6s=,PWThcXZMU1I5DR8YWKKqm46PtxA=
7,-3,EnM+7h6smdoouVwKsP/PAdPwh6s=,wUzJrd0Im35D0Rs6m/ZKqL55W/M=
7,-4,EnM+7h6smdoouVwKsP/PAdPwh6s=,wUzJrd0Im35D0Rs6m/ZKqL55W/M=
7,-5,EnM+7h6smdoouVwKsP/PAdPwh6s=,JDY+qKk/s23lbvG+JkQBh2p6lgk=
7,-6,EnM+7h6smdoouVwKsP/PAdPwh6s=,PWThcXZMU1I5DR8YWKKqm46PtxA=
7,-7,EnM+7h6smdoouVwKsP/PAdPwh6s=,wUzJrd0Im35D0Rs6m/ZKqL55W/M=
6,-2,0kkTBNXtQcldKuBmikKwh9cQ/Z0=,KfDvRtk5BJUASAFXAleIPzKC9RQ=
6,-1,0kkTBNXtQcldKuBmikKwh9cQ/Z0=,h/ZiNiWYHs69UBLZoXC2erikshQ=
6,-4,0kkTBNXtQcldKuBmikKwh9cQ/Z0=,rISx7epm756bxxKVRPkllC9ZkeI=
6,-3,0kkTBNXtQcldKuBmikKwh9cQ/Z0=,rISx7epm756bxxKVRPkllC9ZkeI=
6,-6,0kkTBNXtQcldKuBmikKwh9cQ/Z0=,lM1zoSVcCDaziU3GY2XmfNBJztM=
6,-5,0kkTBNXtQcldKuBmikKwh9cQ/Z0=,vEXHUm93jCNS724JOQG5PQGidfo=
6,-7,0kkTBNXtQcldKuBmikKwh9cQ/Z0=,wUzJrd0Im35D0Rs6m/ZKqL55W/M=
5,-3,0kkTBNXtQcldKuBmikKwh9cQ/Z0=,h/ZiNiWYHs69UBLZoXC2erikshQ=
5,-4,0kkTBNXtQcldKuBmikKwh9cQ/Z0=,6Kn4b9HOZeRZxX2PUZ90o6xjC3A=
5,-1,0kkTBNXtQcldKuBmikKwh9cQ/Z0=,h/ZiNiWYHs69UBLZoXC2erikshQ=
5,-2,0kkTBNXtQcldKuBmikKwh9cQ/Z0=,h/ZiNiWYHs69UBLZoXC2erikshQ=
5,-5,0kkTBNXtQcldKuBmikKwh9cQ/Z0=,MWIpqLKuM/r2ueTE7SiIxh51CHo=
5,-6,0kkTBNXtQcldKuBmikKwh9cQ/Z0=,gzosU4Dmp0+PIhBpLYmf2e0bpyY=
4,-4,0kkTBNXtQcldKuBmikKwh9cQ/Z0=,lM1zoSVcCDaziU3GY2XmfNBJztM=
4,-3,0kkTBNXtQcldKuBmikKwh9cQ/Z0=,h/ZiNiWYHs69UBLZoXC2erikshQ=
4,-2,0kkTBNXtQcldKuBmikKwh9cQ/Z0=,h/ZiNiWYHs69UBLZoXC2erikshQ=
4,-1,0kkTBNXtQcldKuBmikKwh9cQ/Z0=,h/ZiNiWYHs69UBLZoXC2erikshQ=
4,-5,0kkTBNXtQcldKuBmikKwh9cQ/Z0=,wUzJrd0Im35D0Rs6m/ZKqL55W/M=
3,-5,0kkTBNXtQcldKuBmikKwh9cQ/Z0=,wUzJrd0Im35D0Rs6m/ZKqL55W/M=
3,-1,0kkTBNXtQcldKuBmikKwh9cQ/Z0=,h/ZiNiWYHs69UBLZoXC2erikshQ=
3,-2,0kkTBNXtQcldKuBmikKwh9cQ/Z0=,h/ZiNiWYHs69UBLZoXC2erikshQ=
3,-3,0kkTBNXtQcldKuBmikKwh9cQ/Z0=,h/ZiNiWYHs69UBLZoXC2erikshQ=
3,-4,0kkTBNXtQcldKuBmikKwh9cQ/Z0=,lM1zoSVcCDaziU3GY2XmfNBJztM=
2,-2,0kkTBNXtQcldKuBmikKwh9cQ/Z0=,h/ZiNiWYHs69UBLZoXC2erikshQ=
2,-1,0kkTBNXtQcldKuBmikKwh9cQ/Z0=,RdW338JVLvH/j719/UOaWH5Prfc=
2,-4,0kkTBNXtQcldKuBmikKwh9cQ/Z0=,lM1zoSVcCDaziU3GY2XmfNBJztM=
2,-3,0kkTBNXtQcldKuBmikKwh9cQ/Z0=,h/ZiNiWYHs69UBLZoXC2erikshQ=
1,-3,0kkTBNXtQcldKuBmikKwh9cQ/Z0=,h/ZiNiWYHs69UBLZoXC2erikshQ=
1,-4,0kkTBNXtQcldKuBmikKwh9cQ/Z0=,KfDvRtk5BJUASAFXAleIPzKC9RQ=
1,-1,0kkTBNXtQcldKuBmikKwh9cQ/Z0=,gzosU4Dmp0+PIhBpLYmf2e0bpyY=
1,-2,0kkTBNXtQcldKuBmikKwh9cQ/Z0=,RdW338JVLvH/j719/UOaWH5Prfc=
0,-5,0kkTBNXtQcldKuBmikKwh9cQ/Z0=,gzosU4Dmp0+PIhBpLYmf2e0bpyY=
0,-4,0kkTBNXtQcldKuBmikKwh9cQ/Z0=,6Kn4b9HOZeRZxX2PUZ90o6xjC3A=
0,-3,0kkTBNXtQcldKuBmikKwh9cQ/Z0=,h/ZiNiWYHs69UBLZoXC2erikshQ=
0,-2,0kkTBNXtQcldKuBmikKwh9cQ/Z0=,h/ZiNiWYHs69UBLZoXC2erikshQ=
0,-1,0kkTBNXtQcldKuBmikKwh9cQ/Z0=,wUzJrd0Im35D0Rs6m/ZKqL55W/M=
15,-14,8Vdn6j+YUsOy9xqAyRnIyg0ihMY=,sZJF1nyyUGpYklzRu/FtAjLi5+U=
14,-10,8Vdn6j+YUsOy9xqAyRnIyg0ihMY=,sZJF1nyyUGpYklzRu/FtAjLi5+U=
14,-12,8Vdn6j+YUsOy9xqAyRnIyg0ihMY=,sZJF1nyyUGpYklzRu/FtAjLi5+U=
14,-11,8Vdn6j+YUsOy9xqAyRnIyg0ihMY=,sZJF1nyyUGpYklzRu/FtAjLi5+U=
14,-14,8Vdn6j+YUsOy9xqAyRnIyg0ihMY=,sZJF1nyyUGpYklzRu/FtAjLi5+U=
14,-13,8Vdn6j+YUsOy9xqAyRnIyg0ihMY=,sZJF1nyyUGpYklzRu/FtAjLi5+U=
13,-7,8Vdn6j+YUsOy9xqAyRnIyg0ihMY=,sZJF1nyyUGpYklzRu/FtAjLi5+U=
13,-8,8Vdn6j+YUsOy9xqAyRnIyg0ihMY=,sZJF1nyyUGpYklzRu/FtAjLi5+U=
13,-11,8Vdn6j+YUsOy9xqAyRnIyg0ihMY=,sZJF1nyyUGpYklzRu/FtAjLi5+U=
13,-12,8Vdn6j+YUsOy9xqAyRnIyg0ihMY=,sZJF1nyyUGpYklzRu/FtAjLi5+U=
13,-9,8Vdn6j+YUsOy9xqAyRnIyg0ihMY=,sZJF1nyyUGpYklzRu/FtAjLi5+U=
13,-10,8Vdn6j+YUsOy9xqAyRnIyg0ihMY=,sZJF1nyyUGpYklzRu/FtAjLi5+U=
13,-13,8Vdn6j+YUsOy9xqAyRnIyg0ihMY=,sZJF1nyyUGpYklzRu/FtAjLi5+U=
13,-14,8Vdn6j+YUsOy9xqAyRnIyg0ihMY=,sZJF1nyyUGpYklzRu/FtAjLi5+U=
