-93,160,IVJIdSsAIRYtHGtwMQDnWUahDKg=,Kf1CRlBW1askGWkWe26dZBf6uew=
-83,162,IVJIdSsAIRYtHGtwMQDnWUahDKg=,Kf1CRlBW1askGWkWe26dZBf6uew=
-85,162,IVJIdSsAIRYtHGtwMQDnWUahDKg=,Kf1CRlBW1askGWkWe26dZBf6uew=
-81,161,IVJIdSsAIRYtHGtwMQDnWUahDKg=,Kf1CRlBW1askGWkWe26dZBf6uew=
-84,163,IVJIdSsAIRYtHGtwMQDnWUahDKg=,Kf1CRlBW1askGWkWe26dZBf6uew=
-81,175,IVJIdSsAIRYtHGtwMQDnWUahDKg=,Kf1CRlBW1askGWkWe26dZBf6uew=
-82,162,IVJIdSsAIRYtHGtwMQDnWUahDKg=,Kf1CRlBW1askGWkWe26dZBf6uew=
-88,162,IVJIdSsAIRYtHGtwMQDnWUahDKg=,Kf1CRlBW1askGWkWe26dZBf6uew=
-83,163,IVJIdSsAIRYtHGtwMQDnWUahDKg=,Kf1CRlBW1askGWkWe26dZBf6uew=
-92,160,IVJIdSsAIRYtHGtwMQDnWUahDKg=,Kf1CRlBW1askGWkWe26dZBf6uew=
-89,162,IVJIdSsAIRYtHGtwMQDnWUahDKg=,Kf1CRlBW1askGWkWe26dZBf6uew=
-82,163,IVJIdSsAIRYtHGtwMQDnWUahDKg=,Kf1CRlBW1askGWkWe26dZBf6uew=
-91,160,IVJIdSsAIRYtHGtwMQDnWUahDKg=,Kf1CRlBW1askGWkWe26dZBf6uew=
-90,162,IVJIdSsAIRYtHGtwMQDnWUahDKg=,Kf1CRlBW1askGWkWe26dZBf6uew=
-81,163,IVJIdSsAIRYtHGtwMQDnWUahDKg=,Kf1CRlBW1askGWkWe26dZBf6uew=
-94,161,IVJIdSsAIRYtHGtwMQDnWUahDKg=,Kf1CRlBW1askGWkWe26dZBf6uew=
-92,162,IVJIdSsAIRYtHGtwMQDnWUahDKg=,Kf1CRlBW1askGWkWe26dZBf6uew=
-96,164,IVJIdSsAIRYtHGtwMQDnWUahDKg=,Kf1CRlBW1askGWkWe26dZBf6uew=
-91,162,IVJIdSsAIRYtHGtwMQDnWUahDKg=,Kf1CRlBW1askGWkWe26dZBf6uew=
-93,162,IVJIdSsAIRYtHGtwMQDnWUahDKg=,Kf1CRlBW1askGWkWe26dZBf6uew=
-95,164,IVJIdSsAIRYtHGtwMQDnWUahDKg=,Kf1CRlBW1askGWkWe26dZBf6uew=
-94,162,IVJIdSsAIRYtHGtwMQDnWUahDKg=,Kf1CRlBW1askGWkWe26dZBf6uew=
-94,164,IVJIdSsAIRYtHGtwMQDnWUahDKg=,Kf1CRlBW1askGWkWe26dZBf6uew=
-95,162,IVJIdSsAIRYtHGtwMQDnWUahDKg=,Kf1CRlBW1askGWkWe26dZBf6uew=
-96,160,IVJIdSsAIRYtHGtwMQDnWUahDKg=,Kf1CRlBW1askGWkWe26dZBf6uew=
-82,175,IVJIdSsAIRYtHGtwMQDnWUahDKg=,Kf1CRlBW1askGWkWe26dZBf6uew=
-93,164,IVJIdSsAIRYtHGtwMQDnWUahDKg=,Kf1CRlBW1askGWkWe26dZBf6uew=
-96,162,IVJIdSsAIRYtHGtwMQDnWUahDKg=,Kf1CRlBW1askGWkWe26dZBf6uew=
-92,164,IVJIdSsAIRYtHGtwMQDnWUahDKg=,Kf1CRlBW1askGWkWe26dZBf6uew=
-91,164,IVJIdSsAIRYtHGtwMQDnWUahDKg=,Kf1CRlBW1askGWkWe26dZBf6uew=
-90,164,IVJIdSsAIRYtHGtwMQDnWUahDKg=,Kf1CRlBW1askGWkWe26dZBf6uew=
-83,175,IVJIdSsAIRYtHGtwMQDnWUahDKg=,Kf1CRlBW1askGWkWe26dZBf6uew=
-84,175,IVJIdSsAIRYtHGtwMQDnWUahDKg=,Kf1CRlBW1askGWkWe26dZBf6uew=
-85,175,IVJIdSsAIRYtHGtwMQDnWUahDKg=,Kf1CRlBW1askGWkWe26dZBf6uew=
-94,160,IVJIdSsAIRYtHGtwMQDnWUahDKg=,Kf1CRlBW1askGWkWe26dZBf6uew=
-86,175,IVJIdSsAIRYtHGtwMQDnWUahDKg=,Kf1CRlBW1askGWkWe26dZBf6uew=
-87,175,IVJIdSsAIRYtHGtwMQDnWUahDKg=,Kf1CRlBW1askGWkWe26dZBf6uew=
-84,162,IVJIdSsAIRYtHGtwMQDnWUahDKg=,Kf1CRlBW1askGWkWe26dZBf6uew=
-89,175,IVJIdSsAIRYtHGtwMQDnWUahDKg=,Kf1CRlBW1askGWkWe26dZBf6uew=
-86,163,IVJIdSsAIRYtHGtwMQDnWUahDKg=,Kf1CRlBW1askGWkWe26dZBf6uew=
-92,175,IVJIdSsAIRYtHGtwMQDnWUahDKg=,Kf1CRlBW1askGWkWe26dZBf6uew=
-85,163,IVJIdSsAIRYtHGtwMQDnWUahDKg=,Kf1CRlBW1askGWkWe26dZBf6uew=
-95,175,IVJIdSsAIRYtHGtwMQDnWUahDKg=,Kf1CRlBW1askGWkWe26dZBf6uew=
-89,164,IVJIdSsAIRYtHGtwMQDnWUahDKg=,Kf1CRlBW1askGWkWe26dZBf6uew=
-90,175,IVJIdSsAIRYtHGtwMQDnWUahDKg=,Kf1CRlBW1askGWkWe26dZBf6uew=
-81,174,IVJIdSsAIRYtHGtwMQDnWUahDKg=,Kf1CRlBW1askGWkWe26dZBf6uew=
-82,174,IVJIdSsAIRYtHGtwMQDnWUahDKg=,Kf1CRlBW1askGWkWe26dZBf6uew=
-83,174,IVJIdSsAIRYtHGtwMQDnWUahDKg=,Kf1CRlBW1askGWkWe26dZBf6uew=
-84,174,IVJIdSsAIRYtHGtwMQDnWUahDKg=,Kf1CRlBW1askGWkWe26dZBf6uew=
-85,174,IVJIdSsAIRYtHGtwMQDnWUahDKg=,Kf1CRlBW1askGWkWe26dZBf6uew=
-86,174,IVJIdSsAIRYtHGtwMQDnWUahDKg=,Kf1CRlBW1askGWkWe26dZBf6uew=
-87,174,IVJIdSsAIRYtHGtwMQDnWUahDKg=,Kf1CRlBW1askGWkWe26dZBf6uew=
-91,175,IVJIdSsAIRYtHGtwMQDnWUahDKg=,Kf1CRlBW1askGWkWe26dZBf6uew=
-96,175,IVJIdSsAIRYtHGtwMQDnWUahDKg=,Kf1CRlBW1askGWkWe26dZBf6uew=
-94,175,IVJIdSsAIRYtHGtwMQDnWUahDKg=,Kf1CRlBW1askGWkWe26dZBf6uew=
-87,162,IVJIdSsAIRYtHGtwMQDnWUahDKg=,Kf1CRlBW1askGWkWe26dZBf6uew=
-92,174,IVJIdSsAIRYtHGtwMQDnWUahDKg=,Kf1CRlBW1askGWkWe26dZBf6uew=
-93,174,IVJIdSsAIRYtHGtwMQDnWUahDKg=,Kf1CRlBW1askGWkWe26dZBf6uew=
-94,174,IVJIdSsAIRYtHGtwMQDnWUahDKg=,Kf1CRlBW1askGWkWe26dZBf6uew=
-95,161,IVJIdSsAIRYtHGtwMQDnWUahDKg=,Kf1CRlBW1askGWkWe26dZBf6uew=
-91,174,IVJIdSsAIRYtHGtwMQDnWUahDKg=,Kf1CRlBW1askGWkWe26dZBf6uew=
-96,161,IVJIdSsAIRYtHGtwMQDnWUahDKg=,Kf1CRlBW1askGWkWe26dZBf6uew=
-96,174,IVJIdSsAIRYtHGtwMQDnWUahDKg=,Kf1CRlBW1askGWkWe26dZBf6uew=
-95,160,IVJIdSsAIRYtHGtwMQDnWUahDKg=,Kf1CRlBW1askGWkWe26dZBf6uew=
-81,173,IVJIdSsAIRYtHGtwMQDnWUahDKg=,Kf1CRlBW1askGWkWe26dZBf6uew=
-82,173,IVJIdSsAIRYtHGtwMQDnWUahDKg=,Kf1CRlBW1askGWkWe26dZBf6uew=
-83,173,IVJIdSsAIRYtHGtwMQDnWUahDKg=,Kf1CRlBW1askGWkWe26dZBf6uew=
-84,173,IVJIdSsAIRYtHGtwMQDnWUahDKg=,Kf1CRlBW1askGWkWe26dZBf6uew=
-85,173,IVJIdSsAIRYtHGtwMQDnWUahDKg=,Kf1CRlBW1askGWkWe26dZBf6uew=
-86,173,IVJIdSsAIRYtHGtwMQDnWUahDKg=,Kf1CRlBW1askGWkWe26dZBf6uew=
-87,173,IVJIdSsAIRYtHGtwMQDnWUahDKg=,Kf1CRlBW1askGWkWe26dZBf6uew=
-88,173,IVJIdSsAIRYtHGtwMQDnWUahDKg=,Kf1CRlBW1askGWkWe26dZBf6uew=
-93,175,IVJIdSsAIRYtHGtwMQDnWUahDKg=,Kf1CRlBW1askGWkWe26dZBf6uew=
-86,162,IVJIdSsAIRYtHGtwMQDnWUahDKg=,Kf1CRlBW1askGWkWe26dZBf6uew=
-82,161,IVJIdSsAIRYtHGtwMQDnWUahDKg=,Kf1CRlBW1askGWkWe26dZBf6uew=
-92,173,IVJIdSsAIRYtHGtwMQDnWUahDKg=,Kf1CRlBW1askGWkWe26dZBf6uew=
-93,173,IVJIdSsAIRYtHGtwMQDnWUahDKg=,Kf1CRlBW1askGWkWe26dZBf6uew=
-88,175,IVJIdSsAIRYtHGtwMQDnWUahDKg=,Kf1CRlBW1askGWkWe26dZBf6uew=
-81,160,IVJIdSsAIRYtHGtwMQDnWUahDKg=,Kf1CRlBW1askGWkWe26dZBf6uew=
-90,173,IVJIdSsAIRYtHGtwMQDnWUahDKg=,Kf1CRlBW1askGWkWe26dZBf6uew=
-94,173,IVJIdSsAIRYtHGtwMQDnWUahDKg=,Kf1CRlBW1askGWkWe26dZBf6uew=
-95,173,IVJIdSsAIRYtHGtwMQDnWUahDKg=,Kf1CRlBW1askGWkWe26dZBf6uew=
-91,173,IVJIdSsAIRYtHGtwMQDnWUahDKg=,Kf1CRlBW1askGWkWe26dZBf6uew=
-96,173,IVJIdSsAIRYtHGtwMQDnWUahDKg=,Kf1CRlBW1askGWkWe26dZBf6uew=
-95,174,IVJIdSsAIRYtHGtwMQDnWUahDKg=,Kf1CRlBW1askGWkWe26dZBf6uew=
-81,172,IVJIdSsAIRYtHGtwMQDnWUahDKg=,Kf1CRlBW1askGWkWe26dZBf6uew=
-82,172,IVJIdSsAIRYtHGtwMQDnWUahDKg=,Kf1CRlBW1askGWkWe26dZBf6uew=
-84,172,IVJIdSsAIRYtHGtwMQDnWUahDKg=,Kf1CRlBW1askGWkWe26dZBf6uew=
-83,172,IVJIdSsAIRYtHGtwMQDnWUahDKg=,Kf1CRlBW1askGWkWe26dZBf6uew=
-85,172,IVJIdSsAIRYtHGtwMQDnWUahDKg=,Kf1CRlBW1askGWkWe26dZBf6uew=
-86,172,IVJIdSsAIRYtHGtwMQDnWUahDKg=,Kf1CRlBW1askGWkWe26dZBf6uew=
-87,172,IVJIdSsAIRYtHGtwMQDnWUahDKg=,Kf1CRlBW1askGWkWe26dZBf6uew=
-88,172,IVJIdSsAIRYtHGtwMQDnWUahDKg=,Kf1CRlBW1askGWkWe26dZBf6uew=
-89,172,IVJIdSsAIRYtHGtwMQDnWUahDKg=,Kf1CRlBW1askGWkWe26dZBf6uew=
-88,174,IVJIdSsAIRYtHGtwMQDnWUahDKg=,Kf1CRlBW1askGWkWe26dZBf6uew=
-89,163,IVJIdSsAIRYtHGtwMQDnWUahDKg=,Kf1CRlBW1askGWkWe26dZBf6uew=
-90,172,IVJIdSsAIRYtHGtwMQDnWUahDKg=,Kf1CRlBW1askGWkWe26dZBf6uew=
-87,163,IVJIdSsAIRYtHGtwMQDnWUahDKg=,Kf1CRlBW1askGWkWe26dZBf6uew=
-94,172,IVJIdSsAIRYtHGtwMQDnWUahDKg=,Kf1CRlBW1askGWkWe26dZBf6uew=
-95,172,IVJIdSsAIRYtHGtwMQDnWUahDKg=,Kf1CRlBW1askGWkWe26dZBf6uew=
-96,172,IVJIdSsAIRYtHGtwMQDnWUahDKg=,Kf1CRlBW1askGWkWe26dZBf6uew=
-81,171,IVJIdSsAIRYtHGtwMQDnWUahDKg=,Kf1CRlBW1askGWkWe26dZBf6uew=
-82,171,IVJIdSsAIRYtHGtwMQDnWUahDKg=,Kf1CRlBW1askGWkWe26dZBf6uew=
-83,171,IVJIdSsAIRYtHGtwMQDnWUahDKg=,Kf1CRlBW1askGWkWe26dZBf6uew=
-84,171,IVJIdSsAIRYtHGtwMQDnWUahDKg=,Kf1CRlBW1askGWkWe26dZBf6uew=
-86,171,IVJIdSsAIRYtHGtwMQDnWUahDKg=,Kf1CRlBW1askGWkWe26dZBf6uew=
-85,171,IVJIdSsAIRYtHGtwMQDnWUahDKg=,Kf1CRlBW1askGWkWe26dZBf6uew=
-87,171,IVJIdSsAIRYtHGtwMQDnWUahDKg=,Kf1CRlBW1askGWkWe26dZBf6uew=
-89,171,IVJIdSsAIRYtHGtwMQDnWUahDKg=,Kf1CRlBW1askGWkWe26dZBf6uew=
-88,171,IVJIdSsAIRYtHGtwMQDnWUahDKg=,Kf1CRlBW1askGWkWe26dZBf6uew=
-90,171,IVJIdSsAIRYtHGtwMQDnWUahDKg=,Kf1CRlBW1askGWkWe26dZBf6uew=
-91,171,IVJIdSsAIRYtHGtwMQDnWUahDKg=,Kf1CRlBW1askGWkWe26dZBf6uew=
-90,163,IVJIdSsAIRYtHGtwMQDnWUahDKg=,Kf1CRlBW1askGWkWe26dZBf6uew=
-89,173,IVJIdSsAIRYtHGtwMQDnWUahDKg=,Kf1CRlBW1askGWkWe26dZBf6uew=
-93,171,IVJIdSsAIRYtHGtwMQDnWUahDKg=,Kf1CRlBW1askGWkWe26dZBf6uew=
-94,171,IVJIdSsAIRYtHGtwMQDnWUahDKg=,Kf1CRlBW1askGWkWe26dZBf6uew=
-95,171,IVJIdSsAIRYtHGtwMQDnWUahDKg=,Kf1CRlBW1askGWkWe26dZBf6uew=
-92,171,IVJIdSsAIRYtHGtwMQDnWUahDKg=,Kf1CRlBW1askGWkWe26dZBf6uew=
-96,171,IVJIdSsAIRYtHGtwMQDnWUahDKg=,Kf1CRlBW1askGWkWe26dZBf6uew=
-81,170,IVJIdSsAIRYtHGtwMQDnWUahDKg=,Kf1CRlBW1askGWkWe26dZBf6uew=
-82,170,IVJIdSsAIRYtHGtwMQDnWUahDKg=,Kf1CRlBW1askGWkWe26dZBf6uew=
-83,170,IVJIdSsAIRYtHGtwMQDnWUahDKg=,Kf1CRlBW1askGWkWe26dZBf6uew=
-84,170,IVJIdSsAIRYtHGtwMQDnWUahDKg=,Kf1CRlBW1askGWkWe26dZBf6uew=
-85,170,IVJIdSsAIRYtHGtwMQDnWUahDKg=,Kf1CRlBW1askGWkWe26dZBf6uew=
-93,172,IVJIdSsAIRYtHGtwMQDnWUahDKg=,Kf1CRlBW1askGWkWe26dZBf6uew=
-86,170,IVJIdSsAIRYtHGtwMQDnWUahDKg=,Kf1CRlBW1askGWkWe26dZBf6uew=
-87,170,IVJIdSsAIRYtHGtwMQDnWUahDKg=,Kf1CRlBW1askGWkWe26dZBf6uew=
-88,170,IVJIdSsAIRYtHGtwMQDnWUahDKg=,Kf1CRlBW1askGWkWe26dZBf6uew=
-89,170,IVJIdSsAIRYtHGtwMQDnWUahDKg=,Kf1CRlBW1askGWkWe26dZBf6uew=
-91,163,IVJIdSsAIRYtHGtwMQDnWUahDKg=,Kf1CRlBW1askGWkWe26dZBf6uew=
-82,160,IVJIdSsAIRYtHGtwMQDnWUahDKg=,Kf1CRlBW1askGWkWe26dZBf6uew=
-90,174,IVJIdSsAIRYtHGtwMQDnWUahDKg=,Kf1CRlBW1askGWkWe26dZBf6uew=
-85,161,IVJIdSsAIRYtHGtwMQDnWUahDKg=,Kf1CRlBW1askGWkWe26dZBf6uew=
-93,170,IVJIdSsAIRYtHGtwMQDnWUahDKg=,Kf1CRlBW1askGWkWe26dZBf6uew=
-94,170,IVJIdSsAIRYtHGtwMQDnWUahDKg=,Kf1CRlBW1askGWkWe26dZBf6uew=
-95,170,IVJIdSsAIRYtHGtwMQDnWUahDKg=,Kf1CRlBW1askGWkWe26dZBf6uew=
-87,161,IVJIdSsAIRYtHGtwMQDnWUahDKg=,Kf1CRlBW1askGWkWe26dZBf6uew=
-96,170,IVJIdSsAIRYtHGtwMQDnWUahDKg=,Kf1CRlBW1askGWkWe26dZBf6uew=
-81,169,IVJIdSsAIRYtHGtwMQDnWUahDKg=,Kf1CRlBW1askGWkWe26dZBf6uew=
-82,169,IVJIdSsAIRYtHGtwMQDnWUahDKg=,Kf1CRlBW1askGWkWe26dZBf6uew=
-83,169,IVJIdSsAIRYtHGtwMQDnWUahDKg=,Kf1CRlBW1askGWkWe26dZBf6uew=
-84,169,IVJIdSsAIRYtHGtwMQDnWUahDKg=,Kf1CRlBW1askGWkWe26dZBf6uew=
-85,169,IVJIdSsAIRYtHGtwMQDnWUahDKg=,Kf1CRlBW1askGWkWe26dZBf6uew=
-86,169,IVJIdSsAIRYtHGtwMQDnWUahDKg=,Kf1CRlBW1askGWkWe26dZBf6uew=
-87,169,IVJIdSsAIRYtHGtwMQDnWUahDKg=,Kf1CRlBW1askGWkWe26dZBf6uew=
-90,170,IVJIdSsAIRYtHGtwMQDnWUahDKg=,Kf1CRlBW1askGWkWe26dZBf6uew=
-88,169,IVJIdSsAIRYtHGtwMQDnWUahDKg=,Kf1CRlBW1askGWkWe26dZBf6uew=
-84,160,IVJIdSsAIRYtHGtwMQDnWUahDKg=,Kf1CRlBW1askGWkWe26dZBf6uew=
-86,161,IVJIdSsAIRYtHGtwMQDnWUahDKg=,Kf1CRlBW1askGWkWe26dZBf6uew=
-92,163,IVJIdSsAIRYtHGtwMQDnWUahDKg=,Kf1CRlBW1askGWkWe26dZBf6uew=
-83,161,IVJIdSsAIRYtHGtwMQDnWUahDKg=,Kf1CRlBW1askGWkWe26dZBf6uew=
-92,169,IVJIdSsAIRYtHGtwMQDnWUahDKg=,Kf1CRlBW1askGWkWe26dZBf6uew=
-93,169,IVJIdSsAIRYtHGtwMQDnWUahDKg=,Kf1CRlBW1askGWkWe26dZBf6uew=
-94,169,IVJIdSsAIRYtHGtwMQDnWUahDKg=,Kf1CRlBW1askGWkWe26dZBf6uew=
-95,169,IVJIdSsAIRYtHGtwMQDnWUahDKg=,Kf1CRlBW1askGWkWe26dZBf6uew=
-88,161,IVJIdSsAIRYtHGtwMQDnWUahDKg=,Kf1CRlBW1askGWkWe26dZBf6uew=
-96,169,IVJIdSsAIRYtHGtwMQDnWUahDKg=,Kf1CRlBW1askGWkWe26dZBf6uew=
-81,168,IVJIdSsAIRYtHGtwMQDnWUahDKg=,Kf1CRlBW1askGWkWe26dZBf6uew=
-82,168,IVJIdSsAIRYtHGtwMQDnWUahDKg=,Kf1CRlBW1askGWkWe26dZBf6uew=
-89,169,IVJIdSsAIRYtHGtwMQDnWUahDKg=,Kf1CRlBW1askGWkWe26dZBf6uew=
-83,168,IVJIdSsAIRYtHGtwMQDnWUahDKg=,Kf1CRlBW1askGWkWe26dZBf6uew=
-84,168,IVJIdSsAIRYtHGtwMQDnWUahDKg=,Kf1CRlBW1askGWkWe26dZBf6uew=
-85,168,IVJIdSsAIRYtHGtwMQDnWUahDKg=,Kf1CRlBW1askGWkWe26dZBf6uew=
-86,168,IVJIdSsAIRYtHGtwMQDnWUahDKg=,Kf1CRlBW1askGWkWe26dZBf6uew=
-87,168,IVJIdSsAIRYtHGtwMQDnWUahDKg=,Kf1CRlBW1askGWkWe26dZBf6uew=
-93,163,IVJIdSsAIRYtHGtwMQDnWUahDKg=,Kf1CRlBW1askGWkWe26dZBf6uew=
-86,160,IVJIdSsAIRYtHGtwMQDnWUahDKg=,Kf1CRlBW1askGWkWe26dZBf6uew=
-88,163,IVJIdSsAIRYtHGtwMQDnWUahDKg=,Kf1CRlBW1askGWkWe26dZBf6uew=
-90,169,IVJIdSsAIRYtHGtwMQDnWUahDKg=,Kf1CRlBW1askGWkWe26dZBf6uew=
-92,168,IVJIdSsAIRYtHGtwMQDnWUahDKg=,Kf1CRlBW1askGWkWe26dZBf6uew=
-93,168,IVJIdSsAIRYtHGtwMQDnWUahDKg=,Kf1CRlBW1askGWkWe26dZBf6uew=
-94,168,IVJIdSsAIRYtHGtwMQDnWUahDKg=,Kf1CRlBW1askGWkWe26dZBf6uew=
-95,168,IVJIdSsAIRYtHGtwMQDnWUahDKg=,Kf1CRlBW1askGWkWe26dZBf6uew=
-89,161,IVJIdSsAIRYtHGtwMQDnWUahDKg=,Kf1CRlBW1askGWkWe26dZBf6uew=
-96,168,IVJIdSsAIRYtHGtwMQDnWUahDKg=,Kf1CRlBW1askGWkWe26dZBf6uew=
-81,167,IVJIdSsAIRYtHGtwMQDnWUahDKg=,Kf1CRlBW1askGWkWe26dZBf6uew=
-82,167,IVJIdSsAIRYtHGtwMQDnWUahDKg=,Kf1CRlBW1askGWkWe26dZBf6uew=
-83,167,IVJIdSsAIRYtHGtwMQDnWUahDKg=,Kf1CRlBW1askGWkWe26dZBf6uew=
-84,167,IVJIdSsAIRYtHGtwMQDnWUahDKg=,Kf1CRlBW1askGWkWe26dZBf6uew=
-85,167,IVJIdSsAIRYtHGtwMQDnWUahDKg=,Kf1CRlBW1askGWkWe26dZBf6uew=
-86,167,IVJIdSsAIRYtHGtwMQDnWUahDKg=,Kf1CRlBW1askGWkWe26dZBf6uew=
-87,167,IVJIdSsAIRYtHGtwMQDnWUahDKg=,Kf1CRlBW1askGWkWe26dZBf6uew=
-87,160,IVJIdSsAIRYtHGtwMQDnWUahDKg=,Kf1CRlBW1askGWkWe26dZBf6uew=
-94,163,IVJIdSsAIRYtHGtwMQDnWUahDKg=,Kf1CRlBW1askGWkWe26dZBf6uew=
-88,164,IVJIdSsAIRYtHGtwMQDnWUahDKg=,Kf1CRlBW1askGWkWe26dZBf6uew=
-91,170,IVJIdSsAIRYtHGtwMQDnWUahDKg=,Kf1CRlBW1askGWkWe26dZBf6uew=
-89,168,IVJIdSsAIRYtHGtwMQDnWUahDKg=,Kf1CRlBW1askGWkWe26dZBf6uew=
-90,167,IVJIdSsAIRYtHGtwMQDnWUahDKg=,Kf1CRlBW1askGWkWe26dZBf6uew=
-83,160,IVJIdSsAIRYtHGtwMQDnWUahDKg=,Kf1CRlBW1askGWkWe26dZBf6uew=
-92,167,IVJIdSsAIRYtHGtwMQDnWUahDKg=,Kf1CRlBW1askGWkWe26dZBf6uew=
-93,167,IVJIdSsAIRYtHGtwMQDnWUahDKg=,Kf1CRlBW1askGWkWe26dZBf6uew=
-94,167,IVJIdSsAIRYtHGtwMQDnWUahDKg=,Kf1CRlBW1askGWkWe26dZBf6uew=
-95,167,IVJIdSsAIRYtHGtwMQDnWUahDKg=,Kf1CRlBW1askGWkWe26dZBf6uew=
-90,161,IVJIdSsAIRYtHGtwMQDnWUahDKg=,Kf1CRlBW1askGWkWe26dZBf6uew=
-96,167,IVJIdSsAIRYtHGtwMQDnWUahDKg=,Kf1CRlBW1askGWkWe26dZBf6uew=
-81,166,IVJIdSsAIRYtHGtwMQDnWUahDKg=,Kf1CRlBW1askGWkWe26dZBf6uew=
-82,166,IVJIdSsAIRYtHGtwMQDnWUahDKg=,Kf1CRlBW1askGWkWe26dZBf6uew=
-83,166,IVJIdSsAIRYtHGtwMQDnWUahDKg=,Kf1CRlBW1askGWkWe26dZBf6uew=
-84,166,IVJIdSsAIRYtHGtwMQDnWUahDKg=,Kf1CRlBW1askGWkWe26dZBf6uew=
-85,166,IVJIdSsAIRYtHGtwMQDnWUahDKg=,Kf1CRlBW1askGWkWe26dZBf6uew=
-86,166,IVJIdSsAIRYtHGtwMQDnWUahDKg=,Kf1CRlBW1askGWkWe26dZBf6uew=
-88,160,IVJIdSsAIRYtHGtwMQDnWUahDKg=,Kf1CRlBW1askGWkWe26dZBf6uew=
-88,168,IVJIdSsAIRYtHGtwMQDnWUahDKg=,Kf1CRlBW1askGWkWe26dZBf6uew=
-87,166,IVJIdSsAIRYtHGtwMQDnWUahDKg=,Kf1CRlBW1askGWkWe26dZBf6uew=
-92,170,IVJIdSsAIRYtHGtwMQDnWUahDKg=,Kf1CRlBW1askGWkWe26dZBf6uew=
-90,168,IVJIdSsAIRYtHGtwMQDnWUahDKg=,Kf1CRlBW1askGWkWe26dZBf6uew=
-88,167,IVJIdSsAIRYtHGtwMQDnWUahDKg=,Kf1CRlBW1askGWkWe26dZBf6uew=
-91,166,IVJIdSsAIRYtHGtwMQDnWUahDKg=,Kf1CRlBW1askGWkWe26dZBf6uew=
-92,166,IVJIdSsAIRYtHGtwMQDnWUahDKg=,Kf1CRlBW1askGWkWe26dZBf6uew=
-93,166,IVJIdSsAIRYtHGtwMQDnWUahDKg=,Kf1CRlBW1askGWkWe26dZBf6uew=
-94,166,IVJIdSsAIRYtHGtwMQDnWUahDKg=,Kf1CRlBW1askGWkWe26dZBf6uew=
-95,166,IVJIdSsAIRYtHGtwMQDnWUahDKg=,Kf1CRlBW1askGWkWe26dZBf6uew=
-91,161,IVJIdSsAIRYtHGtwMQDnWUahDKg=,Kf1CRlBW1askGWkWe26dZBf6uew=
-96,166,IVJIdSsAIRYtHGtwMQDnWUahDKg=,Kf1CRlBW1askGWkWe26dZBf6uew=
-81,165,IVJIdSsAIRYtHGtwMQDnWUahDKg=,Kf1CRlBW1askGWkWe26dZBf6uew=
-82,165,IVJIdSsAIRYtHGtwMQDnWUahDKg=,Kf1CRlBW1askGWkWe26dZBf6uew=
-83,165,IVJIdSsAIRYtHGtwMQDnWUahDKg=,Kf1CRlBW1askGWkWe26dZBf6uew=
-84,165,IVJIdSsAIRYtHGtwMQDnWUahDKg=,Kf1CRlBW1askGWkWe26dZBf6uew=
-85,165,IVJIdSsAIRYtHGtwMQDnWUahDKg=,Kf1CRlBW1askGWkWe26dZBf6uew=
-89,160,IVJIdSsAIRYtHGtwMQDnWUahDKg=,Kf1CRlBW1askGWkWe26dZBf6uew=
-96,163,IVJIdSsAIRYtHGtwMQDnWUahDKg=,Kf1CRlBW1askGWkWe26dZBf6uew=
-92,161,IVJIdSsAIRYtHGtwMQDnWUahDKg=,Kf1CRlBW1askGWkWe26dZBf6uew=
-91,167,IVJIdSsAIRYtHGtwMQDnWUahDKg=,Kf1CRlBW1askGWkWe26dZBf6uew=
-87,164,IVJIdSsAIRYtHGtwMQDnWUahDKg=,Kf1CRlBW1askGWkWe26dZBf6uew=
-91,168,IVJIdSsAIRYtHGtwMQDnWUahDKg=,Kf1CRlBW1askGWkWe26dZBf6uew=
-90,166,IVJIdSsAIRYtHGtwMQDnWUahDKg=,Kf1CRlBW1askGWkWe26dZBf6uew=
-89,165,IVJIdSsAIRYtHGtwMQDnWUahDKg=,Kf1CRlBW1askGWkWe26dZBf6uew=
-90,165,IVJIdSsAIRYtHGtwMQDnWUahDKg=,Kf1CRlBW1askGWkWe26dZBf6uew=
-91,165,IVJIdSsAIRYtHGtwMQDnWUahDKg=,Kf1CRlBW1askGWkWe26dZBf6uew=
-92,165,IVJIdSsAIRYtHGtwMQDnWUahDKg=,Kf1CRlBW1askGWkWe26dZBf6uew=
-93,165,IVJIdSsAIRYtHGtwMQDnWUahDKg=,Kf1CRlBW1askGWkWe26dZBf6uew=
-94,165,IVJIdSsAIRYtHGtwMQDnWUahDKg=,Kf1CRlBW1askGWkWe26dZBf6uew=
-89,167,IVJIdSsAIRYtHGtwMQDnWUahDKg=,Kf1CRlBW1askGWkWe26dZBf6uew=
-93,161,IVJIdSsAIRYtHGtwMQDnWUahDKg=,Kf1CRlBW1askGWkWe26dZBf6uew=
-96,165,IVJIdSsAIRYtHGtwMQDnWUahDKg=,Kf1CRlBW1askGWkWe26dZBf6uew=
-95,165,IVJIdSsAIRYtHGtwMQDnWUahDKg=,Kf1CRlBW1askGWkWe26dZBf6uew=
-81,164,IVJIdSsAIRYtHGtwMQDnWUahDKg=,Kf1CRlBW1askGWkWe26dZBf6uew=
-82,164,IVJIdSsAIRYtHGtwMQDnWUahDKg=,Kf1CRlBW1askGWkWe26dZBf6uew=
-83,164,IVJIdSsAIRYtHGtwMQDnWUahDKg=,Kf1CRlBW1askGWkWe26dZBf6uew=
-84,164,IVJIdSsAIRYtHGtwMQDnWUahDKg=,Kf1CRlBW1askGWkWe26dZBf6uew=
-90,160,IVJIdSsAIRYtHGtwMQDnWUahDKg=,Kf1CRlBW1askGWkWe26dZBf6uew=
-81,162,IVJIdSsAIRYtHGtwMQDnWUahDKg=,Kf1CRlBW1askGWkWe26dZBf6uew=
-85,164,IVJIdSsAIRYtHGtwMQDnWUahDKg=,Kf1CRlBW1askGWkWe26dZBf6uew=
-92,172,IVJIdSsAIRYtHGtwMQDnWUahDKg=,Kf1CRlBW1askGWkWe26dZBf6uew=
-89,166,IVJIdSsAIRYtHGtwMQDnWUahDKg=,Kf1CRlBW1askGWkWe26dZBf6uew=
-91,172,IVJIdSsAIRYtHGtwMQDnWUahDKg=,Kf1CRlBW1askGWkWe26dZBf6uew=
-86,164,IVJIdSsAIRYtHGtwMQDnWUahDKg=,Kf1CRlBW1askGWkWe26dZBf6uew=
-95,163,IVJIdSsAIRYtHGtwMQDnWUahDKg=,Kf1CRlBW1askGWkWe26dZBf6uew=
-86,165,IVJIdSsAIRYtHGtwMQDnWUahDKg=,Kf1CRlBW1askGWkWe26dZBf6uew=
-84,161,IVJIdSsAIRYtHGtwMQDnWUahDKg=,Kf1CRlBW1askGWkWe26dZBf6uew=
-87,165,IVJIdSsAIRYtHGtwMQDnWUahDKg=,Kf1CRlBW1askGWkWe26dZBf6uew=
-85,160,IVJIdSsAIRYtHGtwMQDnWUahDKg=,Kf1CRlBW1askGWkWe26dZBf6uew=
-91,169,IVJIdSsAIRYtHGtwMQDnWUahDKg=,Kf1CRlBW1askGWkWe26dZBf6uew=
-89,174,IVJIdSsAIRYtHGtwMQDnWUahDKg=,Kf1CRlBW1askGWkWe26dZBf6uew=
-88,165,IVJIdSsAIRYtHGtwMQDnWUahDKg=,Kf1CRlBW1askGWkWe26dZBf6uew=
-88,166,IVJIdSsAIRYtHGtwMQDnWUahDKg=,Kf1CRlBW1askGWkWe26dZBf6uew=
-82,191,lwZk8LeXs41QY89A75WMOQ0oZ/I=,Q9AKeI8UmTgGk2eSZRAvYz0WVQ4=
-81,191,lwZk8LeXs41QY89A75WMOQ0oZ/I=,Q9AKeI8UmTgGk2eSZRAvYz0WVQ4=
-84,191,lwZk8LeXs41QY89A75WMOQ0oZ/I=,Q9AKeI8UmTgGk2eSZRAvYz0WVQ4=
-83,178,lwZk8LeXs41QY89A75WMOQ0oZ/I=,Q9AKeI8UmTgGk2eSZRAvYz0WVQ4=
-83,191,lwZk8LeXs41QY89A75WMOQ0oZ/I=,Q9AKeI8UmTgGk2eSZRAvYz0WVQ4=
-86,191,lwZk8LeXs41QY89A75WMOQ0oZ/I=,Q9AKeI8UmTgGk2eSZRAvYz0WVQ4=
-87,191,lwZk8LeXs41QY89A75WMOQ0oZ/I=,Q9AKeI8UmTgGk2eSZRAvYz0WVQ4=
-85,191,lwZk8LeXs41QY89A75WMOQ0oZ/I=,Q9AKeI8UmTgGk2eSZRAvYz0WVQ4=
-89,191,lwZk8LeXs41QY89A75WMOQ0oZ/I=,Q9AKeI8UmTgGk2eSZRAvYz0WVQ4=
-88,191,lwZk8LeXs41QY89A75WMOQ0oZ/I=,Q9AKeI8UmTgGk2eSZRAvYz0WVQ4=
-91,191,lwZk8LeXs41QY89A75WMOQ0oZ/I=,Q9AKeI8UmTgGk2eSZRAvYz0WVQ4=
-90,191,lwZk8LeXs41QY89A75WMOQ0oZ/I=,Q9AKeI8UmTgGk2eSZRAvYz0WVQ4=
-93,191,lwZk8LeXs41QY89A75WMOQ0oZ/I=,Q9AKeI8UmTgGk2eSZRAvYz0WVQ4=
-94,191,lwZk8LeXs41QY89A75WMOQ0oZ/I=,Q9AKeI8UmTgGk2eSZRAvYz0WVQ4=
-95,191,lwZk8LeXs41QY89A75WMOQ0oZ/I=,Q9AKeI8UmTgGk2eSZRAvYz0WVQ4=
-95,177,lwZk8LeXs41QY89A75WMOQ0oZ/I=,Q9AKeI8UmTgGk2eSZRAvYz0WVQ4=
-92,191,lwZk8LeXs41QY89A75WMOQ0oZ/I=,Q9AKeI8UmTgGk2eSZRAvYz0WVQ4=
-82,177,lwZk8LeXs41QY89A75WMOQ0oZ/I=,Q9AKeI8UmTgGk2eSZRAvYz0WVQ4=
-83,177,lwZk8LeXs41QY89A75WMOQ0oZ/I=,Q9AKeI8UmTgGk2eSZRAvYz0WVQ4=
-82,178,lwZk8LeXs41QY89A75WMOQ0oZ/I=,Q9AKeI8UmTgGk2eSZRAvYz0WVQ4=
-96,191,lwZk8LeXs41QY89A75WMOQ0oZ/I=,Q9AKeI8UmTgGk2eSZRAvYz0WVQ4=
-84,177,lwZk8LeXs41QY89A75WMOQ0oZ/I=,Q9AKeI8UmTgGk2eSZRAvYz0WVQ4=
-81,177,lwZk8LeXs41QY89A75WMOQ0oZ/I=,Q9AKeI8UmTgGk2eSZRAvYz0WVQ4=
-85,177,lwZk8LeXs41QY89A75WMOQ0oZ/I=,Q9AKeI8UmTgGk2eSZRAvYz0WVQ4=
-81,178,lwZk8LeXs41QY89A75WMOQ0oZ/I=,Q9AKeI8UmTgGk2eSZRAvYz0WVQ4=
-87,177,lwZk8LeXs41QY89A75WMOQ0oZ/I=,Q9AKeI8UmTgGk2eSZRAvYz0WVQ4=
-81,190,lwZk8LeXs41QY89A75WMOQ0oZ/I=,Q9AKeI8UmTgGk2eSZRAvYz0WVQ4=
-88,177,lwZk8LeXs41QY89A75WMOQ0oZ/I=,Q9AKeI8UmTgGk2eSZRAvYz0WVQ4=
-89,177,lwZk8LeXs41QY89A75WMOQ0oZ/I=,Q9AKeI8UmTgGk2eSZRAvYz0WVQ4=
-91,177,lwZk8LeXs41QY89A75WMOQ0oZ/I=,Q9AKeI8UmTgGk2eSZRAvYz0WVQ4=
-90,177,lwZk8LeXs41QY89A75WMOQ0oZ/I=,Q9AKeI8UmTgGk2eSZRAvYz0WVQ4=
-92,177,lwZk8LeXs41QY89A75WMOQ0oZ/I=,Q9AKeI8UmTgGk2eSZRAvYz0WVQ4=
-94,176,lwZk8LeXs41QY89A75WMOQ0oZ/I=,Q9AKeI8UmTgGk2eSZRAvYz0WVQ4=
-86,177,lwZk8LeXs41QY89A75WMOQ0oZ/I=,Q9AKeI8UmTgGk2eSZRAvYz0WVQ4=
-82,190,lwZk8LeXs41QY89A75WMOQ0oZ/I=,Q9AKeI8UmTgGk2eSZRAvYz0WVQ4=
-84,190,lwZk8LeXs41QY89A75WMOQ0oZ/I=,Q9AKeI8UmTgGk2eSZRAvYz0WVQ4=
-83,190,lwZk8LeXs41QY89A75WMOQ0oZ/I=,Q9AKeI8UmTgGk2eSZRAvYz0WVQ4=
-85,190,lwZk8LeXs41QY89A75WMOQ0oZ/I=,Q9AKeI8UmTgGk2eSZRAvYz0WVQ4=
-84,178,lwZk8LeXs41QY89A75WMOQ0oZ/I=,Q9AKeI8UmTgGk2eSZRAvYz0WVQ4=
-86,190,lwZk8LeXs41QY89A75WMOQ0oZ/I=,Q9AKeI8UmTgGk2eSZRAvYz0WVQ4=
-87,190,lwZk8LeXs41QY89A75WMOQ0oZ/I=,Q9AKeI8UmTgGk2eSZRAvYz0WVQ4=
-94,177,lwZk8LeXs41QY89A75WMOQ0oZ/I=,Q9AKeI8UmTgGk2eSZRAvYz0WVQ4=
-89,190,lwZk8LeXs41QY89A75WMOQ0oZ/I=,Q9AKeI8UmTgGk2eSZRAvYz0WVQ4=
-88,190,lwZk8LeXs41QY89A75WMOQ0oZ/I=,Q9AKeI8UmTgGk2eSZRAvYz0WVQ4=
-90,190,lwZk8LeXs41QY89A75WMOQ0oZ/I=,Q9AKeI8UmTgGk2eSZRAvYz0WVQ4=
-92,190,lwZk8LeXs41QY89A75WMOQ0oZ/I=,Q9AKeI8UmTgGk2eSZRAvYz0WVQ4=
-91,190,lwZk8LeXs41QY89A75WMOQ0oZ/I=,Q9AKeI8UmTgGk2eSZRAvYz0WVQ4=
-93,190,lwZk8LeXs41QY89A75WMOQ0oZ/I=,Q9AKeI8UmTgGk2eSZRAvYz0WVQ4=
-96,190,lwZk8LeXs41QY89A75WMOQ0oZ/I=,Q9AKeI8UmTgGk2eSZRAvYz0WVQ4=
-94,190,lwZk8LeXs41QY89A75WMOQ0oZ/I=,Q9AKeI8UmTgGk2eSZRAvYz0WVQ4=
-81,189,lwZk8LeXs41QY89A75WMOQ0oZ/I=,Q9AKeI8UmTgGk2eSZRAvYz0WVQ4=
-82,189,lwZk8LeXs41QY89A75WMOQ0oZ/I=,Q9AKeI8UmTgGk2eSZRAvYz0WVQ4=
-95,190,lwZk8LeXs41QY89A75WMOQ0oZ/I=,Q9AKeI8UmTgGk2eSZRAvYz0WVQ4=
-83,189,lwZk8LeXs41QY89A75WMOQ0oZ/I=,Q9AKeI8UmTgGk2eSZRAvYz0WVQ4=
-85,178,lwZk8LeXs41QY89A75WMOQ0oZ/I=,Q9AKeI8UmTgGk2eSZRAvYz0WVQ4=
-81,176,lwZk8LeXs41QY89A75WMOQ0oZ/I=,Q9AKeI8UmTgGk2eSZRAvYz0WVQ4=
-84,189,lwZk8LeXs41QY89A75WMOQ0oZ/I=,Q9AKeI8UmTgGk2eSZRAvYz0WVQ4=
-86,189,lwZk8LeXs41QY89A75WMOQ0oZ/I=,Q9AKeI8UmTgGk2eSZRAvYz0WVQ4=
-85,189,lwZk8LeXs41QY89A75WMOQ0oZ/I=,Q9AKeI8UmTgGk2eSZRAvYz0WVQ4=
-87,189,lwZk8LeXs41QY89A75WMOQ0oZ/I=,Q9AKeI8UmTgGk2eSZRAvYz0WVQ4=
-90,189,lwZk8LeXs41QY89A75WMOQ0oZ/I=,Q9AKeI8UmTgGk2eSZRAvYz0WVQ4=
-88,189,lwZk8LeXs41QY89A75WMOQ0oZ/I=,Q9AKeI8UmTgGk2eSZRAvYz0WVQ4=
-89,189,lwZk8LeXs41QY89A75WMOQ0oZ/I=,Q9AKeI8UmTgGk2eSZRAvYz0WVQ4=
-91,189,lwZk8LeXs41QY89A75WMOQ0oZ/I=,Q9AKeI8UmTgGk2eSZRAvYz0WVQ4=
-92,189,lwZk8LeXs41QY89A75WMOQ0oZ/I=,Q9AKeI8UmTgGk2eSZRAvYz0WVQ4=
-93,189,lwZk8LeXs41QY89A75WMOQ0oZ/I=,Q9AKeI8UmTgGk2eSZRAvYz0WVQ4=
-95,189,lwZk8LeXs41QY89A75WMOQ0oZ/I=,Q9AKeI8UmTgGk2eSZRAvYz0WVQ4=
-95,176,lwZk8LeXs41QY89A75WMOQ0oZ/I=,Q9AKeI8UmTgGk2eSZRAvYz0WVQ4=
-94,189,lwZk8LeXs41QY89A75WMOQ0oZ/I=,Q9AKeI8UmTgGk2eSZRAvYz0WVQ4=
-96,189,lwZk8LeXs41QY89A75WMOQ0oZ/I=,Q9AKeI8UmTgGk2eSZRAvYz0WVQ4=
-81,188,lwZk8LeXs41QY89A75WMOQ0oZ/I=,Q9AKeI8UmTgGk2eSZRAvYz0WVQ4=
-82,188,lwZk8LeXs41QY89A75WMOQ0oZ/I=,Q9AKeI8UmTgGk2eSZRAvYz0WVQ4=
-83,188,lwZk8LeXs41QY89A75WMOQ0oZ/I=,Q9AKeI8UmTgGk2eSZRAvYz0WVQ4=
-82,176,lwZk8LeXs41QY89A75WMOQ0oZ/I=,Q9AKeI8UmTgGk2eSZRAvYz0WVQ4=
-84,188,lwZk8LeXs41QY89A75WMOQ0oZ/I=,Q9AKeI8UmTgGk2eSZRAvYz0WVQ4=
-86,178,lwZk8LeXs41QY89A75WMOQ0oZ/I=,Q9AKeI8UmTgGk2eSZRAvYz0WVQ4=
-85,188,lwZk8LeXs41QY89A75WMOQ0oZ/I=,Q9AKeI8UmTgGk2eSZRAvYz0WVQ4=
-87,188,lwZk8LeXs41QY89A75WMOQ0oZ/I=,Q9AKeI8UmTgGk2eSZRAvYz0WVQ4=
-86,188,lwZk8LeXs41QY89A75WMOQ0oZ/I=,Q9AKeI8UmTgGk2eSZRAvYz0WVQ4=
-88,188,lwZk8LeXs41QY89A75WMOQ0oZ/I=,Q9AKeI8UmTgGk2eSZRAvYz0WVQ4=
-89,188,lwZk8LeXs41QY89A75WMOQ0oZ/I=,Q9AKeI8UmTgGk2eSZRAvYz0WVQ4=
-90,188,lwZk8LeXs41QY89A75WMOQ0oZ/I=,Q9AKeI8UmTgGk2eSZRAvYz0WVQ4=
-92,188,lwZk8LeXs41QY89A75WMOQ0oZ/I=,Q9AKeI8UmTgGk2eSZRAvYz0WVQ4=
-91,188,lwZk8LeXs41QY89A75WMOQ0oZ/I=,Q9AKeI8UmTgGk2eSZRAvYz0WVQ4=
-93,188,lwZk8LeXs41QY89A75WMOQ0oZ/I=,Q9AKeI8UmTgGk2eSZRAvYz0WVQ4=
-94,188,lwZk8LeXs41QY89A75WMOQ0oZ/I=,Q9AKeI8UmTgGk2eSZRAvYz0WVQ4=
-95,188,lwZk8LeXs41QY89A75WMOQ0oZ/I=,Q9AKeI8UmTgGk2eSZRAvYz0WVQ4=
-96,188,lwZk8LeXs41QY89A75WMOQ0oZ/I=,Q9AKeI8UmTgGk2eSZRAvYz0WVQ4=
-82,187,lwZk8LeXs41QY89A75WMOQ0oZ/I=,Q9AKeI8UmTgGk2eSZRAvYz0WVQ4=
-81,187,lwZk8LeXs41QY89A75WMOQ0oZ/I=,Q9AKeI8UmTgGk2eSZRAvYz0WVQ4=
-84,187,lwZk8LeXs41QY89A75WMOQ0oZ/I=,Q9AKeI8UmTgGk2eSZRAvYz0WVQ4=
-83,187,lwZk8LeXs41QY89A75WMOQ0oZ/I=,Q9AKeI8UmTgGk2eSZRAvYz0WVQ4=
-83,176,lwZk8LeXs41QY89A75WMOQ0oZ/I=,Q9AKeI8UmTgGk2eSZRAvYz0WVQ4=
-87,178,lwZk8LeXs41QY89A75WMOQ0oZ/I=,Q9AKeI8UmTgGk2eSZRAvYz0WVQ4=
-85,187,lwZk8LeXs41QY89A75WMOQ0oZ/I=,Q9AKeI8UmTgGk2eSZRAvYz0WVQ4=
-86,187,lwZk8LeXs41QY89A75WMOQ0oZ/I=,Q9AKeI8UmTgGk2eSZRAvYz0WVQ4=
-87,187,lwZk8LeXs41QY89A75WMOQ0oZ/I=,Q9AKeI8UmTgGk2eSZRAvYz0WVQ4=
-88,187,lwZk8LeXs41QY89A75WMOQ0oZ/I=,Q9AKeI8UmTgGk2eSZRAvYz0WVQ4=
-89,187,lwZk8LeXs41QY89A75WMOQ0oZ/I=,Q9AKeI8UmTgGk2eSZRAvYz0WVQ4=
-90,187,lwZk8LeXs41QY89A75WMOQ0oZ/I=,Q9AKeI8UmTgGk2eSZRAvYz0WVQ4=
-92,187,lwZk8LeXs41QY89A75WMOQ0oZ/I=,Q9AKeI8UmTgGk2eSZRAvYz0WVQ4=
-91,187,lwZk8LeXs41QY89A75WMOQ0oZ/I=,Q9AKeI8UmTgGk2eSZRAvYz0WVQ4=
-93,187,lwZk8LeXs41QY89A75WMOQ0oZ/I=,Q9AKeI8UmTgGk2eSZRAvYz0WVQ4=
-94,187,lwZk8LeXs41QY89A75WMOQ0oZ/I=,Q9AKeI8UmTgGk2eSZRAvYz0WVQ4=
-95,187,lwZk8LeXs41QY89A75WMOQ0oZ/I=,Q9AKeI8UmTgGk2eSZRAvYz0WVQ4=
-96,187,lwZk8LeXs41QY89A75WMOQ0oZ/I=,Q9AKeI8UmTgGk2eSZRAvYz0WVQ4=
-82,186,lwZk8LeXs41QY89A75WMOQ0oZ/I=,Q9AKeI8UmTgGk2eSZRAvYz0WVQ4=
-83,186,lwZk8LeXs41QY89A75WMOQ0oZ/I=,Q9AKeI8UmTgGk2eSZRAvYz0WVQ4=
-81,186,lwZk8LeXs41QY89A75WMOQ0oZ/I=,Q9AKeI8UmTgGk2eSZRAvYz0WVQ4=
-84,186,lwZk8LeXs41QY89A75WMOQ0oZ/I=,Q9AKeI8UmTgGk2eSZRAvYz0WVQ4=
-84,176,lwZk8LeXs41QY89A75WMOQ0oZ/I=,Q9AKeI8UmTgGk2eSZRAvYz0WVQ4=
-85,186,lwZk8LeXs41QY89A75WMOQ0oZ/I=,Q9AKeI8UmTgGk2eSZRAvYz0WVQ4=
-88,178,lwZk8LeXs41QY89A75WMOQ0oZ/I=,Q9AKeI8UmTgGk2eSZRAvYz0WVQ4=
-86,186,lwZk8LeXs41QY89A75WMOQ0oZ/I=,Q9AKeI8UmTgGk2eSZRAvYz0WVQ4=
-87,186,lwZk8LeXs41QY89A75WMOQ0oZ/I=,Q9AKeI8UmTgGk2eSZRAvYz0WVQ4=
-88,186,lwZk8LeXs41QY89A75WMOQ0oZ/I=,Q9AKeI8UmTgGk2eSZRAvYz0WVQ4=
-89,186,lwZk8LeXs41QY89A75WMOQ0oZ/I=,Q9AKeI8UmTgGk2eSZRAvYz0WVQ4=
-92,186,lwZk8LeXs41QY89A75WMOQ0oZ/I=,Q9AKeI8UmTgGk2eSZRAvYz0WVQ4=
-91,186,lwZk8LeXs41QY89A75WMOQ0oZ/I=,Q9AKeI8UmTgGk2eSZRAvYz0WVQ4=
-90,186,lwZk8LeXs41QY89A75WMOQ0oZ/I=,Q9AKeI8UmTgGk2eSZRAvYz0WVQ4=
-93,186,lwZk8LeXs41QY89A75WMOQ0oZ/I=,Q9AKeI8UmTgGk2eSZRAvYz0WVQ4=
-94,186,lwZk8LeXs41QY89A75WMOQ0oZ/I=,Q9AKeI8UmTgGk2eSZRAvYz0WVQ4=
-96,186,lwZk8LeXs41QY89A75WMOQ0oZ/I=,Q9AKeI8UmTgGk2eSZRAvYz0WVQ4=
-95,186,lwZk8LeXs41QY89A75WMOQ0oZ/I=,Q9AKeI8UmTgGk2eSZRAvYz0WVQ4=
-81,185,lwZk8LeXs41QY89A75WMOQ0oZ/I=,Q9AKeI8UmTgGk2eSZRAvYz0WVQ4=
-82,185,lwZk8LeXs41QY89A75WMOQ0oZ/I=,Q9AKeI8UmTgGk2eSZRAvYz0WVQ4=
-83,185,lwZk8LeXs41QY89A75WMOQ0oZ/I=,Q9AKeI8UmTgGk2eSZRAvYz0WVQ4=
-84,185,lwZk8LeXs41QY89A75WMOQ0oZ/I=,Q9AKeI8UmTgGk2eSZRAvYz0WVQ4=
-85,185,lwZk8LeXs41QY89A75WMOQ0oZ/I=,Q9AKeI8UmTgGk2eSZRAvYz0WVQ4=
-86,185,lwZk8LeXs41QY89A75WMOQ0oZ/I=,Q9AKeI8UmTgGk2eSZRAvYz0WVQ4=
-85,176,lwZk8LeXs41QY89A75WMOQ0oZ/I=,Q9AKeI8UmTgGk2eSZRAvYz0WVQ4=
-87,185,lwZk8LeXs41QY89A75WMOQ0oZ/I=,Q9AKeI8UmTgGk2eSZRAvYz0WVQ4=
-89,178,lwZk8LeXs41QY89A75WMOQ0oZ/I=,Q9AKeI8UmTgGk2eSZRAvYz0WVQ4=
-89,185,lwZk8LeXs41QY89A75WMOQ0oZ/I=,Q9AKeI8UmTgGk2eSZRAvYz0WVQ4=
-88,185,lwZk8LeXs41QY89A75WMOQ0oZ/I=,Q9AKeI8UmTgGk2eSZRAvYz0WVQ4=
-90,185,lwZk8LeXs41QY89A75WMOQ0oZ/I=,Q9AKeI8UmTgGk2eSZRAvYz0WVQ4=
-91,185,lwZk8LeXs41QY89A75WMOQ0oZ/I=,Q9AKeI8UmTgGk2eSZRAvYz0WVQ4=
-92,185,lwZk8LeXs41QY89A75WMOQ0oZ/I=,Q9AKeI8UmTgGk2eSZRAvYz0WVQ4=
-93,185,lwZk8LeXs41QY89A75WMOQ0oZ/I=,Q9AKeI8UmTgGk2eSZRAvYz0WVQ4=
-94,185,lwZk8LeXs41QY89A75WMOQ0oZ/I=,Q9AKeI8UmTgGk2eSZRAvYz0WVQ4=
-95,185,lwZk8LeXs41QY89A75WMOQ0oZ/I=,Q9AKeI8UmTgGk2eSZRAvYz0WVQ4=
-81,184,lwZk8LeXs41QY89A75WMOQ0oZ/I=,Q9AKeI8UmTgGk2eSZRAvYz0WVQ4=
-96,185,lwZk8LeXs41QY89A75WMOQ0oZ/I=,Q9AKeI8UmTgGk2eSZRAvYz0WVQ4=
-83,184,lwZk8LeXs41QY89A75WMOQ0oZ/I=,Q9AKeI8UmTgGk2eSZRAvYz0WVQ4=
-82,184,lwZk8LeXs41QY89A75WMOQ0oZ/I=,Q9AKeI8UmTgGk2eSZRAvYz0WVQ4=
-84,184,lwZk8LeXs41QY89A75WMOQ0oZ/I=,Q9AKeI8UmTgGk2eSZRAvYz0WVQ4=
-85,184,lwZk8LeXs41QY89A75WMOQ0oZ/I=,Q9AKeI8UmTgGk2eSZRAvYz0WVQ4=
-86,184,lwZk8LeXs41QY89A75WMOQ0oZ/I=,Q9AKeI8UmTgGk2eSZRAvYz0WVQ4=
-87,184,lwZk8LeXs41QY89A75WMOQ0oZ/I=,Q9AKeI8UmTgGk2eSZRAvYz0WVQ4=
-86,176,lwZk8LeXs41QY89A75WMOQ0oZ/I=,Q9AKeI8UmTgGk2eSZRAvYz0WVQ4=
-90,178,lwZk8LeXs41QY89A75WMOQ0oZ/I=,Q9AKeI8UmTgGk2eSZRAvYz0WVQ4=
-88,184,lwZk8LeXs41QY89A75WMOQ0oZ/I=,Q9AKeI8UmTgGk2eSZRAvYz0WVQ4=
-90,184,lwZk8LeXs41QY89A75WMOQ0oZ/I=,Q9AKeI8UmTgGk2eSZRAvYz0WVQ4=
-89,184,lwZk8LeXs41QY89A75WMOQ0oZ/I=,Q9AKeI8UmTgGk2eSZRAvYz0WVQ4=
-91,184,lwZk8LeXs41QY89A75WMOQ0oZ/I=,Q9AKeI8UmTgGk2eSZRAvYz0WVQ4=
-92,184,lwZk8LeXs41QY89A75WMOQ0oZ/I=,Q9AKeI8UmTgGk2eSZRAvYz0WVQ4=
-94,184,lwZk8LeXs41QY89A75WMOQ0oZ/I=,Q9AKeI8UmTgGk2eSZRAvYz0WVQ4=
-95,184,lwZk8LeXs41QY89A75WMOQ0oZ/I=,Q9AKeI8UmTgGk2eSZRAvYz0WVQ4=
-93,184,lwZk8LeXs41QY89A75WMOQ0oZ/I=,Q9AKeI8UmTgGk2eSZRAvYz0WVQ4=
-96,184,lwZk8LeXs41QY89A75WMOQ0oZ/I=,Q9AKeI8UmTgGk2eSZRAvYz0WVQ4=
-81,183,lwZk8LeXs41QY89A75WMOQ0oZ/I=,Q9AKeI8UmTgGk2eSZRAvYz0WVQ4=
-82,183,lwZk8LeXs41QY89A75WMOQ0oZ/I=,Q9AKeI8UmTgGk2eSZRAvYz0WVQ4=
-84,183,lwZk8LeXs41QY89A75WMOQ0oZ/I=,Q9AKeI8UmTgGk2eSZRAvYz0WVQ4=
-96,179,lwZk8LeXs41QY89A75WMOQ0oZ/I=,Q9AKeI8UmTgGk2eSZRAvYz0WVQ4=
-86,183,lwZk8LeXs41QY89A75WMOQ0oZ/I=,Q9AKeI8UmTgGk2eSZRAvYz0WVQ4=
-83,183,lwZk8LeXs41QY89A75WMOQ0oZ/I=,Q9AKeI8UmTgGk2eSZRAvYz0WVQ4=
-87,183,lwZk8LeXs41QY89A75WMOQ0oZ/I=,Q9AKeI8UmTgGk2eSZRAvYz0WVQ4=
-85,183,lwZk8LeXs41QY89A75WMOQ0oZ/I=,Q9AKeI8UmTgGk2eSZRAvYz0WVQ4=
-88,183,lwZk8LeXs41QY89A75WMOQ0oZ/I=,Q9AKeI8UmTgGk2eSZRAvYz0WVQ4=
-87,176,lwZk8LeXs41QY89A75WMOQ0oZ/I=,Q9AKeI8UmTgGk2eSZRAvYz0WVQ4=
-95,179,lwZk8LeXs41QY89A75WMOQ0oZ/I=,Q9AKeI8UmTgGk2eSZRAvYz0WVQ4=
-89,183,lwZk8LeXs41QY89A75WMOQ0oZ/I=,Q9AKeI8UmTgGk2eSZRAvYz0WVQ4=
-91,178,lwZk8LeXs41QY89A75WMOQ0oZ/I=,Q9AKeI8UmTgGk2eSZRAvYz0WVQ4=
-90,183,lwZk8LeXs41QY89A75WMOQ0oZ/I=,Q9AKeI8UmTgGk2eSZRAvYz0WVQ4=
-91,183,lwZk8LeXs41QY89A75WMOQ0oZ/I=,Q9AKeI8UmTgGk2eSZRAvYz0WVQ4=
-92,183,lwZk8LeXs41QY89A75WMOQ0oZ/I=,Q9AKeI8UmTgGk2eSZRAvYz0WVQ4=
-94,179,lwZk8LeXs41QY89A75WMOQ0oZ/I=,Q9AKeI8UmTgGk2eSZRAvYz0WVQ4=
-94,183,lwZk8LeXs41QY89A75WMOQ0oZ/I=,Q9AKeI8UmTgGk2eSZRAvYz0WVQ4=
-93,183,lwZk8LeXs41QY89A75WMOQ0oZ/I=,Q9AKeI8UmTgGk2eSZRAvYz0WVQ4=
-95,183,lwZk8LeXs41QY89A75WMOQ0oZ/I=,Q9AKeI8UmTgGk2eSZRAvYz0WVQ4=
-96,183,lwZk8LeXs41QY89A75WMOQ0oZ/I=,Q9AKeI8UmTgGk2eSZRAvYz0WVQ4=
-81,182,lwZk8LeXs41QY89A75WMOQ0oZ/I=,Q9AKeI8UmTgGk2eSZRAvYz0WVQ4=
-83,182,lwZk8LeXs41QY89A75WMOQ0oZ/I=,Q9AKeI8UmTgGk2eSZRAvYz0WVQ4=
-82,182,lwZk8LeXs41QY89A75WMOQ0oZ/I=,Q9AKeI8UmTgGk2eSZRAvYz0WVQ4=
-85,182,lwZk8LeXs41QY89A75WMOQ0oZ/I=,Q9AKeI8UmTgGk2eSZRAvYz0WVQ4=
-84,182,lwZk8LeXs41QY89A75WMOQ0oZ/I=,Q9AKeI8UmTgGk2eSZRAvYz0WVQ4=
-86,182,lwZk8LeXs41QY89A75WMOQ0oZ/I=,Q9AKeI8UmTgGk2eSZRAvYz0WVQ4=
-87,182,lwZk8LeXs41QY89A75WMOQ0oZ/I=,Q9AKeI8UmTgGk2eSZRAvYz0WVQ4=
-88,182,lwZk8LeXs41QY89A75WMOQ0oZ/I=,Q9AKeI8UmTgGk2eSZRAvYz0WVQ4=
-90,182,lwZk8LeXs41QY89A75WMOQ0oZ/I=,Q9AKeI8UmTgGk2eSZRAvYz0WVQ4=
-89,182,lwZk8LeXs41QY89A75WMOQ0oZ/I=,Q9AKeI8UmTgGk2eSZRAvYz0WVQ4=
-92,178,lwZk8LeXs41QY89A75WMOQ0oZ/I=,Q9AKeI8UmTgGk2eSZRAvYz0WVQ4=
-91,182,lwZk8LeXs41QY89A75WMOQ0oZ/I=,Q9AKeI8UmTgGk2eSZRAvYz0WVQ4=
-93,182,lwZk8LeXs41QY89A75WMOQ0oZ/I=,Q9AKeI8UmTgGk2eSZRAvYz0WVQ4=
-92,182,lwZk8LeXs41QY89A75WMOQ0oZ/I=,Q9AKeI8UmTgGk2eSZRAvYz0WVQ4=
-94,182,lwZk8LeXs41QY89A75WMOQ0oZ/I=,Q9AKeI8UmTgGk2eSZRAvYz0WVQ4=
-95,182,lwZk8LeXs41QY89A75WMOQ0oZ/I=,Q9AKeI8UmTgGk2eSZRAvYz0WVQ4=
-96,182,lwZk8LeXs41QY89A75WMOQ0oZ/I=,Q9AKeI8UmTgGk2eSZRAvYz0WVQ4=
-81,181,lwZk8LeXs41QY89A75WMOQ0oZ/I=,Q9AKeI8UmTgGk2eSZRAvYz0WVQ4=
-82,181,lwZk8LeXs41QY89A75WMOQ0oZ/I=,Q9AKeI8UmTgGk2eSZRAvYz0WVQ4=
-83,181,lwZk8LeXs41QY89A75WMOQ0oZ/I=,Q9AKeI8UmTgGk2eSZRAvYz0WVQ4=
-84,181,lwZk8LeXs41QY89A75WMOQ0oZ/I=,Q9AKeI8UmTgGk2eSZRAvYz0WVQ4=
-85,181,lwZk8LeXs41QY89A75WMOQ0oZ/I=,Q9AKeI8UmTgGk2eSZRAvYz0WVQ4=
-86,181,lwZk8LeXs41QY89A75WMOQ0oZ/I=,Q9AKeI8UmTgGk2eSZRAvYz0WVQ4=
-87,181,lwZk8LeXs41QY89A75WMOQ0oZ/I=,Q9AKeI8UmTgGk2eSZRAvYz0WVQ4=
-88,181,lwZk8LeXs41QY89A75WMOQ0oZ/I=,Q9AKeI8UmTgGk2eSZRAvYz0WVQ4=
-89,181,lwZk8LeXs41QY89A75WMOQ0oZ/I=,Q9AKeI8UmTgGk2eSZRAvYz0WVQ4=
-90,181,lwZk8LeXs41QY89A75WMOQ0oZ/I=,Q9AKeI8UmTgGk2eSZRAvYz0WVQ4=
-91,181,lwZk8LeXs41QY89A75WMOQ0oZ/I=,Q9AKeI8UmTgGk2eSZRAvYz0WVQ4=
-93,178,lwZk8LeXs41QY89A75WMOQ0oZ/I=,Q9AKeI8UmTgGk2eSZRAvYz0WVQ4=
-92,181,lwZk8LeXs41QY89A75WMOQ0oZ/I=,Q9AKeI8UmTgGk2eSZRAvYz0WVQ4=
-93,181,lwZk8LeXs41QY89A75WMOQ0oZ/I=,Q9AKeI8UmTgGk2eSZRAvYz0WVQ4=
-94,181,lwZk8LeXs41QY89A75WMOQ0oZ/I=,Q9AKeI8UmTgGk2eSZRAvYz0WVQ4=
-95,181,lwZk8LeXs41QY89A75WMOQ0oZ/I=,Q9AKeI8UmTgGk2eSZRAvYz0WVQ4=
-82,180,lwZk8LeXs41QY89A75WMOQ0oZ/I=,Q9AKeI8UmTgGk2eSZRAvYz0WVQ4=
-81,180,lwZk8LeXs41QY89A75WMOQ0oZ/I=,Q9AKeI8UmTgGk2eSZRAvYz0WVQ4=
-96,181,lwZk8LeXs41QY89A75WMOQ0oZ/I=,Q9AKeI8UmTgGk2eSZRAvYz0WVQ4=
-83,180,lwZk8LeXs41QY89A75WMOQ0oZ/I=,Q9AKeI8UmTgGk2eSZRAvYz0WVQ4=
-84,180,lwZk8LeXs41QY89A75WMOQ0oZ/I=,Q9AKeI8UmTgGk2eSZRAvYz0WVQ4=
-85,180,lwZk8LeXs41QY89A75WMOQ0oZ/I=,Q9AKeI8UmTgGk2eSZRAvYz0WVQ4=
-86,180,lwZk8LeXs41QY89A75WMOQ0oZ/I=,Q9AKeI8UmTgGk2eSZRAvYz0WVQ4=
-87,180,lwZk8LeXs41QY89A75WMOQ0oZ/I=,Q9AKeI8UmTgGk2eSZRAvYz0WVQ4=
-88,180,lwZk8LeXs41QY89A75WMOQ0oZ/I=,Q9AKeI8UmTgGk2eSZRAvYz0WVQ4=
-89,180,lwZk8LeXs41QY89A75WMOQ0oZ/I=,Q9AKeI8UmTgGk2eSZRAvYz0WVQ4=
-90,180,lwZk8LeXs41QY89A75WMOQ0oZ/I=,Q9AKeI8UmTgGk2eSZRAvYz0WVQ4=
-91,180,lwZk8LeXs41QY89A75WMOQ0oZ/I=,Q9AKeI8UmTgGk2eSZRAvYz0WVQ4=
-92,180,lwZk8LeXs41QY89A75WMOQ0oZ/I=,Q9AKeI8UmTgGk2eSZRAvYz0WVQ4=
-94,178,lwZk8LeXs41QY89A75WMOQ0oZ/I=,Q9AKeI8UmTgGk2eSZRAvYz0WVQ4=
-93,180,lwZk8LeXs41QY89A75WMOQ0oZ/I=,Q9AKeI8UmTgGk2eSZRAvYz0WVQ4=
-94,180,lwZk8LeXs41QY89A75WMOQ0oZ/I=,Q9AKeI8UmTgGk2eSZRAvYz0WVQ4=
-95,180,lwZk8LeXs41QY89A75WMOQ0oZ/I=,Q9AKeI8UmTgGk2eSZRAvYz0WVQ4=
-96,180,lwZk8LeXs41QY89A75WMOQ0oZ/I=,Q9AKeI8UmTgGk2eSZRAvYz0WVQ4=
-81,179,lwZk8LeXs41QY89A75WMOQ0oZ/I=,Q9AKeI8UmTgGk2eSZRAvYz0WVQ4=
-95,178,lwZk8LeXs41QY89A75WMOQ0oZ/I=,Q9AKeI8UmTgGk2eSZRAvYz0WVQ4=
-83,179,lwZk8LeXs41QY89A75WMOQ0oZ/I=,Q9AKeI8UmTgGk2eSZRAvYz0WVQ4=
-82,179,lwZk8LeXs41QY89A75WMOQ0oZ/I=,Q9AKeI8UmTgGk2eSZRAvYz0WVQ4=
-84,179,lwZk8LeXs41QY89A75WMOQ0oZ/I=,Q9AKeI8UmTgGk2eSZRAvYz0WVQ4=
-85,179,lwZk8LeXs41QY89A75WMOQ0oZ/I=,Q9AKeI8UmTgGk2eSZRAvYz0WVQ4=
-86,179,lwZk8LeXs41QY89A75WMOQ0oZ/I=,Q9AKeI8UmTgGk2eSZRAvYz0WVQ4=
-87,179,lwZk8LeXs41QY89A75WMOQ0oZ/I=,Q9AKeI8UmTgGk2eSZRAvYz0WVQ4=
-88,179,lwZk8LeXs41QY89A75WMOQ0oZ/I=,Q9AKeI8UmTgGk2eSZRAvYz0WVQ4=
-89,179,lwZk8LeXs41QY89A75WMOQ0oZ/I=,Q9AKeI8UmTgGk2eSZRAvYz0WVQ4=
-96,176,lwZk8LeXs41QY89A75WMOQ0oZ/I=,Q9AKeI8UmTgGk2eSZRAvYz0WVQ4=
-90,179,lwZk8LeXs41QY89A75WMOQ0oZ/I=,Q9AKeI8UmTgGk2eSZRAvYz0WVQ4=
-92,179,lwZk8LeXs41QY89A75WMOQ0oZ/I=,Q9AKeI8UmTgGk2eSZRAvYz0WVQ4=
-91,179,lwZk8LeXs41QY89A75WMOQ0oZ/I=,Q9AKeI8UmTgGk2eSZRAvYz0WVQ4=
-92,176,lwZk8LeXs41QY89A75WMOQ0oZ/I=,Q9AKeI8UmTgGk2eSZRAvYz0WVQ4=
-93,179,lwZk8LeXs41QY89A75WMOQ0oZ/I=,Q9AKeI8UmTgGk2eSZRAvYz0WVQ4=
-96,177,lwZk8LeXs41QY89A75WMOQ0oZ/I=,Q9AKeI8UmTgGk2eSZRAvYz0WVQ4=
-96,178,lwZk8LeXs41QY89A75WMOQ0oZ/I=,Q9AKeI8UmTgGk2eSZRAvYz0WVQ4=
-91,176,lwZk8LeXs41QY89A75WMOQ0oZ/I=,Q9AKeI8UmTgGk2eSZRAvYz0WVQ4=
-93,176,lwZk8LeXs41QY89A75WMOQ0oZ/I=,Q9AKeI8UmTgGk2eSZRAvYz0WVQ4=
-90,176,lwZk8LeXs41QY89A75WMOQ0oZ/I=,Q9AKeI8UmTgGk2eSZRAvYz0WVQ4=
-88,176,lwZk8LeXs41QY89A75WMOQ0oZ/I=,Q9AKeI8UmTgGk2eSZRAvYz0WVQ4=
-93,177,lwZk8LeXs41QY89A75WMOQ0oZ/I=,Q9AKeI8UmTgGk2eSZRAvYz0WVQ4=
-89,176,lwZk8LeXs41QY89A75WMOQ0oZ/I=,Q9AKeI8UmTgGk2eSZRAvYz0WVQ4=
