126,-46,CUUwY3jDewnrsadzIhl/aVuGLEc=,KdiOfoRmvrlnynZBkZNA/yR2Zq0=
125,-46,CUUwY3jDewnrsadzIhl/aVuGLEc=,KdiOfoRmvrlnynZBkZNA/yR2Zq0=
121,-33,CUUwY3jDewnrsadzIhl/aVuGLEc=,KdiOfoRmvrlnynZBkZNA/yR2Zq0=
122,-33,CUUwY3jDewnrsadzIhl/aVuGLEc=,KdiOfoRmvrlnynZBkZNA/yR2Zq0=
117,-33,CUUwY3jDewnrsadzIhl/aVuGLEc=,KdiOfoRmvrlnynZBkZNA/yR2Zq0=
116,-33,CUUwY3jDewnrsadzIhl/aVuGLEc=,KdiOfoRmvrlnynZBkZNA/yR2Zq0=
115,-33,CUUwY3jDewnrsadzIhl/aVuGLEc=,KdiOfoRmvrlnynZBkZNA/yR2Zq0=
114,-33,CUUwY3jDewnrsadzIhl/aVuGLEc=,KdiOfoRmvrlnynZBkZNA/yR2Zq0=
113,-47,CUUwY3jDewnrsadzIhl/aVuGLEc=,KdiOfoRmvrlnynZBkZNA/yR2Zq0=
113,-33,CUUwY3jDewnrsadzIhl/aVuGLEc=,KdiOfoRmvrlnynZBkZNA/yR2Zq0=
127,-47,CUUwY3jDewnrsadzIhl/aVuGLEc=,KdiOfoRmvrlnynZBkZNA/yR2Zq0=
126,-47,CUUwY3jDewnrsadzIhl/aVuGLEc=,KdiOfoRmvrlnynZBkZNA/yR2Zq0=
125,-47,CUUwY3jDewnrsadzIhl/aVuGLEc=,KdiOfoRmvrlnynZBkZNA/yR2Zq0=
124,-47,CUUwY3jDewnrsadzIhl/aVuGLEc=,KdiOfoRmvrlnynZBkZNA/yR2Zq0=
112,-33,CUUwY3jDewnrsadzIhl/aVuGLEc=,KdiOfoRmvrlnynZBkZNA/yR2Zq0=
118,-33,CUUwY3jDewnrsadzIhl/aVuGLEc=,KdiOfoRmvrlnynZBkZNA/yR2Zq0=
115,-48,CUUwY3jDewnrsadzIhl/aVuGLEc=,KdiOfoRmvrlnynZBkZNA/yR2Zq0=
120,-33,CUUwY3jDewnrsadzIhl/aVuGLEc=,KdiOfoRmvrlnynZBkZNA/yR2Zq0=
120,-47,CUUwY3jDewnrsadzIhl/aVuGLEc=,KdiOfoRmvrlnynZBkZNA/yR2Zq0=
119,-47,CUUwY3jDewnrsadzIhl/aVuGLEc=,KdiOfoRmvrlnynZBkZNA/yR2Zq0=
123,-33,CUUwY3jDewnrsadzIhl/aVuGLEc=,KdiOfoRmvrlnynZBkZNA/yR2Zq0=
119,-33,CUUwY3jDewnrsadzIhl/aVuGLEc=,KdiOfoRmvrlnynZBkZNA/yR2Zq0=
126,-33,CUUwY3jDewnrsadzIhl/aVuGLEc=,KdiOfoRmvrlnynZBkZNA/yR2Zq0=
124,-33,CUUwY3jDewnrsadzIhl/aVuGLEc=,KdiOfoRmvrlnynZBkZNA/yR2Zq0=
127,-33,CUUwY3jDewnrsadzIhl/aVuGLEc=,KdiOfoRmvrlnynZBkZNA/yR2Zq0=
114,-48,CUUwY3jDewnrsadzIhl/aVuGLEc=,KdiOfoRmvrlnynZBkZNA/yR2Zq0=
124,-46,CUUwY3jDewnrsadzIhl/aVuGLEc=,KdiOfoRmvrlnynZBkZNA/yR2Zq0=
115,-47,CUUwY3jDewnrsadzIhl/aVuGLEc=,KdiOfoRmvrlnynZBkZNA/yR2Zq0=
114,-47,CUUwY3jDewnrsadzIhl/aVuGLEc=,KdiOfoRmvrlnynZBkZNA/yR2Zq0=
125,-33,CUUwY3jDewnrsadzIhl/aVuGLEc=,KdiOfoRmvrlnynZBkZNA/yR2Zq0=
122,-47,CUUwY3jDewnrsadzIhl/aVuGLEc=,KdiOfoRmvrlnynZBkZNA/yR2Zq0=
118,-47,CUUwY3jDewnrsadzIhl/aVuGLEc=,KdiOfoRmvrlnynZBkZNA/yR2Zq0=
116,-47,CUUwY3jDewnrsadzIhl/aVuGLEc=,KdiOfoRmvrlnynZBkZNA/yR2Zq0=
122,-34,CUUwY3jDewnrsadzIhl/aVuGLEc=,KdiOfoRmvrlnynZBkZNA/yR2Zq0=
117,-34,CUUwY3jDewnrsadzIhl/aVuGLEc=,KdiOfoRmvrlnynZBkZNA/yR2Zq0=
116,-34,CUUwY3jDewnrsadzIhl/aVuGLEc=,KdiOfoRmvrlnynZBkZNA/yR2Zq0=
115,-34,CUUwY3jDewnrsadzIhl/aVuGLEc=,KdiOfoRmvrlnynZBkZNA/yR2Zq0=
114,-34,CUUwY3jDewnrsadzIhl/aVuGLEc=,KdiOfoRmvrlnynZBkZNA/yR2Zq0=
117,-47,CUUwY3jDewnrsadzIhl/aVuGLEc=,KdiOfoRmvrlnynZBkZNA/yR2Zq0=
121,-34,CUUwY3jDewnrsadzIhl/aVuGLEc=,KdiOfoRmvrlnynZBkZNA/yR2Zq0=
113,-34,CUUwY3jDewnrsadzIhl/aVuGLEc=,KdiOfoRmvrlnynZBkZNA/yR2Zq0=
112,-34,CUUwY3jDewnrsadzIhl/aVuGLEc=,KdiOfoRmvrlnynZBkZNA/yR2Zq0=
112,-47,CUUwY3jDewnrsadzIhl/aVuGLEc=,KdiOfoRmvrlnynZBkZNA/yR2Zq0=
119,-34,CUUwY3jDewnrsadzIhl/aVuGLEc=,KdiOfoRmvrlnynZBkZNA/yR2Zq0=
127,-48,CUUwY3jDewnrsadzIhl/aVuGLEc=,KdiOfoRmvrlnynZBkZNA/yR2Zq0=
124,-34,CUUwY3jDewnrsadzIhl/aVuGLEc=,KdiOfoRmvrlnynZBkZNA/yR2Zq0=
124,-35,CUUwY3jDewnrsadzIhl/aVuGLEc=,KdiOfoRmvrlnynZBkZNA/yR2Zq0=
123,-35,CUUwY3jDewnrsadzIhl/aVuGLEc=,KdiOfoRmvrlnynZBkZNA/yR2Zq0=
123,-34,CUUwY3jDewnrsadzIhl/aVuGLEc=,KdiOfoRmvrlnynZBkZNA/yR2Zq0=
123,-47,CUUwY3jDewnrsadzIhl/aVuGLEc=,KdiOfoRmvrlnynZBkZNA/yR2Zq0=
122,-35,CUUwY3jDewnrsadzIhl/aVuGLEc=,KdiOfoRmvrlnynZBkZNA/yR2Zq0=
119,-35,CUUwY3jDewnrsadzIhl/aVuGLEc=,KdiOfoRmvrlnynZBkZNA/yR2Zq0=
118,-35,CUUwY3jDewnrsadzIhl/aVuGLEc=,KdiOfoRmvrlnynZBkZNA/yR2Zq0=
117,-35,CUUwY3jDewnrsadzIhl/aVuGLEc=,KdiOfoRmvrlnynZBkZNA/yR2Zq0=
116,-35,CUUwY3jDewnrsadzIhl/aVuGLEc=,KdiOfoRmvrlnynZBkZNA/yR2Zq0=
115,-35,CUUwY3jDewnrsadzIhl/aVuGLEc=,KdiOfoRmvrlnynZBkZNA/yR2Zq0=
114,-35,CUUwY3jDewnrsadzIhl/aVuGLEc=,KdiOfoRmvrlnynZBkZNA/yR2Zq0=
120,-34,CUUwY3jDewnrsadzIhl/aVuGLEc=,KdiOfoRmvrlnynZBkZNA/yR2Zq0=
113,-48,CUUwY3jDewnrsadzIhl/aVuGLEc=,KdiOfoRmvrlnynZBkZNA/yR2Zq0=
118,-34,CUUwY3jDewnrsadzIhl/aVuGLEc=,KdiOfoRmvrlnynZBkZNA/yR2Zq0=
126,-36,CUUwY3jDewnrsadzIhl/aVuGLEc=,KdiOfoRmvrlnynZBkZNA/yR2Zq0=
125,-36,CUUwY3jDewnrsadzIhl/aVuGLEc=,KdiOfoRmvrlnynZBkZNA/yR2Zq0=
126,-48,CUUwY3jDewnrsadzIhl/aVuGLEc=,KdiOfoRmvrlnynZBkZNA/yR2Zq0=
124,-36,CUUwY3jDewnrsadzIhl/aVuGLEc=,KdiOfoRmvrlnynZBkZNA/yR2Zq0=
125,-35,CUUwY3jDewnrsadzIhl/aVuGLEc=,KdiOfoRmvrlnynZBkZNA/yR2Zq0=
123,-36,CUUwY3jDewnrsadzIhl/aVuGLEc=,KdiOfoRmvrlnynZBkZNA/yR2Zq0=
112,-35,CUUwY3jDewnrsadzIhl/aVuGLEc=,KdiOfoRmvrlnynZBkZNA/yR2Zq0=
120,-35,CUUwY3jDewnrsadzIhl/aVuGLEc=,KdiOfoRmvrlnynZBkZNA/yR2Zq0=
121,-47,CUUwY3jDewnrsadzIhl/aVuGLEc=,KdiOfoRmvrlnynZBkZNA/yR2Zq0=
119,-36,CUUwY3jDewnrsadzIhl/aVuGLEc=,KdiOfoRmvrlnynZBkZNA/yR2Zq0=
118,-36,CUUwY3jDewnrsadzIhl/aVuGLEc=,KdiOfoRmvrlnynZBkZNA/yR2Zq0=
117,-36,CUUwY3jDewnrsadzIhl/aVuGLEc=,KdiOfoRmvrlnynZBkZNA/yR2Zq0=
116,-36,CUUwY3jDewnrsadzIhl/aVuGLEc=,KdiOfoRmvrlnynZBkZNA/yR2Zq0=
115,-36,CUUwY3jDewnrsadzIhl/aVuGLEc=,KdiOfoRmvrlnynZBkZNA/yR2Zq0=
121,-36,CUUwY3jDewnrsadzIhl/aVuGLEc=,KdiOfoRmvrlnynZBkZNA/yR2Zq0=
122,-36,CUUwY3jDewnrsadzIhl/aVuGLEc=,KdiOfoRmvrlnynZBkZNA/yR2Zq0=
123,-46,CUUwY3jDewnrsadzIhl/aVuGLEc=,KdiOfoRmvrlnynZBkZNA/yR2Zq0=
127,-37,CUUwY3jDewnrsadzIhl/aVuGLEc=,KdiOfoRmvrlnynZBkZNA/yR2Zq0=
126,-37,CUUwY3jDewnrsadzIhl/aVuGLEc=,KdiOfoRmvrlnynZBkZNA/yR2Zq0=
125,-37,CUUwY3jDewnrsadzIhl/aVuGLEc=,KdiOfoRmvrlnynZBkZNA/yR2Zq0=
124,-37,CUUwY3jDewnrsadzIhl/aVuGLEc=,KdiOfoRmvrlnynZBkZNA/yR2Zq0=
125,-48,CUUwY3jDewnrsadzIhl/aVuGLEc=,KdiOfoRmvrlnynZBkZNA/yR2Zq0=
123,-37,CUUwY3jDewnrsadzIhl/aVuGLEc=,KdiOfoRmvrlnynZBkZNA/yR2Zq0=
114,-36,CUUwY3jDewnrsadzIhl/aVuGLEc=,KdiOfoRmvrlnynZBkZNA/yR2Zq0=
113,-36,CUUwY3jDewnrsadzIhl/aVuGLEc=,KdiOfoRmvrlnynZBkZNA/yR2Zq0=
122,-37,CUUwY3jDewnrsadzIhl/aVuGLEc=,KdiOfoRmvrlnynZBkZNA/yR2Zq0=
127,-34,CUUwY3jDewnrsadzIhl/aVuGLEc=,KdiOfoRmvrlnynZBkZNA/yR2Zq0=
112,-36,CUUwY3jDewnrsadzIhl/aVuGLEc=,KdiOfoRmvrlnynZBkZNA/yR2Zq0=
118,-37,CUUwY3jDewnrsadzIhl/aVuGLEc=,KdiOfoRmvrlnynZBkZNA/yR2Zq0=
117,-37,CUUwY3jDewnrsadzIhl/aVuGLEc=,KdiOfoRmvrlnynZBkZNA/yR2Zq0=
116,-37,CUUwY3jDewnrsadzIhl/aVuGLEc=,KdiOfoRmvrlnynZBkZNA/yR2Zq0=
115,-37,CUUwY3jDewnrsadzIhl/aVuGLEc=,KdiOfoRmvrlnynZBkZNA/yR2Zq0=
114,-37,CUUwY3jDewnrsadzIhl/aVuGLEc=,KdiOfoRmvrlnynZBkZNA/yR2Zq0=
126,-34,CUUwY3jDewnrsadzIhl/aVuGLEc=,KdiOfoRmvrlnynZBkZNA/yR2Zq0=
119,-37,CUUwY3jDewnrsadzIhl/aVuGLEc=,KdiOfoRmvrlnynZBkZNA/yR2Zq0=
127,-38,CUUwY3jDewnrsadzIhl/aVuGLEc=,KdiOfoRmvrlnynZBkZNA/yR2Zq0=
126,-38,CUUwY3jDewnrsadzIhl/aVuGLEc=,KdiOfoRmvrlnynZBkZNA/yR2Zq0=
125,-38,CUUwY3jDewnrsadzIhl/aVuGLEc=,KdiOfoRmvrlnynZBkZNA/yR2Zq0=
124,-38,CUUwY3jDewnrsadzIhl/aVuGLEc=,KdiOfoRmvrlnynZBkZNA/yR2Zq0=
123,-38,CUUwY3jDewnrsadzIhl/aVuGLEc=,KdiOfoRmvrlnynZBkZNA/yR2Zq0=
113,-37,CUUwY3jDewnrsadzIhl/aVuGLEc=,KdiOfoRmvrlnynZBkZNA/yR2Zq0=
122,-46,CUUwY3jDewnrsadzIhl/aVuGLEc=,KdiOfoRmvrlnynZBkZNA/yR2Zq0=
126,-35,CUUwY3jDewnrsadzIhl/aVuGLEc=,KdiOfoRmvrlnynZBkZNA/yR2Zq0=
122,-38,CUUwY3jDewnrsadzIhl/aVuGLEc=,KdiOfoRmvrlnynZBkZNA/yR2Zq0=
124,-48,CUUwY3jDewnrsadzIhl/aVuGLEc=,KdiOfoRmvrlnynZBkZNA/yR2Zq0=
119,-38,CUUwY3jDewnrsadzIhl/aVuGLEc=,KdiOfoRmvrlnynZBkZNA/yR2Zq0=
118,-38,CUUwY3jDewnrsadzIhl/aVuGLEc=,KdiOfoRmvrlnynZBkZNA/yR2Zq0=
117,-38,CUUwY3jDewnrsadzIhl/aVuGLEc=,KdiOfoRmvrlnynZBkZNA/yR2Zq0=
127,-36,CUUwY3jDewnrsadzIhl/aVuGLEc=,KdiOfoRmvrlnynZBkZNA/yR2Zq0=
121,-37,CUUwY3jDewnrsadzIhl/aVuGLEc=,KdiOfoRmvrlnynZBkZNA/yR2Zq0=
112,-37,CUUwY3jDewnrsadzIhl/aVuGLEc=,KdiOfoRmvrlnynZBkZNA/yR2Zq0=
113,-35,CUUwY3jDewnrsadzIhl/aVuGLEc=,KdiOfoRmvrlnynZBkZNA/yR2Zq0=
115,-38,CUUwY3jDewnrsadzIhl/aVuGLEc=,KdiOfoRmvrlnynZBkZNA/yR2Zq0=
127,-39,CUUwY3jDewnrsadzIhl/aVuGLEc=,KdiOfoRmvrlnynZBkZNA/yR2Zq0=
126,-39,CUUwY3jDewnrsadzIhl/aVuGLEc=,KdiOfoRmvrlnynZBkZNA/yR2Zq0=
125,-39,CUUwY3jDewnrsadzIhl/aVuGLEc=,KdiOfoRmvrlnynZBkZNA/yR2Zq0=
124,-39,CUUwY3jDewnrsadzIhl/aVuGLEc=,KdiOfoRmvrlnynZBkZNA/yR2Zq0=
125,-34,CUUwY3jDewnrsadzIhl/aVuGLEc=,KdiOfoRmvrlnynZBkZNA/yR2Zq0=
121,-35,CUUwY3jDewnrsadzIhl/aVuGLEc=,KdiOfoRmvrlnynZBkZNA/yR2Zq0=
123,-39,CUUwY3jDewnrsadzIhl/aVuGLEc=,KdiOfoRmvrlnynZBkZNA/yR2Zq0=
127,-35,CUUwY3jDewnrsadzIhl/aVuGLEc=,KdiOfoRmvrlnynZBkZNA/yR2Zq0=
121,-46,CUUwY3jDewnrsadzIhl/aVuGLEc=,KdiOfoRmvrlnynZBkZNA/yR2Zq0=
119,-46,CUUwY3jDewnrsadzIhl/aVuGLEc=,KdiOfoRmvrlnynZBkZNA/yR2Zq0=
113,-38,CUUwY3jDewnrsadzIhl/aVuGLEc=,KdiOfoRmvrlnynZBkZNA/yR2Zq0=
117,-39,CUUwY3jDewnrsadzIhl/aVuGLEc=,KdiOfoRmvrlnynZBkZNA/yR2Zq0=
112,-38,CUUwY3jDewnrsadzIhl/aVuGLEc=,KdiOfoRmvrlnynZBkZNA/yR2Zq0=
120,-38,CUUwY3jDewnrsadzIhl/aVuGLEc=,KdiOfoRmvrlnynZBkZNA/yR2Zq0=
116,-39,CUUwY3jDewnrsadzIhl/aVuGLEc=,KdiOfoRmvrlnynZBkZNA/yR2Zq0=
114,-38,CUUwY3jDewnrsadzIhl/aVuGLEc=,KdiOfoRmvrlnynZBkZNA/yR2Zq0=
112,-39,CUUwY3jDewnrsadzIhl/aVuGLEc=,KdiOfoRmvrlnynZBkZNA/yR2Zq0=
127,-40,CUUwY3jDewnrsadzIhl/aVuGLEc=,KdiOfoRmvrlnynZBkZNA/yR2Zq0=
126,-40,CUUwY3jDewnrsadzIhl/aVuGLEc=,KdiOfoRmvrlnynZBkZNA/yR2Zq0=
125,-40,CUUwY3jDewnrsadzIhl/aVuGLEc=,KdiOfoRmvrlnynZBkZNA/yR2Zq0=
124,-40,CUUwY3jDewnrsadzIhl/aVuGLEc=,KdiOfoRmvrlnynZBkZNA/yR2Zq0=
118,-39,CUUwY3jDewnrsadzIhl/aVuGLEc=,KdiOfoRmvrlnynZBkZNA/yR2Zq0=
123,-40,CUUwY3jDewnrsadzIhl/aVuGLEc=,KdiOfoRmvrlnynZBkZNA/yR2Zq0=
120,-39,CUUwY3jDewnrsadzIhl/aVuGLEc=,KdiOfoRmvrlnynZBkZNA/yR2Zq0=
122,-40,CUUwY3jDewnrsadzIhl/aVuGLEc=,KdiOfoRmvrlnynZBkZNA/yR2Zq0=
120,-36,CUUwY3jDewnrsadzIhl/aVuGLEc=,KdiOfoRmvrlnynZBkZNA/yR2Zq0=
119,-39,CUUwY3jDewnrsadzIhl/aVuGLEc=,KdiOfoRmvrlnynZBkZNA/yR2Zq0=
122,-39,CUUwY3jDewnrsadzIhl/aVuGLEc=,KdiOfoRmvrlnynZBkZNA/yR2Zq0=
118,-40,CUUwY3jDewnrsadzIhl/aVuGLEc=,KdiOfoRmvrlnynZBkZNA/yR2Zq0=
117,-40,CUUwY3jDewnrsadzIhl/aVuGLEc=,KdiOfoRmvrlnynZBkZNA/yR2Zq0=
116,-38,CUUwY3jDewnrsadzIhl/aVuGLEc=,KdiOfoRmvrlnynZBkZNA/yR2Zq0=
116,-40,CUUwY3jDewnrsadzIhl/aVuGLEc=,KdiOfoRmvrlnynZBkZNA/yR2Zq0=
121,-40,CUUwY3jDewnrsadzIhl/aVuGLEc=,KdiOfoRmvrlnynZBkZNA/yR2Zq0=
121,-38,CUUwY3jDewnrsadzIhl/aVuGLEc=,KdiOfoRmvrlnynZBkZNA/yR2Zq0=
112,-40,CUUwY3jDewnrsadzIhl/aVuGLEc=,KdiOfoRmvrlnynZBkZNA/yR2Zq0=
127,-41,CUUwY3jDewnrsadzIhl/aVuGLEc=,KdiOfoRmvrlnynZBkZNA/yR2Zq0=
126,-41,CUUwY3jDewnrsadzIhl/aVuGLEc=,KdiOfoRmvrlnynZBkZNA/yR2Zq0=
125,-41,CUUwY3jDewnrsadzIhl/aVuGLEc=,KdiOfoRmvrlnynZBkZNA/yR2Zq0=
124,-41,CUUwY3jDewnrsadzIhl/aVuGLEc=,KdiOfoRmvrlnynZBkZNA/yR2Zq0=
121,-39,CUUwY3jDewnrsadzIhl/aVuGLEc=,KdiOfoRmvrlnynZBkZNA/yR2Zq0=
122,-41,CUUwY3jDewnrsadzIhl/aVuGLEc=,KdiOfoRmvrlnynZBkZNA/yR2Zq0=
119,-40,CUUwY3jDewnrsadzIhl/aVuGLEc=,KdiOfoRmvrlnynZBkZNA/yR2Zq0=
123,-48,CUUwY3jDewnrsadzIhl/aVuGLEc=,KdiOfoRmvrlnynZBkZNA/yR2Zq0=
115,-40,CUUwY3jDewnrsadzIhl/aVuGLEc=,KdiOfoRmvrlnynZBkZNA/yR2Zq0=
119,-41,CUUwY3jDewnrsadzIhl/aVuGLEc=,KdiOfoRmvrlnynZBkZNA/yR2Zq0=
120,-40,CUUwY3jDewnrsadzIhl/aVuGLEc=,KdiOfoRmvrlnynZBkZNA/yR2Zq0=
114,-39,CUUwY3jDewnrsadzIhl/aVuGLEc=,KdiOfoRmvrlnynZBkZNA/yR2Zq0=
117,-41,CUUwY3jDewnrsadzIhl/aVuGLEc=,KdiOfoRmvrlnynZBkZNA/yR2Zq0=
118,-41,CUUwY3jDewnrsadzIhl/aVuGLEc=,KdiOfoRmvrlnynZBkZNA/yR2Zq0=
116,-41,CUUwY3jDewnrsadzIhl/aVuGLEc=,KdiOfoRmvrlnynZBkZNA/yR2Zq0=
120,-41,CUUwY3jDewnrsadzIhl/aVuGLEc=,KdiOfoRmvrlnynZBkZNA/yR2Zq0=
118,-46,CUUwY3jDewnrsadzIhl/aVuGLEc=,KdiOfoRmvrlnynZBkZNA/yR2Zq0=
120,-46,CUUwY3jDewnrsadzIhl/aVuGLEc=,KdiOfoRmvrlnynZBkZNA/yR2Zq0=
117,-46,CUUwY3jDewnrsadzIhl/aVuGLEc=,KdiOfoRmvrlnynZBkZNA/yR2Zq0=
112,-41,CUUwY3jDewnrsadzIhl/aVuGLEc=,KdiOfoRmvrlnynZBkZNA/yR2Zq0=
127,-42,CUUwY3jDewnrsadzIhl/aVuGLEc=,KdiOfoRmvrlnynZBkZNA/yR2Zq0=
126,-42,CUUwY3jDewnrsadzIhl/aVuGLEc=,KdiOfoRmvrlnynZBkZNA/yR2Zq0=
125,-42,CUUwY3jDewnrsadzIhl/aVuGLEc=,KdiOfoRmvrlnynZBkZNA/yR2Zq0=
124,-42,CUUwY3jDewnrsadzIhl/aVuGLEc=,KdiOfoRmvrlnynZBkZNA/yR2Zq0=
123,-41,CUUwY3jDewnrsadzIhl/aVuGLEc=,KdiOfoRmvrlnynZBkZNA/yR2Zq0=
122,-48,CUUwY3jDewnrsadzIhl/aVuGLEc=,KdiOfoRmvrlnynZBkZNA/yR2Zq0=
122,-42,CUUwY3jDewnrsadzIhl/aVuGLEc=,KdiOfoRmvrlnynZBkZNA/yR2Zq0=
120,-42,CUUwY3jDewnrsadzIhl/aVuGLEc=,KdiOfoRmvrlnynZBkZNA/yR2Zq0=
113,-39,CUUwY3jDewnrsadzIhl/aVuGLEc=,KdiOfoRmvrlnynZBkZNA/yR2Zq0=
123,-42,CUUwY3jDewnrsadzIhl/aVuGLEc=,KdiOfoRmvrlnynZBkZNA/yR2Zq0=
120,-37,CUUwY3jDewnrsadzIhl/aVuGLEc=,KdiOfoRmvrlnynZBkZNA/yR2Zq0=
118,-42,CUUwY3jDewnrsadzIhl/aVuGLEc=,KdiOfoRmvrlnynZBkZNA/yR2Zq0=
117,-42,CUUwY3jDewnrsadzIhl/aVuGLEc=,KdiOfoRmvrlnynZBkZNA/yR2Zq0=
120,-48,CUUwY3jDewnrsadzIhl/aVuGLEc=,KdiOfoRmvrlnynZBkZNA/yR2Zq0=
116,-42,CUUwY3jDewnrsadzIhl/aVuGLEc=,KdiOfoRmvrlnynZBkZNA/yR2Zq0=
113,-41,CUUwY3jDewnrsadzIhl/aVuGLEc=,KdiOfoRmvrlnynZBkZNA/yR2Zq0=
113,-40,CUUwY3jDewnrsadzIhl/aVuGLEc=,KdiOfoRmvrlnynZBkZNA/yR2Zq0=
119,-42,CUUwY3jDewnrsadzIhl/aVuGLEc=,KdiOfoRmvrlnynZBkZNA/yR2Zq0=
127,-43,CUUwY3jDewnrsadzIhl/aVuGLEc=,KdiOfoRmvrlnynZBkZNA/yR2Zq0=
126,-43,CUUwY3jDewnrsadzIhl/aVuGLEc=,KdiOfoRmvrlnynZBkZNA/yR2Zq0=
125,-43,CUUwY3jDewnrsadzIhl/aVuGLEc=,KdiOfoRmvrlnynZBkZNA/yR2Zq0=
115,-39,CUUwY3jDewnrsadzIhl/aVuGLEc=,KdiOfoRmvrlnynZBkZNA/yR2Zq0=
124,-43,CUUwY3jDewnrsadzIhl/aVuGLEc=,KdiOfoRmvrlnynZBkZNA/yR2Zq0=
121,-48,CUUwY3jDewnrsadzIhl/aVuGLEc=,KdiOfoRmvrlnynZBkZNA/yR2Zq0=
113,-42,CUUwY3jDewnrsadzIhl/aVuGLEc=,KdiOfoRmvrlnynZBkZNA/yR2Zq0=
112,-42,CUUwY3jDewnrsadzIhl/aVuGLEc=,KdiOfoRmvrlnynZBkZNA/yR2Zq0=
119,-43,CUUwY3jDewnrsadzIhl/aVuGLEc=,KdiOfoRmvrlnynZBkZNA/yR2Zq0=
118,-43,CUUwY3jDewnrsadzIhl/aVuGLEc=,KdiOfoRmvrlnynZBkZNA/yR2Zq0=
119,-48,CUUwY3jDewnrsadzIhl/aVuGLEc=,KdiOfoRmvrlnynZBkZNA/yR2Zq0=
117,-43,CUUwY3jDewnrsadzIhl/aVuGLEc=,KdiOfoRmvrlnynZBkZNA/yR2Zq0=
121,-41,CUUwY3jDewnrsadzIhl/aVuGLEc=,KdiOfoRmvrlnynZBkZNA/yR2Zq0=
121,-42,CUUwY3jDewnrsadzIhl/aVuGLEc=,KdiOfoRmvrlnynZBkZNA/yR2Zq0=
122,-43,CUUwY3jDewnrsadzIhl/aVuGLEc=,KdiOfoRmvrlnynZBkZNA/yR2Zq0=
114,-42,CUUwY3jDewnrsadzIhl/aVuGLEc=,KdiOfoRmvrlnynZBkZNA/yR2Zq0=
120,-43,CUUwY3jDewnrsadzIhl/aVuGLEc=,KdiOfoRmvrlnynZBkZNA/yR2Zq0=
116,-46,CUUwY3jDewnrsadzIhl/aVuGLEc=,KdiOfoRmvrlnynZBkZNA/yR2Zq0=
127,-44,CUUwY3jDewnrsadzIhl/aVuGLEc=,KdiOfoRmvrlnynZBkZNA/yR2Zq0=
118,-48,CUUwY3jDewnrsadzIhl/aVuGLEc=,KdiOfoRmvrlnynZBkZNA/yR2Zq0=
126,-44,CUUwY3jDewnrsadzIhl/aVuGLEc=,KdiOfoRmvrlnynZBkZNA/yR2Zq0=
125,-44,CUUwY3jDewnrsadzIhl/aVuGLEc=,KdiOfoRmvrlnynZBkZNA/yR2Zq0=
121,-43,CUUwY3jDewnrsadzIhl/aVuGLEc=,KdiOfoRmvrlnynZBkZNA/yR2Zq0=
123,-43,CUUwY3jDewnrsadzIhl/aVuGLEc=,KdiOfoRmvrlnynZBkZNA/yR2Zq0=
115,-41,CUUwY3jDewnrsadzIhl/aVuGLEc=,KdiOfoRmvrlnynZBkZNA/yR2Zq0=
116,-43,CUUwY3jDewnrsadzIhl/aVuGLEc=,KdiOfoRmvrlnynZBkZNA/yR2Zq0=
119,-44,CUUwY3jDewnrsadzIhl/aVuGLEc=,KdiOfoRmvrlnynZBkZNA/yR2Zq0=
118,-44,CUUwY3jDewnrsadzIhl/aVuGLEc=,KdiOfoRmvrlnynZBkZNA/yR2Zq0=
117,-44,CUUwY3jDewnrsadzIhl/aVuGLEc=,KdiOfoRmvrlnynZBkZNA/yR2Zq0=
113,-43,CUUwY3jDewnrsadzIhl/aVuGLEc=,KdiOfoRmvrlnynZBkZNA/yR2Zq0=
123,-44,CUUwY3jDewnrsadzIhl/aVuGLEc=,KdiOfoRmvrlnynZBkZNA/yR2Zq0=
114,-46,CUUwY3jDewnrsadzIhl/aVuGLEc=,KdiOfoRmvrlnynZBkZNA/yR2Zq0=
122,-44,CUUwY3jDewnrsadzIhl/aVuGLEc=,KdiOfoRmvrlnynZBkZNA/yR2Zq0=
116,-44,CUUwY3jDewnrsadzIhl/aVuGLEc=,KdiOfoRmvrlnynZBkZNA/yR2Zq0=
114,-43,CUUwY3jDewnrsadzIhl/aVuGLEc=,KdiOfoRmvrlnynZBkZNA/yR2Zq0=
112,-44,CUUwY3jDewnrsadzIhl/aVuGLEc=,KdiOfoRmvrlnynZBkZNA/yR2Zq0=
127,-45,CUUwY3jDewnrsadzIhl/aVuGLEc=,KdiOfoRmvrlnynZBkZNA/yR2Zq0=
113,-46,CUUwY3jDewnrsadzIhl/aVuGLEc=,KdiOfoRmvrlnynZBkZNA/yR2Zq0=
126,-45,CUUwY3jDewnrsadzIhl/aVuGLEc=,KdiOfoRmvrlnynZBkZNA/yR2Zq0=
125,-45,CUUwY3jDewnrsadzIhl/aVuGLEc=,KdiOfoRmvrlnynZBkZNA/yR2Zq0=
124,-45,CUUwY3jDewnrsadzIhl/aVuGLEc=,KdiOfoRmvrlnynZBkZNA/yR2Zq0=
115,-46,CUUwY3jDewnrsadzIhl/aVuGLEc=,KdiOfoRmvrlnynZBkZNA/yR2Zq0=
117,-48,CUUwY3jDewnrsadzIhl/aVuGLEc=,KdiOfoRmvrlnynZBkZNA/yR2Zq0=
123,-45,CUUwY3jDewnrsadzIhl/aVuGLEc=,KdiOfoRmvrlnynZBkZNA/yR2Zq0=
120,-45,CUUwY3jDewnrsadzIhl/aVuGLEc=,KdiOfoRmvrlnynZBkZNA/yR2Zq0=
119,-45,CUUwY3jDewnrsadzIhl/aVuGLEc=,KdiOfoRmvrlnynZBkZNA/yR2Zq0=
112,-48,CUUwY3jDewnrsadzIhl/aVuGLEc=,KdiOfoRmvrlnynZBkZNA/yR2Zq0=
120,-44,CUUwY3jDewnrsadzIhl/aVuGLEc=,KdiOfoRmvrlnynZBkZNA/yR2Zq0=
114,-40,CUUwY3jDewnrsadzIhl/aVuGLEc=,KdiOfoRmvrlnynZBkZNA/yR2Zq0=
117,-45,CUUwY3jDewnrsadzIhl/aVuGLEc=,KdiOfoRmvrlnynZBkZNA/yR2Zq0=
114,-41,CUUwY3jDewnrsadzIhl/aVuGLEc=,KdiOfoRmvrlnynZBkZNA/yR2Zq0=
115,-43,CUUwY3jDewnrsadzIhl/aVuGLEc=,KdiOfoRmvrlnynZBkZNA/yR2Zq0=
112,-46,CUUwY3jDewnrsadzIhl/aVuGLEc=,KdiOfoRmvrlnynZBkZNA/yR2Zq0=
118,-45,CUUwY3jDewnrsadzIhl/aVuGLEc=,KdiOfoRmvrlnynZBkZNA/yR2Zq0=
115,-42,CUUwY3jDewnrsadzIhl/aVuGLEc=,KdiOfoRmvrlnynZBkZNA/yR2Zq0=
112,-45,CUUwY3jDewnrsadzIhl/aVuGLEc=,KdiOfoRmvrlnynZBkZNA/yR2Zq0=
127,-46,CUUwY3jDewnrsadzIhl/aVuGLEc=,KdiOfoRmvrlnynZBkZNA/yR2Zq0=
112,-43,CUUwY3jDewnrsadzIhl/aVuGLEc=,KdiOfoRmvrlnynZBkZNA/yR2Zq0=
124,-44,CUUwY3jDewnrsadzIhl/aVuGLEc=,KdiOfoRmvrlnynZBkZNA/yR2Zq0=
114,-44,CUUwY3jDewnrsadzIhl/aVuGLEc=,KdiOfoRmvrlnynZBkZNA/yR2Zq0=
113,-44,CUUwY3jDewnrsadzIhl/aVuGLEc=,KdiOfoRmvrlnynZBkZNA/yR2Zq0=
115,-44,CUUwY3jDewnrsadzIhl/aVuGLEc=,KdiOfoRmvrlnynZBkZNA/yR2Zq0=
122,-45,CUUwY3jDewnrsadzIhl/aVuGLEc=,KdiOfoRmvrlnynZBkZNA/yR2Zq0=
116,-45,CUUwY3jDewnrsadzIhl/aVuGLEc=,KdiOfoRmvrlnynZBkZNA/yR2Zq0=
121,-44,CUUwY3jDewnrsadzIhl/aVuGLEc=,KdiOfoRmvrlnynZBkZNA/yR2Zq0=
121,-45,CUUwY3jDewnrsadzIhl/aVuGLEc=,KdiOfoRmvrlnynZBkZNA/yR2Zq0=
113,-45,CUUwY3jDewnrsadzIhl/aVuGLEc=,KdiOfoRmvrlnynZBkZNA/yR2Zq0=
114,-45,CUUwY3jDewnrsadzIhl/aVuGLEc=,KdiOfoRmvrlnynZBkZNA/yR2Zq0=
115,-45,CUUwY3jDewnrsadzIhl/aVuGLEc=,KdiOfoRmvrlnynZBkZNA/yR2Zq0=
116,-48,CUUwY3jDewnrsadzIhl/aVuGLEc=,KdiOfoRmvrlnynZBkZNA/yR2Zq0=
127,-63,CUUwY3jDewnrsadzIhl/aVuGLEc=,q4vGHzcDITg0Cgei3+ytYqLK5Dc=
125,-62,CUUwY3jDewnrsadzIhl/aVuGLEc=,q4vGHzcDITg0Cgei3+ytYqLK5Dc=
124,-62,CUUwY3jDewnrsadzIhl/aVuGLEc=,q4vGHzcDITg0Cgei3+ytYqLK5Dc=
124,-61,CUUwY3jDewnrsadzIhl/aVuGLEc=,q4vGHzcDITg0Cgei3+ytYqLK5Dc=
126,-62,CUUwY3jDewnrsadzIhl/aVuGLEc=,q4vGHzcDITg0Cgei3+ytYqLK5Dc=
127,-49,CUUwY3jDewnrsadzIhl/aVuGLEc=,q4vGHzcDITg0Cgei3+ytYqLK5Dc=
123,-62,CUUwY3jDewnrsadzIhl/aVuGLEc=,q4vGHzcDITg0Cgei3+ytYqLK5Dc=
115,-64,CUUwY3jDewnrsadzIhl/aVuGLEc=,q4vGHzcDITg0Cgei3+ytYqLK5Dc=
115,-62,CUUwY3jDewnrsadzIhl/aVuGLEc=,q4vGHzcDITg0Cgei3+ytYqLK5Dc=
114,-62,CUUwY3jDewnrsadzIhl/aVuGLEc=,q4vGHzcDITg0Cgei3+ytYqLK5Dc=
113,-62,CUUwY3jDewnrsadzIhl/aVuGLEc=,q4vGHzcDITg0Cgei3+ytYqLK5Dc=
126,-49,CUUwY3jDewnrsadzIhl/aVuGLEc=,q4vGHzcDITg0Cgei3+ytYqLK5Dc=
112,-62,CUUwY3jDewnrsadzIhl/aVuGLEc=,q4vGHzcDITg0Cgei3+ytYqLK5Dc=
125,-49,CUUwY3jDewnrsadzIhl/aVuGLEc=,q4vGHzcDITg0Cgei3+ytYqLK5Dc=
120,-62,CUUwY3jDewnrsadzIhl/aVuGLEc=,q4vGHzcDITg0Cgei3+ytYqLK5Dc=
114,-64,CUUwY3jDewnrsadzIhl/aVuGLEc=,q4vGHzcDITg0Cgei3+ytYqLK5Dc=
117,-62,CUUwY3jDewnrsadzIhl/aVuGLEc=,q4vGHzcDITg0Cgei3+ytYqLK5Dc=
123,-61,CUUwY3jDewnrsadzIhl/aVuGLEc=,q4vGHzcDITg0Cgei3+ytYqLK5Dc=
120,-49,CUUwY3jDewnrsadzIhl/aVuGLEc=,q4vGHzcDITg0Cgei3+ytYqLK5Dc=
119,-49,CUUwY3jDewnrsadzIhl/aVuGLEc=,q4vGHzcDITg0Cgei3+ytYqLK5Dc=
116,-64,CUUwY3jDewnrsadzIhl/aVuGLEc=,q4vGHzcDITg0Cgei3+ytYqLK5Dc=
126,-61,CUUwY3jDewnrsadzIhl/aVuGLEc=,q4vGHzcDITg0Cgei3+ytYqLK5Dc=
121,-62,CUUwY3jDewnrsadzIhl/aVuGLEc=,q4vGHzcDITg0Cgei3+ytYqLK5Dc=
122,-62,CUUwY3jDewnrsadzIhl/aVuGLEc=,q4vGHzcDITg0Cgei3+ytYqLK5Dc=
125,-61,CUUwY3jDewnrsadzIhl/aVuGLEc=,q4vGHzcDITg0Cgei3+ytYqLK5Dc=
118,-62,CUUwY3jDewnrsadzIhl/aVuGLEc=,q4vGHzcDITg0Cgei3+ytYqLK5Dc=
124,-49,CUUwY3jDewnrsadzIhl/aVuGLEc=,q4vGHzcDITg0Cgei3+ytYqLK5Dc=
114,-49,CUUwY3jDewnrsadzIhl/aVuGLEc=,q4vGHzcDITg0Cgei3+ytYqLK5Dc=
112,-49,CUUwY3jDewnrsadzIhl/aVuGLEc=,q4vGHzcDITg0Cgei3+ytYqLK5Dc=
126,-63,CUUwY3jDewnrsadzIhl/aVuGLEc=,q4vGHzcDITg0Cgei3+ytYqLK5Dc=
113,-49,CUUwY3jDewnrsadzIhl/aVuGLEc=,q4vGHzcDITg0Cgei3+ytYqLK5Dc=
127,-50,CUUwY3jDewnrsadzIhl/aVuGLEc=,q4vGHzcDITg0Cgei3+ytYqLK5Dc=
126,-50,CUUwY3jDewnrsadzIhl/aVuGLEc=,q4vGHzcDITg0Cgei3+ytYqLK5Dc=
125,-50,CUUwY3jDewnrsadzIhl/aVuGLEc=,q4vGHzcDITg0Cgei3+ytYqLK5Dc=
118,-49,CUUwY3jDewnrsadzIhl/aVuGLEc=,q4vGHzcDITg0Cgei3+ytYqLK5Dc=
116,-62,CUUwY3jDewnrsadzIhl/aVuGLEc=,q4vGHzcDITg0Cgei3+ytYqLK5Dc=
121,-50,CUUwY3jDewnrsadzIhl/aVuGLEc=,q4vGHzcDITg0Cgei3+ytYqLK5Dc=
120,-50,CUUwY3jDewnrsadzIhl/aVuGLEc=,q4vGHzcDITg0Cgei3+ytYqLK5Dc=
124,-50,CUUwY3jDewnrsadzIhl/aVuGLEc=,q4vGHzcDITg0Cgei3+ytYqLK5Dc=
115,-49,CUUwY3jDewnrsadzIhl/aVuGLEc=,q4vGHzcDITg0Cgei3+ytYqLK5Dc=
122,-61,CUUwY3jDewnrsadzIhl/aVuGLEc=,q4vGHzcDITg0Cgei3+ytYqLK5Dc=
119,-50,CUUwY3jDewnrsadzIhl/aVuGLEc=,q4vGHzcDITg0Cgei3+ytYqLK5Dc=
121,-49,CUUwY3jDewnrsadzIhl/aVuGLEc=,q4vGHzcDITg0Cgei3+ytYqLK5Dc=
119,-62,CUUwY3jDewnrsadzIhl/aVuGLEc=,q4vGHzcDITg0Cgei3+ytYqLK5Dc=
113,-63,CUUwY3jDewnrsadzIhl/aVuGLEc=,q4vGHzcDITg0Cgei3+ytYqLK5Dc=
123,-50,CUUwY3jDewnrsadzIhl/aVuGLEc=,q4vGHzcDITg0Cgei3+ytYqLK5Dc=
113,-50,CUUwY3jDewnrsadzIhl/aVuGLEc=,q4vGHzcDITg0Cgei3+ytYqLK5Dc=
112,-63,CUUwY3jDewnrsadzIhl/aVuGLEc=,q4vGHzcDITg0Cgei3+ytYqLK5Dc=
112,-50,CUUwY3jDewnrsadzIhl/aVuGLEc=,q4vGHzcDITg0Cgei3+ytYqLK5Dc=
113,-64,CUUwY3jDewnrsadzIhl/aVuGLEc=,q4vGHzcDITg0Cgei3+ytYqLK5Dc=
127,-51,CUUwY3jDewnrsadzIhl/aVuGLEc=,q4vGHzcDITg0Cgei3+ytYqLK5Dc=
117,-64,CUUwY3jDewnrsadzIhl/aVuGLEc=,q4vGHzcDITg0Cgei3+ytYqLK5Dc=
127,-61,CUUwY3jDewnrsadzIhl/aVuGLEc=,q4vGHzcDITg0Cgei3+ytYqLK5Dc=
114,-63,CUUwY3jDewnrsadzIhl/aVuGLEc=,q4vGHzcDITg0Cgei3+ytYqLK5Dc=
116,-49,CUUwY3jDewnrsadzIhl/aVuGLEc=,q4vGHzcDITg0Cgei3+ytYqLK5Dc=
117,-49,CUUwY3jDewnrsadzIhl/aVuGLEc=,q4vGHzcDITg0Cgei3+ytYqLK5Dc=
123,-49,CUUwY3jDewnrsadzIhl/aVuGLEc=,q4vGHzcDITg0Cgei3+ytYqLK5Dc=
114,-50,CUUwY3jDewnrsadzIhl/aVuGLEc=,q4vGHzcDITg0Cgei3+ytYqLK5Dc=
121,-51,CUUwY3jDewnrsadzIhl/aVuGLEc=,q4vGHzcDITg0Cgei3+ytYqLK5Dc=
119,-51,CUUwY3jDewnrsadzIhl/aVuGLEc=,q4vGHzcDITg0Cgei3+ytYqLK5Dc=
123,-51,CUUwY3jDewnrsadzIhl/aVuGLEc=,q4vGHzcDITg0Cgei3+ytYqLK5Dc=
122,-50,CUUwY3jDewnrsadzIhl/aVuGLEc=,q4vGHzcDITg0Cgei3+ytYqLK5Dc=
115,-50,CUUwY3jDewnrsadzIhl/aVuGLEc=,q4vGHzcDITg0Cgei3+ytYqLK5Dc=
120,-51,CUUwY3jDewnrsadzIhl/aVuGLEc=,q4vGHzcDITg0Cgei3+ytYqLK5Dc=
125,-63,CUUwY3jDewnrsadzIhl/aVuGLEc=,q4vGHzcDITg0Cgei3+ytYqLK5Dc=
127,-64,CUUwY3jDewnrsadzIhl/aVuGLEc=,q4vGHzcDITg0Cgei3+ytYqLK5Dc=
122,-51,CUUwY3jDewnrsadzIhl/aVuGLEc=,q4vGHzcDITg0Cgei3+ytYqLK5Dc=
118,-50,CUUwY3jDewnrsadzIhl/aVuGLEc=,q4vGHzcDITg0Cgei3+ytYqLK5Dc=
113,-51,CUUwY3jDewnrsadzIhl/aVuGLEc=,q4vGHzcDITg0Cgei3+ytYqLK5Dc=
124,-63,CUUwY3jDewnrsadzIhl/aVuGLEc=,q4vGHzcDITg0Cgei3+ytYqLK5Dc=
112,-51,CUUwY3jDewnrsadzIhl/aVuGLEc=,q4vGHzcDITg0Cgei3+ytYqLK5Dc=
127,-52,CUUwY3jDewnrsadzIhl/aVuGLEc=,q4vGHzcDITg0Cgei3+ytYqLK5Dc=
122,-49,CUUwY3jDewnrsadzIhl/aVuGLEc=,q4vGHzcDITg0Cgei3+ytYqLK5Dc=
124,-51,CUUwY3jDewnrsadzIhl/aVuGLEc=,q4vGHzcDITg0Cgei3+ytYqLK5Dc=
124,-52,CUUwY3jDewnrsadzIhl/aVuGLEc=,q4vGHzcDITg0Cgei3+ytYqLK5Dc=
123,-52,CUUwY3jDewnrsadzIhl/aVuGLEc=,q4vGHzcDITg0Cgei3+ytYqLK5Dc=
116,-50,CUUwY3jDewnrsadzIhl/aVuGLEc=,q4vGHzcDITg0Cgei3+ytYqLK5Dc=
126,-52,CUUwY3jDewnrsadzIhl/aVuGLEc=,q4vGHzcDITg0Cgei3+ytYqLK5Dc=
118,-51,CUUwY3jDewnrsadzIhl/aVuGLEc=,q4vGHzcDITg0Cgei3+ytYqLK5Dc=
119,-52,CUUwY3jDewnrsadzIhl/aVuGLEc=,q4vGHzcDITg0Cgei3+ytYqLK5Dc=
120,-52,CUUwY3jDewnrsadzIhl/aVuGLEc=,q4vGHzcDITg0Cgei3+ytYqLK5Dc=
121,-52,CUUwY3jDewnrsadzIhl/aVuGLEc=,q4vGHzcDITg0Cgei3+ytYqLK5Dc=
118,-52,CUUwY3jDewnrsadzIhl/aVuGLEc=,q4vGHzcDITg0Cgei3+ytYqLK5Dc=
126,-64,CUUwY3jDewnrsadzIhl/aVuGLEc=,q4vGHzcDITg0Cgei3+ytYqLK5Dc=
122,-52,CUUwY3jDewnrsadzIhl/aVuGLEc=,q4vGHzcDITg0Cgei3+ytYqLK5Dc=
125,-52,CUUwY3jDewnrsadzIhl/aVuGLEc=,q4vGHzcDITg0Cgei3+ytYqLK5Dc=
114,-51,CUUwY3jDewnrsadzIhl/aVuGLEc=,q4vGHzcDITg0Cgei3+ytYqLK5Dc=
117,-50,CUUwY3jDewnrsadzIhl/aVuGLEc=,q4vGHzcDITg0Cgei3+ytYqLK5Dc=
123,-63,CUUwY3jDewnrsadzIhl/aVuGLEc=,q4vGHzcDITg0Cgei3+ytYqLK5Dc=
112,-52,CUUwY3jDewnrsadzIhl/aVuGLEc=,q4vGHzcDITg0Cgei3+ytYqLK5Dc=
112,-60,CUUwY3jDewnrsadzIhl/aVuGLEc=,q4vGHzcDITg0Cgei3+ytYqLK5Dc=
127,-53,CUUwY3jDewnrsadzIhl/aVuGLEc=,q4vGHzcDITg0Cgei3+ytYqLK5Dc=
113,-60,CUUwY3jDewnrsadzIhl/aVuGLEc=,q4vGHzcDITg0Cgei3+ytYqLK5Dc=
115,-51,CUUwY3jDewnrsadzIhl/aVuGLEc=,q4vGHzcDITg0Cgei3+ytYqLK5Dc=
125,-53,CUUwY3jDewnrsadzIhl/aVuGLEc=,q4vGHzcDITg0Cgei3+ytYqLK5Dc=
117,-51,CUUwY3jDewnrsadzIhl/aVuGLEc=,q4vGHzcDITg0Cgei3+ytYqLK5Dc=
126,-51,CUUwY3jDewnrsadzIhl/aVuGLEc=,q4vGHzcDITg0Cgei3+ytYqLK5Dc=
121,-53,CUUwY3jDewnrsadzIhl/aVuGLEc=,q4vGHzcDITg0Cgei3+ytYqLK5Dc=
120,-53,CUUwY3jDewnrsadzIhl/aVuGLEc=,q4vGHzcDITg0Cgei3+ytYqLK5Dc=
119,-53,CUUwY3jDewnrsadzIhl/aVuGLEc=,q4vGHzcDITg0Cgei3+ytYqLK5Dc=
118,-53,CUUwY3jDewnrsadzIhl/aVuGLEc=,q4vGHzcDITg0Cgei3+ytYqLK5Dc=
120,-61,CUUwY3jDewnrsadzIhl/aVuGLEc=,q4vGHzcDITg0Cgei3+ytYqLK5Dc=
125,-64,CUUwY3jDewnrsadzIhl/aVuGLEc=,q4vGHzcDITg0Cgei3+ytYqLK5Dc=
121,-61,CUUwY3jDewnrsadzIhl/aVuGLEc=,q4vGHzcDITg0Cgei3+ytYqLK5Dc=
126,-53,CUUwY3jDewnrsadzIhl/aVuGLEc=,q4vGHzcDITg0Cgei3+ytYqLK5Dc=
113,-52,CUUwY3jDewnrsadzIhl/aVuGLEc=,q4vGHzcDITg0Cgei3+ytYqLK5Dc=
116,-51,CUUwY3jDewnrsadzIhl/aVuGLEc=,q4vGHzcDITg0Cgei3+ytYqLK5Dc=
116,-52,CUUwY3jDewnrsadzIhl/aVuGLEc=,q4vGHzcDITg0Cgei3+ytYqLK5Dc=
112,-53,CUUwY3jDewnrsadzIhl/aVuGLEc=,q4vGHzcDITg0Cgei3+ytYqLK5Dc=
122,-53,CUUwY3jDewnrsadzIhl/aVuGLEc=,q4vGHzcDITg0Cgei3+ytYqLK5Dc=
127,-54,CUUwY3jDewnrsadzIhl/aVuGLEc=,q4vGHzcDITg0Cgei3+ytYqLK5Dc=
114,-60,CUUwY3jDewnrsadzIhl/aVuGLEc=,q4vGHzcDITg0Cgei3+ytYqLK5Dc=
112,-64,CUUwY3jDewnrsadzIhl/aVuGLEc=,q4vGHzcDITg0Cgei3+ytYqLK5Dc=
117,-53,CUUwY3jDewnrsadzIhl/aVuGLEc=,q4vGHzcDITg0Cgei3+ytYqLK5Dc=
116,-53,CUUwY3jDewnrsadzIhl/aVuGLEc=,q4vGHzcDITg0Cgei3+ytYqLK5Dc=
125,-51,CUUwY3jDewnrsadzIhl/aVuGLEc=,q4vGHzcDITg0Cgei3+ytYqLK5Dc=
126,-54,CUUwY3jDewnrsadzIhl/aVuGLEc=,q4vGHzcDITg0Cgei3+ytYqLK5Dc=
122,-63,CUUwY3jDewnrsadzIhl/aVuGLEc=,q4vGHzcDITg0Cgei3+ytYqLK5Dc=
121,-54,CUUwY3jDewnrsadzIhl/aVuGLEc=,q4vGHzcDITg0Cgei3+ytYqLK5Dc=
119,-61,CUUwY3jDewnrsadzIhl/aVuGLEc=,q4vGHzcDITg0Cgei3+ytYqLK5Dc=
119,-54,CUUwY3jDewnrsadzIhl/aVuGLEc=,q4vGHzcDITg0Cgei3+ytYqLK5Dc=
118,-54,CUUwY3jDewnrsadzIhl/aVuGLEc=,q4vGHzcDITg0Cgei3+ytYqLK5Dc=
124,-64,CUUwY3jDewnrsadzIhl/aVuGLEc=,q4vGHzcDITg0Cgei3+ytYqLK5Dc=
123,-53,CUUwY3jDewnrsadzIhl/aVuGLEc=,q4vGHzcDITg0Cgei3+ytYqLK5Dc=
113,-53,CUUwY3jDewnrsadzIhl/aVuGLEc=,q4vGHzcDITg0Cgei3+ytYqLK5Dc=
122,-54,CUUwY3jDewnrsadzIhl/aVuGLEc=,q4vGHzcDITg0Cgei3+ytYqLK5Dc=
120,-54,CUUwY3jDewnrsadzIhl/aVuGLEc=,q4vGHzcDITg0Cgei3+ytYqLK5Dc=
113,-54,CUUwY3jDewnrsadzIhl/aVuGLEc=,q4vGHzcDITg0Cgei3+ytYqLK5Dc=
117,-54,CUUwY3jDewnrsadzIhl/aVuGLEc=,q4vGHzcDITg0Cgei3+ytYqLK5Dc=
112,-54,CUUwY3jDewnrsadzIhl/aVuGLEc=,q4vGHzcDITg0Cgei3+ytYqLK5Dc=
127,-55,CUUwY3jDewnrsadzIhl/aVuGLEc=,q4vGHzcDITg0Cgei3+ytYqLK5Dc=
126,-55,CUUwY3jDewnrsadzIhl/aVuGLEc=,q4vGHzcDITg0Cgei3+ytYqLK5Dc=
115,-52,CUUwY3jDewnrsadzIhl/aVuGLEc=,q4vGHzcDITg0Cgei3+ytYqLK5Dc=
114,-52,CUUwY3jDewnrsadzIhl/aVuGLEc=,q4vGHzcDITg0Cgei3+ytYqLK5Dc=
123,-54,CUUwY3jDewnrsadzIhl/aVuGLEc=,q4vGHzcDITg0Cgei3+ytYqLK5Dc=
115,-60,CUUwY3jDewnrsadzIhl/aVuGLEc=,q4vGHzcDITg0Cgei3+ytYqLK5Dc=
117,-61,CUUwY3jDewnrsadzIhl/aVuGLEc=,q4vGHzcDITg0Cgei3+ytYqLK5Dc=
115,-54,CUUwY3jDewnrsadzIhl/aVuGLEc=,q4vGHzcDITg0Cgei3+ytYqLK5Dc=
114,-53,CUUwY3jDewnrsadzIhl/aVuGLEc=,q4vGHzcDITg0Cgei3+ytYqLK5Dc=
118,-61,CUUwY3jDewnrsadzIhl/aVuGLEc=,q4vGHzcDITg0Cgei3+ytYqLK5Dc=
123,-64,CUUwY3jDewnrsadzIhl/aVuGLEc=,q4vGHzcDITg0Cgei3+ytYqLK5Dc=
125,-54,CUUwY3jDewnrsadzIhl/aVuGLEc=,q4vGHzcDITg0Cgei3+ytYqLK5Dc=
117,-52,CUUwY3jDewnrsadzIhl/aVuGLEc=,q4vGHzcDITg0Cgei3+ytYqLK5Dc=
118,-55,CUUwY3jDewnrsadzIhl/aVuGLEc=,q4vGHzcDITg0Cgei3+ytYqLK5Dc=
124,-53,CUUwY3jDewnrsadzIhl/aVuGLEc=,q4vGHzcDITg0Cgei3+ytYqLK5Dc=
115,-53,CUUwY3jDewnrsadzIhl/aVuGLEc=,q4vGHzcDITg0Cgei3+ytYqLK5Dc=
122,-55,CUUwY3jDewnrsadzIhl/aVuGLEc=,q4vGHzcDITg0Cgei3+ytYqLK5Dc=
116,-54,CUUwY3jDewnrsadzIhl/aVuGLEc=,q4vGHzcDITg0Cgei3+ytYqLK5Dc=
119,-55,CUUwY3jDewnrsadzIhl/aVuGLEc=,q4vGHzcDITg0Cgei3+ytYqLK5Dc=
112,-55,CUUwY3jDewnrsadzIhl/aVuGLEc=,q4vGHzcDITg0Cgei3+ytYqLK5Dc=
127,-56,CUUwY3jDewnrsadzIhl/aVuGLEc=,q4vGHzcDITg0Cgei3+ytYqLK5Dc=
126,-56,CUUwY3jDewnrsadzIhl/aVuGLEc=,q4vGHzcDITg0Cgei3+ytYqLK5Dc=
125,-56,CUUwY3jDewnrsadzIhl/aVuGLEc=,q4vGHzcDITg0Cgei3+ytYqLK5Dc=
116,-61,CUUwY3jDewnrsadzIhl/aVuGLEc=,q4vGHzcDITg0Cgei3+ytYqLK5Dc=
116,-60,CUUwY3jDewnrsadzIhl/aVuGLEc=,q4vGHzcDITg0Cgei3+ytYqLK5Dc=
121,-55,CUUwY3jDewnrsadzIhl/aVuGLEc=,q4vGHzcDITg0Cgei3+ytYqLK5Dc=
124,-56,CUUwY3jDewnrsadzIhl/aVuGLEc=,q4vGHzcDITg0Cgei3+ytYqLK5Dc=
116,-55,CUUwY3jDewnrsadzIhl/aVuGLEc=,q4vGHzcDITg0Cgei3+ytYqLK5Dc=
122,-64,CUUwY3jDewnrsadzIhl/aVuGLEc=,q4vGHzcDITg0Cgei3+ytYqLK5Dc=
124,-54,CUUwY3jDewnrsadzIhl/aVuGLEc=,q4vGHzcDITg0Cgei3+ytYqLK5Dc=
123,-56,CUUwY3jDewnrsadzIhl/aVuGLEc=,q4vGHzcDITg0Cgei3+ytYqLK5Dc=
123,-55,CUUwY3jDewnrsadzIhl/aVuGLEc=,q4vGHzcDITg0Cgei3+ytYqLK5Dc=
124,-55,CUUwY3jDewnrsadzIhl/aVuGLEc=,q4vGHzcDITg0Cgei3+ytYqLK5Dc=
121,-56,CUUwY3jDewnrsadzIhl/aVuGLEc=,q4vGHzcDITg0Cgei3+ytYqLK5Dc=
121,-63,CUUwY3jDewnrsadzIhl/aVuGLEc=,q4vGHzcDITg0Cgei3+ytYqLK5Dc=
120,-63,CUUwY3jDewnrsadzIhl/aVuGLEc=,q4vGHzcDITg0Cgei3+ytYqLK5Dc=
117,-60,CUUwY3jDewnrsadzIhl/aVuGLEc=,q4vGHzcDITg0Cgei3+ytYqLK5Dc=
115,-61,CUUwY3jDewnrsadzIhl/aVuGLEc=,q4vGHzcDITg0Cgei3+ytYqLK5Dc=
112,-56,CUUwY3jDewnrsadzIhl/aVuGLEc=,q4vGHzcDITg0Cgei3+ytYqLK5Dc=
127,-57,CUUwY3jDewnrsadzIhl/aVuGLEc=,q4vGHzcDITg0Cgei3+ytYqLK5Dc=
126,-57,CUUwY3jDewnrsadzIhl/aVuGLEc=,q4vGHzcDITg0Cgei3+ytYqLK5Dc=
125,-57,CUUwY3jDewnrsadzIhl/aVuGLEc=,q4vGHzcDITg0Cgei3+ytYqLK5Dc=
124,-57,CUUwY3jDewnrsadzIhl/aVuGLEc=,q4vGHzcDITg0Cgei3+ytYqLK5Dc=
123,-57,CUUwY3jDewnrsadzIhl/aVuGLEc=,q4vGHzcDITg0Cgei3+ytYqLK5Dc=
114,-54,CUUwY3jDewnrsadzIhl/aVuGLEc=,q4vGHzcDITg0Cgei3+ytYqLK5Dc=
113,-56,CUUwY3jDewnrsadzIhl/aVuGLEc=,q4vGHzcDITg0Cgei3+ytYqLK5Dc=
114,-61,CUUwY3jDewnrsadzIhl/aVuGLEc=,q4vGHzcDITg0Cgei3+ytYqLK5Dc=
115,-55,CUUwY3jDewnrsadzIhl/aVuGLEc=,q4vGHzcDITg0Cgei3+ytYqLK5Dc=
120,-55,CUUwY3jDewnrsadzIhl/aVuGLEc=,q4vGHzcDITg0Cgei3+ytYqLK5Dc=
113,-55,CUUwY3jDewnrsadzIhl/aVuGLEc=,q4vGHzcDITg0Cgei3+ytYqLK5Dc=
118,-57,CUUwY3jDewnrsadzIhl/aVuGLEc=,q4vGHzcDITg0Cgei3+ytYqLK5Dc=
114,-56,CUUwY3jDewnrsadzIhl/aVuGLEc=,q4vGHzcDITg0Cgei3+ytYqLK5Dc=
125,-55,CUUwY3jDewnrsadzIhl/aVuGLEc=,q4vGHzcDITg0Cgei3+ytYqLK5Dc=
117,-55,CUUwY3jDewnrsadzIhl/aVuGLEc=,q4vGHzcDITg0Cgei3+ytYqLK5Dc=
122,-56,CUUwY3jDewnrsadzIhl/aVuGLEc=,q4vGHzcDITg0Cgei3+ytYqLK5Dc=
113,-57,CUUwY3jDewnrsadzIhl/aVuGLEc=,q4vGHzcDITg0Cgei3+ytYqLK5Dc=
122,-57,CUUwY3jDewnrsadzIhl/aVuGLEc=,q4vGHzcDITg0Cgei3+ytYqLK5Dc=
112,-57,CUUwY3jDewnrsadzIhl/aVuGLEc=,q4vGHzcDITg0Cgei3+ytYqLK5Dc=
127,-58,CUUwY3jDewnrsadzIhl/aVuGLEc=,q4vGHzcDITg0Cgei3+ytYqLK5Dc=
126,-58,CUUwY3jDewnrsadzIhl/aVuGLEc=,q4vGHzcDITg0Cgei3+ytYqLK5Dc=
125,-58,CUUwY3jDewnrsadzIhl/aVuGLEc=,q4vGHzcDITg0Cgei3+ytYqLK5Dc=
124,-58,CUUwY3jDewnrsadzIhl/aVuGLEc=,q4vGHzcDITg0Cgei3+ytYqLK5Dc=
123,-58,CUUwY3jDewnrsadzIhl/aVuGLEc=,q4vGHzcDITg0Cgei3+ytYqLK5Dc=
122,-58,CUUwY3jDewnrsadzIhl/aVuGLEc=,q4vGHzcDITg0Cgei3+ytYqLK5Dc=
121,-64,CUUwY3jDewnrsadzIhl/aVuGLEc=,q4vGHzcDITg0Cgei3+ytYqLK5Dc=
113,-61,CUUwY3jDewnrsadzIhl/aVuGLEc=,q4vGHzcDITg0Cgei3+ytYqLK5Dc=
120,-56,CUUwY3jDewnrsadzIhl/aVuGLEc=,q4vGHzcDITg0Cgei3+ytYqLK5Dc=
114,-55,CUUwY3jDewnrsadzIhl/aVuGLEc=,q4vGHzcDITg0Cgei3+ytYqLK5Dc=
121,-58,CUUwY3jDewnrsadzIhl/aVuGLEc=,q4vGHzcDITg0Cgei3+ytYqLK5Dc=
118,-56,CUUwY3jDewnrsadzIhl/aVuGLEc=,q4vGHzcDITg0Cgei3+ytYqLK5Dc=
116,-56,CUUwY3jDewnrsadzIhl/aVuGLEc=,q4vGHzcDITg0Cgei3+ytYqLK5Dc=
120,-57,CUUwY3jDewnrsadzIhl/aVuGLEc=,q4vGHzcDITg0Cgei3+ytYqLK5Dc=
119,-56,CUUwY3jDewnrsadzIhl/aVuGLEc=,q4vGHzcDITg0Cgei3+ytYqLK5Dc=
119,-58,CUUwY3jDewnrsadzIhl/aVuGLEc=,q4vGHzcDITg0Cgei3+ytYqLK5Dc=
117,-58,CUUwY3jDewnrsadzIhl/aVuGLEc=,q4vGHzcDITg0Cgei3+ytYqLK5Dc=
118,-60,CUUwY3jDewnrsadzIhl/aVuGLEc=,q4vGHzcDITg0Cgei3+ytYqLK5Dc=
120,-58,CUUwY3jDewnrsadzIhl/aVuGLEc=,q4vGHzcDITg0Cgei3+ytYqLK5Dc=
127,-59,CUUwY3jDewnrsadzIhl/aVuGLEc=,q4vGHzcDITg0Cgei3+ytYqLK5Dc=
126,-59,CUUwY3jDewnrsadzIhl/aVuGLEc=,q4vGHzcDITg0Cgei3+ytYqLK5Dc=
125,-59,CUUwY3jDewnrsadzIhl/aVuGLEc=,q4vGHzcDITg0Cgei3+ytYqLK5Dc=
124,-59,CUUwY3jDewnrsadzIhl/aVuGLEc=,q4vGHzcDITg0Cgei3+ytYqLK5Dc=
123,-59,CUUwY3jDewnrsadzIhl/aVuGLEc=,q4vGHzcDITg0Cgei3+ytYqLK5Dc=
118,-58,CUUwY3jDewnrsadzIhl/aVuGLEc=,q4vGHzcDITg0Cgei3+ytYqLK5Dc=
112,-61,CUUwY3jDewnrsadzIhl/aVuGLEc=,q4vGHzcDITg0Cgei3+ytYqLK5Dc=
118,-63,CUUwY3jDewnrsadzIhl/aVuGLEc=,q4vGHzcDITg0Cgei3+ytYqLK5Dc=
122,-59,CUUwY3jDewnrsadzIhl/aVuGLEc=,q4vGHzcDITg0Cgei3+ytYqLK5Dc=
119,-60,CUUwY3jDewnrsadzIhl/aVuGLEc=,q4vGHzcDITg0Cgei3+ytYqLK5Dc=
115,-56,CUUwY3jDewnrsadzIhl/aVuGLEc=,q4vGHzcDITg0Cgei3+ytYqLK5Dc=
114,-57,CUUwY3jDewnrsadzIhl/aVuGLEc=,q4vGHzcDITg0Cgei3+ytYqLK5Dc=
115,-58,CUUwY3jDewnrsadzIhl/aVuGLEc=,q4vGHzcDITg0Cgei3+ytYqLK5Dc=
113,-58,CUUwY3jDewnrsadzIhl/aVuGLEc=,q4vGHzcDITg0Cgei3+ytYqLK5Dc=
114,-58,CUUwY3jDewnrsadzIhl/aVuGLEc=,q4vGHzcDITg0Cgei3+ytYqLK5Dc=
112,-58,CUUwY3jDewnrsadzIhl/aVuGLEc=,q4vGHzcDITg0Cgei3+ytYqLK5Dc=
118,-59,CUUwY3jDewnrsadzIhl/aVuGLEc=,q4vGHzcDITg0Cgei3+ytYqLK5Dc=
121,-57,CUUwY3jDewnrsadzIhl/aVuGLEc=,q4vGHzcDITg0Cgei3+ytYqLK5Dc=
120,-60,CUUwY3jDewnrsadzIhl/aVuGLEc=,q4vGHzcDITg0Cgei3+ytYqLK5Dc=
114,-59,CUUwY3jDewnrsadzIhl/aVuGLEc=,q4vGHzcDITg0Cgei3+ytYqLK5Dc=
113,-59,CUUwY3jDewnrsadzIhl/aVuGLEc=,q4vGHzcDITg0Cgei3+ytYqLK5Dc=
121,-59,CUUwY3jDewnrsadzIhl/aVuGLEc=,q4vGHzcDITg0Cgei3+ytYqLK5Dc=
127,-60,CUUwY3jDewnrsadzIhl/aVuGLEc=,q4vGHzcDITg0Cgei3+ytYqLK5Dc=
126,-60,CUUwY3jDewnrsadzIhl/aVuGLEc=,q4vGHzcDITg0Cgei3+ytYqLK5Dc=
125,-60,CUUwY3jDewnrsadzIhl/aVuGLEc=,q4vGHzcDITg0Cgei3+ytYqLK5Dc=
124,-60,CUUwY3jDewnrsadzIhl/aVuGLEc=,q4vGHzcDITg0Cgei3+ytYqLK5Dc=
117,-56,CUUwY3jDewnrsadzIhl/aVuGLEc=,q4vGHzcDITg0Cgei3+ytYqLK5Dc=
127,-62,CUUwY3jDewnrsadzIhl/aVuGLEc=,q4vGHzcDITg0Cgei3+ytYqLK5Dc=
123,-60,CUUwY3jDewnrsadzIhl/aVuGLEc=,q4vGHzcDITg0Cgei3+ytYqLK5Dc=
119,-63,CUUwY3jDewnrsadzIhl/aVuGLEc=,q4vGHzcDITg0Cgei3+ytYqLK5Dc=
119,-57,CUUwY3jDewnrsadzIhl/aVuGLEc=,q4vGHzcDITg0Cgei3+ytYqLK5Dc=
112,-59,CUUwY3jDewnrsadzIhl/aVuGLEc=,q4vGHzcDITg0Cgei3+ytYqLK5Dc=
116,-59,CUUwY3jDewnrsadzIhl/aVuGLEc=,q4vGHzcDITg0Cgei3+ytYqLK5Dc=
115,-63,CUUwY3jDewnrsadzIhl/aVuGLEc=,q4vGHzcDITg0Cgei3+ytYqLK5Dc=
116,-58,CUUwY3jDewnrsadzIhl/aVuGLEc=,q4vGHzcDITg0Cgei3+ytYqLK5Dc=
116,-57,CUUwY3jDewnrsadzIhl/aVuGLEc=,q4vGHzcDITg0Cgei3+ytYqLK5Dc=
122,-60,CUUwY3jDewnrsadzIhl/aVuGLEc=,q4vGHzcDITg0Cgei3+ytYqLK5Dc=
117,-57,CUUwY3jDewnrsadzIhl/aVuGLEc=,q4vGHzcDITg0Cgei3+ytYqLK5Dc=
115,-57,CUUwY3jDewnrsadzIhl/aVuGLEc=,q4vGHzcDITg0Cgei3+ytYqLK5Dc=
119,-64,CUUwY3jDewnrsadzIhl/aVuGLEc=,q4vGHzcDITg0Cgei3+ytYqLK5Dc=
117,-63,CUUwY3jDewnrsadzIhl/aVuGLEc=,q4vGHzcDITg0Cgei3+ytYqLK5Dc=
120,-59,CUUwY3jDewnrsadzIhl/aVuGLEc=,q4vGHzcDITg0Cgei3+ytYqLK5Dc=
119,-59,CUUwY3jDewnrsadzIhl/aVuGLEc=,q4vGHzcDITg0Cgei3+ytYqLK5Dc=
121,-60,CUUwY3jDewnrsadzIhl/aVuGLEc=,q4vGHzcDITg0Cgei3+ytYqLK5Dc=
117,-59,CUUwY3jDewnrsadzIhl/aVuGLEc=,q4vGHzcDITg0Cgei3+ytYqLK5Dc=
115,-59,CUUwY3jDewnrsadzIhl/aVuGLEc=,q4vGHzcDITg0Cgei3+ytYqLK5Dc=
120,-64,CUUwY3jDewnrsadzIhl/aVuGLEc=,q4vGHzcDITg0Cgei3+ytYqLK5Dc=
116,-63,CUUwY3jDewnrsadzIhl/aVuGLEc=,q4vGHzcDITg0Cgei3+ytYqLK5Dc=
118,-64,CUUwY3jDewnrsadzIhl/aVuGLEc=,q4vGHzcDITg0Cgei3+ytYqLK5Dc=
111,-49,29xQCyA1LkImHzg3QL5ETL7NkZI=,gkLo5hJXGNt867Q5JeP+23Lbo1E=
110,-49,29xQCyA1LkImHzg3QL5ETL7NkZI=,gkLo5hJXGNt867Q5JeP+23Lbo1E=
109,-62,29xQCyA1LkImHzg3QL5ETL7NkZI=,gkLo5hJXGNt867Q5JeP+23Lbo1E=
110,-62,29xQCyA1LkImHzg3QL5ETL7NkZI=,gkLo5hJXGNt867Q5JeP+23Lbo1E=
111,-62,29xQCyA1LkImHzg3QL5ETL7NkZI=,gkLo5hJXGNt867Q5JeP+23Lbo1E=
96,-61,29xQCyA1LkImHzg3QL5ETL7NkZI=,gkLo5hJXGNt867Q5JeP+23Lbo1E=
97,-61,29xQCyA1LkImHzg3QL5ETL7NkZI=,gkLo5hJXGNt867Q5JeP+23Lbo1E=
103,-49,29xQCyA1LkImHzg3QL5ETL7NkZI=,gkLo5hJXGNt867Q5JeP+23Lbo1E=
109,-49,29xQCyA1LkImHzg3QL5ETL7NkZI=,gkLo5hJXGNt867Q5JeP+23Lbo1E=
98,-61,29xQCyA1LkImHzg3QL5ETL7NkZI=,gkLo5hJXGNt867Q5JeP+23Lbo1E=
104,-49,29xQCyA1LkImHzg3QL5ETL7NkZI=,gkLo5hJXGNt867Q5JeP+23Lbo1E=
99,-64,29xQCyA1LkImHzg3QL5ETL7NkZI=,gkLo5hJXGNt867Q5JeP+23Lbo1E=
102,-49,29xQCyA1LkImHzg3QL5ETL7NkZI=,gkLo5hJXGNt867Q5JeP+23Lbo1E=
98,-49,29xQCyA1LkImHzg3QL5ETL7NkZI=,gkLo5hJXGNt867Q5JeP+23Lbo1E=
111,-63,29xQCyA1LkImHzg3QL5ETL7NkZI=,gkLo5hJXGNt867Q5JeP+23Lbo1E=
97,-63,29xQCyA1LkImHzg3QL5ETL7NkZI=,gkLo5hJXGNt867Q5JeP+23Lbo1E=
109,-63,29xQCyA1LkImHzg3QL5ETL7NkZI=,gkLo5hJXGNt867Q5JeP+23Lbo1E=
99,-49,29xQCyA1LkImHzg3QL5ETL7NkZI=,gkLo5hJXGNt867Q5JeP+23Lbo1E=
110,-63,29xQCyA1LkImHzg3QL5ETL7NkZI=,gkLo5hJXGNt867Q5JeP+23Lbo1E=
105,-49,29xQCyA1LkImHzg3QL5ETL7NkZI=,gkLo5hJXGNt867Q5JeP+23Lbo1E=
111,-50,29xQCyA1LkImHzg3QL5ETL7NkZI=,gkLo5hJXGNt867Q5JeP+23Lbo1E=
97,-49,29xQCyA1LkImHzg3QL5ETL7NkZI=,gkLo5hJXGNt867Q5JeP+23Lbo1E=
108,-49,29xQCyA1LkImHzg3QL5ETL7NkZI=,gkLo5hJXGNt867Q5JeP+23Lbo1E=
101,-49,29xQCyA1LkImHzg3QL5ETL7NkZI=,gkLo5hJXGNt867Q5JeP+23Lbo1E=
107,-49,29xQCyA1LkImHzg3QL5ETL7NkZI=,gkLo5hJXGNt867Q5JeP+23Lbo1E=
103,-63,29xQCyA1LkImHzg3QL5ETL7NkZI=,gkLo5hJXGNt867Q5JeP+23Lbo1E=
100,-49,29xQCyA1LkImHzg3QL5ETL7NkZI=,gkLo5hJXGNt867Q5JeP+23Lbo1E=
96,-49,29xQCyA1LkImHzg3QL5ETL7NkZI=,gkLo5hJXGNt867Q5JeP+23Lbo1E=
100,-63,29xQCyA1LkImHzg3QL5ETL7NkZI=,gkLo5hJXGNt867Q5JeP+23Lbo1E=
98,-64,29xQCyA1LkImHzg3QL5ETL7NkZI=,gkLo5hJXGNt867Q5JeP+23Lbo1E=
101,-63,29xQCyA1LkImHzg3QL5ETL7NkZI=,gkLo5hJXGNt867Q5JeP+23Lbo1E=
108,-63,29xQCyA1LkImHzg3QL5ETL7NkZI=,gkLo5hJXGNt867Q5JeP+23Lbo1E=
98,-63,29xQCyA1LkImHzg3QL5ETL7NkZI=,gkLo5hJXGNt867Q5JeP+23Lbo1E=
110,-50,29xQCyA1LkImHzg3QL5ETL7NkZI=,gkLo5hJXGNt867Q5JeP+23Lbo1E=
106,-63,29xQCyA1LkImHzg3QL5ETL7NkZI=,gkLo5hJXGNt867Q5JeP+23Lbo1E=
105,-63,29xQCyA1LkImHzg3QL5ETL7NkZI=,gkLo5hJXGNt867Q5JeP+23Lbo1E=
105,-50,29xQCyA1LkImHzg3QL5ETL7NkZI=,gkLo5hJXGNt867Q5JeP+23Lbo1E=
104,-50,29xQCyA1LkImHzg3QL5ETL7NkZI=,gkLo5hJXGNt867Q5JeP+23Lbo1E=
103,-50,29xQCyA1LkImHzg3QL5ETL7NkZI=,gkLo5hJXGNt867Q5JeP+23Lbo1E=
107,-63,29xQCyA1LkImHzg3QL5ETL7NkZI=,gkLo5hJXGNt867Q5JeP+23Lbo1E=
106,-49,29xQCyA1LkImHzg3QL5ETL7NkZI=,gkLo5hJXGNt867Q5JeP+23Lbo1E=
104,-63,29xQCyA1LkImHzg3QL5ETL7NkZI=,gkLo5hJXGNt867Q5JeP+23Lbo1E=
99,-63,29xQCyA1LkImHzg3QL5ETL7NkZI=,gkLo5hJXGNt867Q5JeP+23Lbo1E=
97,-50,29xQCyA1LkImHzg3QL5ETL7NkZI=,gkLo5hJXGNt867Q5JeP+23Lbo1E=
96,-50,29xQCyA1LkImHzg3QL5ETL7NkZI=,gkLo5hJXGNt867Q5JeP+23Lbo1E=
111,-51,29xQCyA1LkImHzg3QL5ETL7NkZI=,gkLo5hJXGNt867Q5JeP+23Lbo1E=
99,-61,29xQCyA1LkImHzg3QL5ETL7NkZI=,gkLo5hJXGNt867Q5JeP+23Lbo1E=
96,-62,29xQCyA1LkImHzg3QL5ETL7NkZI=,gkLo5hJXGNt867Q5JeP+23Lbo1E=
111,-64,29xQCyA1LkImHzg3QL5ETL7NkZI=,gkLo5hJXGNt867Q5JeP+23Lbo1E=
96,-63,29xQCyA1LkImHzg3QL5ETL7NkZI=,gkLo5hJXGNt867Q5JeP+23Lbo1E=
102,-50,29xQCyA1LkImHzg3QL5ETL7NkZI=,gkLo5hJXGNt867Q5JeP+23Lbo1E=
106,-50,29xQCyA1LkImHzg3QL5ETL7NkZI=,gkLo5hJXGNt867Q5JeP+23Lbo1E=
101,-50,29xQCyA1LkImHzg3QL5ETL7NkZI=,gkLo5hJXGNt867Q5JeP+23Lbo1E=
98,-50,29xQCyA1LkImHzg3QL5ETL7NkZI=,gkLo5hJXGNt867Q5JeP+23Lbo1E=
106,-51,29xQCyA1LkImHzg3QL5ETL7NkZI=,gkLo5hJXGNt867Q5JeP+23Lbo1E=
105,-51,29xQCyA1LkImHzg3QL5ETL7NkZI=,gkLo5hJXGNt867Q5JeP+23Lbo1E=
104,-51,29xQCyA1LkImHzg3QL5ETL7NkZI=,gkLo5hJXGNt867Q5JeP+23Lbo1E=
103,-51,29xQCyA1LkImHzg3QL5ETL7NkZI=,gkLo5hJXGNt867Q5JeP+23Lbo1E=
102,-51,29xQCyA1LkImHzg3QL5ETL7NkZI=,gkLo5hJXGNt867Q5JeP+23Lbo1E=
108,-62,29xQCyA1LkImHzg3QL5ETL7NkZI=,gkLo5hJXGNt867Q5JeP+23Lbo1E=
102,-63,29xQCyA1LkImHzg3QL5ETL7NkZI=,gkLo5hJXGNt867Q5JeP+23Lbo1E=
100,-50,29xQCyA1LkImHzg3QL5ETL7NkZI=,gkLo5hJXGNt867Q5JeP+23Lbo1E=
107,-50,29xQCyA1LkImHzg3QL5ETL7NkZI=,gkLo5hJXGNt867Q5JeP+23Lbo1E=
96,-51,29xQCyA1LkImHzg3QL5ETL7NkZI=,gkLo5hJXGNt867Q5JeP+23Lbo1E=
97,-64,29xQCyA1LkImHzg3QL5ETL7NkZI=,gkLo5hJXGNt867Q5JeP+23Lbo1E=
111,-52,29xQCyA1LkImHzg3QL5ETL7NkZI=,gkLo5hJXGNt867Q5JeP+23Lbo1E=
109,-50,29xQCyA1LkImHzg3QL5ETL7NkZI=,gkLo5hJXGNt867Q5JeP+23Lbo1E=
97,-51,29xQCyA1LkImHzg3QL5ETL7NkZI=,gkLo5hJXGNt867Q5JeP+23Lbo1E=
108,-51,29xQCyA1LkImHzg3QL5ETL7NkZI=,gkLo5hJXGNt867Q5JeP+23Lbo1E=
110,-51,29xQCyA1LkImHzg3QL5ETL7NkZI=,gkLo5hJXGNt867Q5JeP+23Lbo1E=
100,-61,29xQCyA1LkImHzg3QL5ETL7NkZI=,gkLo5hJXGNt867Q5JeP+23Lbo1E=
100,-64,29xQCyA1LkImHzg3QL5ETL7NkZI=,gkLo5hJXGNt867Q5JeP+23Lbo1E=
99,-50,29xQCyA1LkImHzg3QL5ETL7NkZI=,gkLo5hJXGNt867Q5JeP+23Lbo1E=
100,-51,29xQCyA1LkImHzg3QL5ETL7NkZI=,gkLo5hJXGNt867Q5JeP+23Lbo1E=
110,-52,29xQCyA1LkImHzg3QL5ETL7NkZI=,gkLo5hJXGNt867Q5JeP+23Lbo1E=
106,-52,29xQCyA1LkImHzg3QL5ETL7NkZI=,gkLo5hJXGNt867Q5JeP+23Lbo1E=
104,-52,29xQCyA1LkImHzg3QL5ETL7NkZI=,gkLo5hJXGNt867Q5JeP+23Lbo1E=
103,-52,29xQCyA1LkImHzg3QL5ETL7NkZI=,gkLo5hJXGNt867Q5JeP+23Lbo1E=
102,-52,29xQCyA1LkImHzg3QL5ETL7NkZI=,gkLo5hJXGNt867Q5JeP+23Lbo1E=
110,-64,29xQCyA1LkImHzg3QL5ETL7NkZI=,gkLo5hJXGNt867Q5JeP+23Lbo1E=
101,-51,29xQCyA1LkImHzg3QL5ETL7NkZI=,gkLo5hJXGNt867Q5JeP+23Lbo1E=
109,-51,29xQCyA1LkImHzg3QL5ETL7NkZI=,gkLo5hJXGNt867Q5JeP+23Lbo1E=
105,-52,29xQCyA1LkImHzg3QL5ETL7NkZI=,gkLo5hJXGNt867Q5JeP+23Lbo1E=
109,-52,29xQCyA1LkImHzg3QL5ETL7NkZI=,gkLo5hJXGNt867Q5JeP+23Lbo1E=
97,-52,29xQCyA1LkImHzg3QL5ETL7NkZI=,gkLo5hJXGNt867Q5JeP+23Lbo1E=
96,-52,29xQCyA1LkImHzg3QL5ETL7NkZI=,gkLo5hJXGNt867Q5JeP+23Lbo1E=
111,-53,29xQCyA1LkImHzg3QL5ETL7NkZI=,gkLo5hJXGNt867Q5JeP+23Lbo1E=
98,-51,29xQCyA1LkImHzg3QL5ETL7NkZI=,gkLo5hJXGNt867Q5JeP+23Lbo1E=
108,-52,29xQCyA1LkImHzg3QL5ETL7NkZI=,gkLo5hJXGNt867Q5JeP+23Lbo1E=
100,-52,29xQCyA1LkImHzg3QL5ETL7NkZI=,gkLo5hJXGNt867Q5JeP+23Lbo1E=
107,-52,29xQCyA1LkImHzg3QL5ETL7NkZI=,gkLo5hJXGNt867Q5JeP+23Lbo1E=
108,-50,29xQCyA1LkImHzg3QL5ETL7NkZI=,gkLo5hJXGNt867Q5JeP+23Lbo1E=
106,-62,29xQCyA1LkImHzg3QL5ETL7NkZI=,gkLo5hJXGNt867Q5JeP+23Lbo1E=
105,-53,29xQCyA1LkImHzg3QL5ETL7NkZI=,gkLo5hJXGNt867Q5JeP+23Lbo1E=
106,-53,29xQCyA1LkImHzg3QL5ETL7NkZI=,gkLo5hJXGNt867Q5JeP+23Lbo1E=
104,-53,29xQCyA1LkImHzg3QL5ETL7NkZI=,gkLo5hJXGNt867Q5JeP+23Lbo1E=
103,-53,29xQCyA1LkImHzg3QL5ETL7NkZI=,gkLo5hJXGNt867Q5JeP+23Lbo1E=
102,-53,29xQCyA1LkImHzg3QL5ETL7NkZI=,gkLo5hJXGNt867Q5JeP+23Lbo1E=
108,-53,29xQCyA1LkImHzg3QL5ETL7NkZI=,gkLo5hJXGNt867Q5JeP+23Lbo1E=
107,-53,29xQCyA1LkImHzg3QL5ETL7NkZI=,gkLo5hJXGNt867Q5JeP+23Lbo1E=
109,-64,29xQCyA1LkImHzg3QL5ETL7NkZI=,gkLo5hJXGNt867Q5JeP+23Lbo1E=
99,-52,29xQCyA1LkImHzg3QL5ETL7NkZI=,gkLo5hJXGNt867Q5JeP+23Lbo1E=
97,-53,29xQCyA1LkImHzg3QL5ETL7NkZI=,gkLo5hJXGNt867Q5JeP+23Lbo1E=
96,-53,29xQCyA1LkImHzg3QL5ETL7NkZI=,gkLo5hJXGNt867Q5JeP+23Lbo1E=
101,-52,29xQCyA1LkImHzg3QL5ETL7NkZI=,gkLo5hJXGNt867Q5JeP+23Lbo1E=
107,-51,29xQCyA1LkImHzg3QL5ETL7NkZI=,gkLo5hJXGNt867Q5JeP+23Lbo1E=
99,-51,29xQCyA1LkImHzg3QL5ETL7NkZI=,gkLo5hJXGNt867Q5JeP+23Lbo1E=
105,-62,29xQCyA1LkImHzg3QL5ETL7NkZI=,gkLo5hJXGNt867Q5JeP+23Lbo1E=
107,-54,29xQCyA1LkImHzg3QL5ETL7NkZI=,gkLo5hJXGNt867Q5JeP+23Lbo1E=
106,-54,29xQCyA1LkImHzg3QL5ETL7NkZI=,gkLo5hJXGNt867Q5JeP+23Lbo1E=
109,-54,29xQCyA1LkImHzg3QL5ETL7NkZI=,gkLo5hJXGNt867Q5JeP+23Lbo1E=
104,-62,29xQCyA1LkImHzg3QL5ETL7NkZI=,gkLo5hJXGNt867Q5JeP+23Lbo1E=
105,-54,29xQCyA1LkImHzg3QL5ETL7NkZI=,gkLo5hJXGNt867Q5JeP+23Lbo1E=
103,-54,29xQCyA1LkImHzg3QL5ETL7NkZI=,gkLo5hJXGNt867Q5JeP+23Lbo1E=
107,-62,29xQCyA1LkImHzg3QL5ETL7NkZI=,gkLo5hJXGNt867Q5JeP+23Lbo1E=
104,-54,29xQCyA1LkImHzg3QL5ETL7NkZI=,gkLo5hJXGNt867Q5JeP+23Lbo1E=
108,-54,29xQCyA1LkImHzg3QL5ETL7NkZI=,gkLo5hJXGNt867Q5JeP+23Lbo1E=
102,-54,29xQCyA1LkImHzg3QL5ETL7NkZI=,gkLo5hJXGNt867Q5JeP+23Lbo1E=
98,-52,29xQCyA1LkImHzg3QL5ETL7NkZI=,gkLo5hJXGNt867Q5JeP+23Lbo1E=
110,-54,29xQCyA1LkImHzg3QL5ETL7NkZI=,gkLo5hJXGNt867Q5JeP+23Lbo1E=
97,-54,29xQCyA1LkImHzg3QL5ETL7NkZI=,gkLo5hJXGNt867Q5JeP+23Lbo1E=
96,-54,29xQCyA1LkImHzg3QL5ETL7NkZI=,gkLo5hJXGNt867Q5JeP+23Lbo1E=
98,-54,29xQCyA1LkImHzg3QL5ETL7NkZI=,gkLo5hJXGNt867Q5JeP+23Lbo1E=
98,-53,29xQCyA1LkImHzg3QL5ETL7NkZI=,gkLo5hJXGNt867Q5JeP+23Lbo1E=
101,-54,29xQCyA1LkImHzg3QL5ETL7NkZI=,gkLo5hJXGNt867Q5JeP+23Lbo1E=
108,-55,29xQCyA1LkImHzg3QL5ETL7NkZI=,gkLo5hJXGNt867Q5JeP+23Lbo1E=
107,-55,29xQCyA1LkImHzg3QL5ETL7NkZI=,gkLo5hJXGNt867Q5JeP+23Lbo1E=
106,-55,29xQCyA1LkImHzg3QL5ETL7NkZI=,gkLo5hJXGNt867Q5JeP+23Lbo1E=
105,-55,29xQCyA1LkImHzg3QL5ETL7NkZI=,gkLo5hJXGNt867Q5JeP+23Lbo1E=
110,-55,29xQCyA1LkImHzg3QL5ETL7NkZI=,gkLo5hJXGNt867Q5JeP+23Lbo1E=
103,-62,29xQCyA1LkImHzg3QL5ETL7NkZI=,gkLo5hJXGNt867Q5JeP+23Lbo1E=
104,-55,29xQCyA1LkImHzg3QL5ETL7NkZI=,gkLo5hJXGNt867Q5JeP+23Lbo1E=
103,-55,29xQCyA1LkImHzg3QL5ETL7NkZI=,gkLo5hJXGNt867Q5JeP+23Lbo1E=
102,-55,29xQCyA1LkImHzg3QL5ETL7NkZI=,gkLo5hJXGNt867Q5JeP+23Lbo1E=
101,-61,29xQCyA1LkImHzg3QL5ETL7NkZI=,gkLo5hJXGNt867Q5JeP+23Lbo1E=
110,-53,29xQCyA1LkImHzg3QL5ETL7NkZI=,gkLo5hJXGNt867Q5JeP+23Lbo1E=
109,-53,29xQCyA1LkImHzg3QL5ETL7NkZI=,gkLo5hJXGNt867Q5JeP+23Lbo1E=
111,-55,29xQCyA1LkImHzg3QL5ETL7NkZI=,gkLo5hJXGNt867Q5JeP+23Lbo1E=
101,-53,29xQCyA1LkImHzg3QL5ETL7NkZI=,gkLo5hJXGNt867Q5JeP+23Lbo1E=
98,-55,29xQCyA1LkImHzg3QL5ETL7NkZI=,gkLo5hJXGNt867Q5JeP+23Lbo1E=
97,-55,29xQCyA1LkImHzg3QL5ETL7NkZI=,gkLo5hJXGNt867Q5JeP+23Lbo1E=
96,-55,29xQCyA1LkImHzg3QL5ETL7NkZI=,gkLo5hJXGNt867Q5JeP+23Lbo1E=
111,-54,29xQCyA1LkImHzg3QL5ETL7NkZI=,gkLo5hJXGNt867Q5JeP+23Lbo1E=
109,-55,29xQCyA1LkImHzg3QL5ETL7NkZI=,gkLo5hJXGNt867Q5JeP+23Lbo1E=
108,-56,29xQCyA1LkImHzg3QL5ETL7NkZI=,gkLo5hJXGNt867Q5JeP+23Lbo1E=
106,-56,29xQCyA1LkImHzg3QL5ETL7NkZI=,gkLo5hJXGNt867Q5JeP+23Lbo1E=
107,-56,29xQCyA1LkImHzg3QL5ETL7NkZI=,gkLo5hJXGNt867Q5JeP+23Lbo1E=
105,-56,29xQCyA1LkImHzg3QL5ETL7NkZI=,gkLo5hJXGNt867Q5JeP+23Lbo1E=
104,-56,29xQCyA1LkImHzg3QL5ETL7NkZI=,gkLo5hJXGNt867Q5JeP+23Lbo1E=
102,-61,29xQCyA1LkImHzg3QL5ETL7NkZI=,gkLo5hJXGNt867Q5JeP+23Lbo1E=
96,-64,29xQCyA1LkImHzg3QL5ETL7NkZI=,gkLo5hJXGNt867Q5JeP+23Lbo1E=
99,-55,29xQCyA1LkImHzg3QL5ETL7NkZI=,gkLo5hJXGNt867Q5JeP+23Lbo1E=
102,-62,29xQCyA1LkImHzg3QL5ETL7NkZI=,gkLo5hJXGNt867Q5JeP+23Lbo1E=
103,-56,29xQCyA1LkImHzg3QL5ETL7NkZI=,gkLo5hJXGNt867Q5JeP+23Lbo1E=
100,-53,29xQCyA1LkImHzg3QL5ETL7NkZI=,gkLo5hJXGNt867Q5JeP+23Lbo1E=
102,-56,29xQCyA1LkImHzg3QL5ETL7NkZI=,gkLo5hJXGNt867Q5JeP+23Lbo1E=
103,-61,29xQCyA1LkImHzg3QL5ETL7NkZI=,gkLo5hJXGNt867Q5JeP+23Lbo1E=
99,-54,29xQCyA1LkImHzg3QL5ETL7NkZI=,gkLo5hJXGNt867Q5JeP+23Lbo1E=
99,-53,29xQCyA1LkImHzg3QL5ETL7NkZI=,gkLo5hJXGNt867Q5JeP+23Lbo1E=
110,-56,29xQCyA1LkImHzg3QL5ETL7NkZI=,gkLo5hJXGNt867Q5JeP+23Lbo1E=
97,-56,29xQCyA1LkImHzg3QL5ETL7NkZI=,gkLo5hJXGNt867Q5JeP+23Lbo1E=
96,-56,29xQCyA1LkImHzg3QL5ETL7NkZI=,gkLo5hJXGNt867Q5JeP+23Lbo1E=
100,-55,29xQCyA1LkImHzg3QL5ETL7NkZI=,gkLo5hJXGNt867Q5JeP+23Lbo1E=
101,-56,29xQCyA1LkImHzg3QL5ETL7NkZI=,gkLo5hJXGNt867Q5JeP+23Lbo1E=
111,-57,29xQCyA1LkImHzg3QL5ETL7NkZI=,gkLo5hJXGNt867Q5JeP+23Lbo1E=
109,-56,29xQCyA1LkImHzg3QL5ETL7NkZI=,gkLo5hJXGNt867Q5JeP+23Lbo1E=
108,-57,29xQCyA1LkImHzg3QL5ETL7NkZI=,gkLo5hJXGNt867Q5JeP+23Lbo1E=
106,-57,29xQCyA1LkImHzg3QL5ETL7NkZI=,gkLo5hJXGNt867Q5JeP+23Lbo1E=
105,-57,29xQCyA1LkImHzg3QL5ETL7NkZI=,gkLo5hJXGNt867Q5JeP+23Lbo1E=
104,-57,29xQCyA1LkImHzg3QL5ETL7NkZI=,gkLo5hJXGNt867Q5JeP+23Lbo1E=
103,-57,29xQCyA1LkImHzg3QL5ETL7NkZI=,gkLo5hJXGNt867Q5JeP+23Lbo1E=
104,-61,29xQCyA1LkImHzg3QL5ETL7NkZI=,gkLo5hJXGNt867Q5JeP+23Lbo1E=
110,-57,29xQCyA1LkImHzg3QL5ETL7NkZI=,gkLo5hJXGNt867Q5JeP+23Lbo1E=
100,-56,29xQCyA1LkImHzg3QL5ETL7NkZI=,gkLo5hJXGNt867Q5JeP+23Lbo1E=
102,-57,29xQCyA1LkImHzg3QL5ETL7NkZI=,gkLo5hJXGNt867Q5JeP+23Lbo1E=
107,-57,29xQCyA1LkImHzg3QL5ETL7NkZI=,gkLo5hJXGNt867Q5JeP+23Lbo1E=
109,-57,29xQCyA1LkImHzg3QL5ETL7NkZI=,gkLo5hJXGNt867Q5JeP+23Lbo1E=
106,-64,29xQCyA1LkImHzg3QL5ETL7NkZI=,gkLo5hJXGNt867Q5JeP+23Lbo1E=
111,-56,29xQCyA1LkImHzg3QL5ETL7NkZI=,gkLo5hJXGNt867Q5JeP+23Lbo1E=
97,-57,29xQCyA1LkImHzg3QL5ETL7NkZI=,gkLo5hJXGNt867Q5JeP+23Lbo1E=
96,-57,29xQCyA1LkImHzg3QL5ETL7NkZI=,gkLo5hJXGNt867Q5JeP+23Lbo1E=
108,-64,29xQCyA1LkImHzg3QL5ETL7NkZI=,gkLo5hJXGNt867Q5JeP+23Lbo1E=
110,-58,29xQCyA1LkImHzg3QL5ETL7NkZI=,gkLo5hJXGNt867Q5JeP+23Lbo1E=
100,-54,29xQCyA1LkImHzg3QL5ETL7NkZI=,gkLo5hJXGNt867Q5JeP+23Lbo1E=
107,-58,29xQCyA1LkImHzg3QL5ETL7NkZI=,gkLo5hJXGNt867Q5JeP+23Lbo1E=
109,-58,29xQCyA1LkImHzg3QL5ETL7NkZI=,gkLo5hJXGNt867Q5JeP+23Lbo1E=
106,-58,29xQCyA1LkImHzg3QL5ETL7NkZI=,gkLo5hJXGNt867Q5JeP+23Lbo1E=
105,-58,29xQCyA1LkImHzg3QL5ETL7NkZI=,gkLo5hJXGNt867Q5JeP+23Lbo1E=
104,-58,29xQCyA1LkImHzg3QL5ETL7NkZI=,gkLo5hJXGNt867Q5JeP+23Lbo1E=
103,-58,29xQCyA1LkImHzg3QL5ETL7NkZI=,gkLo5hJXGNt867Q5JeP+23Lbo1E=
102,-58,29xQCyA1LkImHzg3QL5ETL7NkZI=,gkLo5hJXGNt867Q5JeP+23Lbo1E=
104,-64,29xQCyA1LkImHzg3QL5ETL7NkZI=,gkLo5hJXGNt867Q5JeP+23Lbo1E=
105,-64,29xQCyA1LkImHzg3QL5ETL7NkZI=,gkLo5hJXGNt867Q5JeP+23Lbo1E=
99,-56,29xQCyA1LkImHzg3QL5ETL7NkZI=,gkLo5hJXGNt867Q5JeP+23Lbo1E=
101,-62,29xQCyA1LkImHzg3QL5ETL7NkZI=,gkLo5hJXGNt867Q5JeP+23Lbo1E=
101,-57,29xQCyA1LkImHzg3QL5ETL7NkZI=,gkLo5hJXGNt867Q5JeP+23Lbo1E=
101,-58,29xQCyA1LkImHzg3QL5ETL7NkZI=,gkLo5hJXGNt867Q5JeP+23Lbo1E=
108,-58,29xQCyA1LkImHzg3QL5ETL7NkZI=,gkLo5hJXGNt867Q5JeP+23Lbo1E=
96,-58,29xQCyA1LkImHzg3QL5ETL7NkZI=,gkLo5hJXGNt867Q5JeP+23Lbo1E=
101,-55,29xQCyA1LkImHzg3QL5ETL7NkZI=,gkLo5hJXGNt867Q5JeP+23Lbo1E=
98,-57,29xQCyA1LkImHzg3QL5ETL7NkZI=,gkLo5hJXGNt867Q5JeP+23Lbo1E=
97,-58,29xQCyA1LkImHzg3QL5ETL7NkZI=,gkLo5hJXGNt867Q5JeP+23Lbo1E=
100,-57,29xQCyA1LkImHzg3QL5ETL7NkZI=,gkLo5hJXGNt867Q5JeP+23Lbo1E=
108,-59,29xQCyA1LkImHzg3QL5ETL7NkZI=,gkLo5hJXGNt867Q5JeP+23Lbo1E=
106,-59,29xQCyA1LkImHzg3QL5ETL7NkZI=,gkLo5hJXGNt867Q5JeP+23Lbo1E=
105,-59,29xQCyA1LkImHzg3QL5ETL7NkZI=,gkLo5hJXGNt867Q5JeP+23Lbo1E=
104,-59,29xQCyA1LkImHzg3QL5ETL7NkZI=,gkLo5hJXGNt867Q5JeP+23Lbo1E=
103,-59,29xQCyA1LkImHzg3QL5ETL7NkZI=,gkLo5hJXGNt867Q5JeP+23Lbo1E=
102,-59,29xQCyA1LkImHzg3QL5ETL7NkZI=,gkLo5hJXGNt867Q5JeP+23Lbo1E=
107,-64,29xQCyA1LkImHzg3QL5ETL7NkZI=,gkLo5hJXGNt867Q5JeP+23Lbo1E=
103,-64,29xQCyA1LkImHzg3QL5ETL7NkZI=,gkLo5hJXGNt867Q5JeP+23Lbo1E=
109,-59,29xQCyA1LkImHzg3QL5ETL7NkZI=,gkLo5hJXGNt867Q5JeP+23Lbo1E=
98,-56,29xQCyA1LkImHzg3QL5ETL7NkZI=,gkLo5hJXGNt867Q5JeP+23Lbo1E=
107,-59,29xQCyA1LkImHzg3QL5ETL7NkZI=,gkLo5hJXGNt867Q5JeP+23Lbo1E=
111,-59,29xQCyA1LkImHzg3QL5ETL7NkZI=,gkLo5hJXGNt867Q5JeP+23Lbo1E=
97,-59,29xQCyA1LkImHzg3QL5ETL7NkZI=,gkLo5hJXGNt867Q5JeP+23Lbo1E=
96,-59,29xQCyA1LkImHzg3QL5ETL7NkZI=,gkLo5hJXGNt867Q5JeP+23Lbo1E=
100,-59,29xQCyA1LkImHzg3QL5ETL7NkZI=,gkLo5hJXGNt867Q5JeP+23Lbo1E=
101,-59,29xQCyA1LkImHzg3QL5ETL7NkZI=,gkLo5hJXGNt867Q5JeP+23Lbo1E=
110,-59,29xQCyA1LkImHzg3QL5ETL7NkZI=,gkLo5hJXGNt867Q5JeP+23Lbo1E=
110,-60,29xQCyA1LkImHzg3QL5ETL7NkZI=,gkLo5hJXGNt867Q5JeP+23Lbo1E=
111,-58,29xQCyA1LkImHzg3QL5ETL7NkZI=,gkLo5hJXGNt867Q5JeP+23Lbo1E=
111,-60,29xQCyA1LkImHzg3QL5ETL7NkZI=,gkLo5hJXGNt867Q5JeP+23Lbo1E=
108,-60,29xQCyA1LkImHzg3QL5ETL7NkZI=,gkLo5hJXGNt867Q5JeP+23Lbo1E=
105,-60,29xQCyA1LkImHzg3QL5ETL7NkZI=,gkLo5hJXGNt867Q5JeP+23Lbo1E=
99,-59,29xQCyA1LkImHzg3QL5ETL7NkZI=,gkLo5hJXGNt867Q5JeP+23Lbo1E=
103,-60,29xQCyA1LkImHzg3QL5ETL7NkZI=,gkLo5hJXGNt867Q5JeP+23Lbo1E=
102,-60,29xQCyA1LkImHzg3QL5ETL7NkZI=,gkLo5hJXGNt867Q5JeP+23Lbo1E=
98,-58,29xQCyA1LkImHzg3QL5ETL7NkZI=,gkLo5hJXGNt867Q5JeP+23Lbo1E=
105,-61,29xQCyA1LkImHzg3QL5ETL7NkZI=,gkLo5hJXGNt867Q5JeP+23Lbo1E=
99,-58,29xQCyA1LkImHzg3QL5ETL7NkZI=,gkLo5hJXGNt867Q5JeP+23Lbo1E=
107,-60,29xQCyA1LkImHzg3QL5ETL7NkZI=,gkLo5hJXGNt867Q5JeP+23Lbo1E=
101,-60,29xQCyA1LkImHzg3QL5ETL7NkZI=,gkLo5hJXGNt867Q5JeP+23Lbo1E=
104,-60,29xQCyA1LkImHzg3QL5ETL7NkZI=,gkLo5hJXGNt867Q5JeP+23Lbo1E=
99,-57,29xQCyA1LkImHzg3QL5ETL7NkZI=,gkLo5hJXGNt867Q5JeP+23Lbo1E=
97,-60,29xQCyA1LkImHzg3QL5ETL7NkZI=,gkLo5hJXGNt867Q5JeP+23Lbo1E=
96,-60,29xQCyA1LkImHzg3QL5ETL7NkZI=,gkLo5hJXGNt867Q5JeP+23Lbo1E=
97,-62,29xQCyA1LkImHzg3QL5ETL7NkZI=,gkLo5hJXGNt867Q5JeP+23Lbo1E=
111,-61,29xQCyA1LkImHzg3QL5ETL7NkZI=,gkLo5hJXGNt867Q5JeP+23Lbo1E=
101,-64,29xQCyA1LkImHzg3QL5ETL7NkZI=,gkLo5hJXGNt867Q5JeP+23Lbo1E=
98,-62,29xQCyA1LkImHzg3QL5ETL7NkZI=,gkLo5hJXGNt867Q5JeP+23Lbo1E=
109,-61,29xQCyA1LkImHzg3QL5ETL7NkZI=,gkLo5hJXGNt867Q5JeP+23Lbo1E=
106,-60,29xQCyA1LkImHzg3QL5ETL7NkZI=,gkLo5hJXGNt867Q5JeP+23Lbo1E=
100,-60,29xQCyA1LkImHzg3QL5ETL7NkZI=,gkLo5hJXGNt867Q5JeP+23Lbo1E=
100,-58,29xQCyA1LkImHzg3QL5ETL7NkZI=,gkLo5hJXGNt867Q5JeP+23Lbo1E=
99,-60,29xQCyA1LkImHzg3QL5ETL7NkZI=,gkLo5hJXGNt867Q5JeP+23Lbo1E=
109,-60,29xQCyA1LkImHzg3QL5ETL7NkZI=,gkLo5hJXGNt867Q5JeP+23Lbo1E=
108,-61,29xQCyA1LkImHzg3QL5ETL7NkZI=,gkLo5hJXGNt867Q5JeP+23Lbo1E=
107,-61,29xQCyA1LkImHzg3QL5ETL7NkZI=,gkLo5hJXGNt867Q5JeP+23Lbo1E=
100,-62,29xQCyA1LkImHzg3QL5ETL7NkZI=,gkLo5hJXGNt867Q5JeP+23Lbo1E=
98,-59,29xQCyA1LkImHzg3QL5ETL7NkZI=,gkLo5hJXGNt867Q5JeP+23Lbo1E=
106,-61,29xQCyA1LkImHzg3QL5ETL7NkZI=,gkLo5hJXGNt867Q5JeP+23Lbo1E=
110,-61,29xQCyA1LkImHzg3QL5ETL7NkZI=,gkLo5hJXGNt867Q5JeP+23Lbo1E=
102,-64,29xQCyA1LkImHzg3QL5ETL7NkZI=,gkLo5hJXGNt867Q5JeP+23Lbo1E=
98,-60,29xQCyA1LkImHzg3QL5ETL7NkZI=,gkLo5hJXGNt867Q5JeP+23Lbo1E=
99,-62,29xQCyA1LkImHzg3QL5ETL7NkZI=,gkLo5hJXGNt867Q5JeP+23Lbo1E=
107,-33,29xQCyA1LkImHzg3QL5ETL7NkZI=,1mKDMJD4v6YQSNelEOyTU0IMvjE=
110,-46,29xQCyA1LkImHzg3QL5ETL7NkZI=,1mKDMJD4v6YQSNelEOyTU0IMvjE=
109,-46,29xQCyA1LkImHzg3QL5ETL7NkZI=,1mKDMJD4v6YQSNelEOyTU0IMvjE=
111,-46,29xQCyA1LkImHzg3QL5ETL7NkZI=,1mKDMJD4v6YQSNelEOyTU0IMvjE=
108,-33,29xQCyA1LkImHzg3QL5ETL7NkZI=,1mKDMJD4v6YQSNelEOyTU0IMvjE=
101,-33,29xQCyA1LkImHzg3QL5ETL7NkZI=,1mKDMJD4v6YQSNelEOyTU0IMvjE=
100,-33,29xQCyA1LkImHzg3QL5ETL7NkZI=,1mKDMJD4v6YQSNelEOyTU0IMvjE=
99,-33,OUW/uLHH2e2h6gIIFXQBuFM5FYI=,1mKDMJD4v6YQSNelEOyTU0IMvjE=
98,-33,OUW/uLHH2e2h6gIIFXQBuFM5FYI=,1mKDMJD4v6YQSNelEOyTU0IMvjE=
102,-33,OUW/uLHH2e2h6gIIFXQBuFM5FYI=,1mKDMJD4v6YQSNelEOyTU0IMvjE=
97,-33,OUW/uLHH2e2h6gIIFXQBuFM5FYI=,1mKDMJD4v6YQSNelEOyTU0IMvjE=
110,-47,OUW/uLHH2e2h6gIIFXQBuFM5FYI=,1mKDMJD4v6YQSNelEOyTU0IMvjE=
111,-47,OUW/uLHH2e2h6gIIFXQBuFM5FYI=,1mKDMJD4v6YQSNelEOyTU0IMvjE=
111,-33,OUW/uLHH2e2h6gIIFXQBuFM5FYI=,1mKDMJD4v6YQSNelEOyTU0IMvjE=
109,-47,OUW/uLHH2e2h6gIIFXQBuFM5FYI=,1mKDMJD4v6YQSNelEOyTU0IMvjE=
96,-33,OUW/uLHH2e2h6gIIFXQBuFM5FYI=,1mKDMJD4v6YQSNelEOyTU0IMvjE=
99,-48,OUW/uLHH2e2h6gIIFXQBuFM5FYI=,1mKDMJD4v6YQSNelEOyTU0IMvjE=
109,-33,OUW/uLHH2e2h6gIIFXQBuFM5FYI=,1mKDMJD4v6YQSNelEOyTU0IMvjE=
96,-45,OUW/uLHH2e2h6gIIFXQBuFM5FYI=,1mKDMJD4v6YQSNelEOyTU0IMvjE=
110,-33,OUW/uLHH2e2h6gIIFXQBuFM5FYI=,1mKDMJD4v6YQSNelEOyTU0IMvjE=
104,-33,OUW/uLHH2e2h6gIIFXQBuFM5FYI=,1mKDMJD4v6YQSNelEOyTU0IMvjE=
106,-33,OUW/uLHH2e2h6gIIFXQBuFM5FYI=,1mKDMJD4v6YQSNelEOyTU0IMvjE=
105,-33,OUW/uLHH2e2h6gIIFXQBuFM5FYI=,1mKDMJD4v6YQSNelEOyTU0IMvjE=
97,-45,OUW/uLHH2e2h6gIIFXQBuFM5FYI=,1mKDMJD4v6YQSNelEOyTU0IMvjE=
103,-33,OUW/uLHH2e2h6gIIFXQBuFM5FYI=,1mKDMJD4v6YQSNelEOyTU0IMvjE=
98,-45,OUW/uLHH2e2h6gIIFXQBuFM5FYI=,1mKDMJD4v6YQSNelEOyTU0IMvjE=
111,-34,OUW/uLHH2e2h6gIIFXQBuFM5FYI=,1mKDMJD4v6YQSNelEOyTU0IMvjE=
108,-47,OUW/uLHH2e2h6gIIFXQBuFM5FYI=,1mKDMJD4v6YQSNelEOyTU0IMvjE=
102,-47,OUW/uLHH2e2h6gIIFXQBuFM5FYI=,1mKDMJD4v6YQSNelEOyTU0IMvjE=
98,-47,OUW/uLHH2e2h6gIIFXQBuFM5FYI=,1mKDMJD4v6YQSNelEOyTU0IMvjE=
103,-47,OUW/uLHH2e2h6gIIFXQBuFM5FYI=,1mKDMJD4v6YQSNelEOyTU0IMvjE=
108,-46,OUW/uLHH2e2h6gIIFXQBuFM5FYI=,1mKDMJD4v6YQSNelEOyTU0IMvjE=
109,-34,OUW/uLHH2e2h6gIIFXQBuFM5FYI=,1mKDMJD4v6YQSNelEOyTU0IMvjE=
107,-47,OUW/uLHH2e2h6gIIFXQBuFM5FYI=,1mKDMJD4v6YQSNelEOyTU0IMvjE=
108,-34,OUW/uLHH2e2h6gIIFXQBuFM5FYI=,1mKDMJD4v6YQSNelEOyTU0IMvjE=
99,-47,OUW/uLHH2e2h6gIIFXQBuFM5FYI=,1mKDMJD4v6YQSNelEOyTU0IMvjE=
110,-34,OUW/uLHH2e2h6gIIFXQBuFM5FYI=,1mKDMJD4v6YQSNelEOyTU0IMvjE=
106,-47,OUW/uLHH2e2h6gIIFXQBuFM5FYI=,1mKDMJD4v6YQSNelEOyTU0IMvjE=
107,-34,OUW/uLHH2e2h6gIIFXQBuFM5FYI=,1mKDMJD4v6YQSNelEOyTU0IMvjE=
102,-34,OUW/uLHH2e2h6gIIFXQBuFM5FYI=,1mKDMJD4v6YQSNelEOyTU0IMvjE=
101,-34,OUW/uLHH2e2h6gIIFXQBuFM5FYI=,1mKDMJD4v6YQSNelEOyTU0IMvjE=
96,-46,OUW/uLHH2e2h6gIIFXQBuFM5FYI=,1mKDMJD4v6YQSNelEOyTU0IMvjE=
100,-34,OUW/uLHH2e2h6gIIFXQBuFM5FYI=,1mKDMJD4v6YQSNelEOyTU0IMvjE=
99,-34,OUW/uLHH2e2h6gIIFXQBuFM5FYI=,1mKDMJD4v6YQSNelEOyTU0IMvjE=
98,-34,OUW/uLHH2e2h6gIIFXQBuFM5FYI=,1mKDMJD4v6YQSNelEOyTU0IMvjE=
97,-34,OUW/uLHH2e2h6gIIFXQBuFM5FYI=,1mKDMJD4v6YQSNelEOyTU0IMvjE=
96,-34,OUW/uLHH2e2h6gIIFXQBuFM5FYI=,1mKDMJD4v6YQSNelEOyTU0IMvjE=
98,-48,OUW/uLHH2e2h6gIIFXQBuFM5FYI=,1mKDMJD4v6YQSNelEOyTU0IMvjE=
104,-34,OUW/uLHH2e2h6gIIFXQBuFM5FYI=,1mKDMJD4v6YQSNelEOyTU0IMvjE=
106,-34,OUW/uLHH2e2h6gIIFXQBuFM5FYI=,1mKDMJD4v6YQSNelEOyTU0IMvjE=
109,-35,OUW/uLHH2e2h6gIIFXQBuFM5FYI=,1mKDMJD4v6YQSNelEOyTU0IMvjE=
111,-48,OUW/uLHH2e2h6gIIFXQBuFM5FYI=,1mKDMJD4v6YQSNelEOyTU0IMvjE=
101,-47,OUW/uLHH2e2h6gIIFXQBuFM5FYI=,1mKDMJD4v6YQSNelEOyTU0IMvjE=
108,-35,OUW/uLHH2e2h6gIIFXQBuFM5FYI=,1mKDMJD4v6YQSNelEOyTU0IMvjE=
105,-34,OUW/uLHH2e2h6gIIFXQBuFM5FYI=,1mKDMJD4v6YQSNelEOyTU0IMvjE=
97,-47,OUW/uLHH2e2h6gIIFXQBuFM5FYI=,1mKDMJD4v6YQSNelEOyTU0IMvjE=
110,-35,OUW/uLHH2e2h6gIIFXQBuFM5FYI=,1mKDMJD4v6YQSNelEOyTU0IMvjE=
111,-35,OUW/uLHH2e2h6gIIFXQBuFM5FYI=,1mKDMJD4v6YQSNelEOyTU0IMvjE=
103,-35,OUW/uLHH2e2h6gIIFXQBuFM5FYI=,1mKDMJD4v6YQSNelEOyTU0IMvjE=
101,-35,OUW/uLHH2e2h6gIIFXQBuFM5FYI=,1mKDMJD4v6YQSNelEOyTU0IMvjE=
102,-35,OUW/uLHH2e2h6gIIFXQBuFM5FYI=,1mKDMJD4v6YQSNelEOyTU0IMvjE=
100,-35,OUW/uLHH2e2h6gIIFXQBuFM5FYI=,1mKDMJD4v6YQSNelEOyTU0IMvjE=
99,-35,OUW/uLHH2e2h6gIIFXQBuFM5FYI=,1mKDMJD4v6YQSNelEOyTU0IMvjE=
98,-35,OUW/uLHH2e2h6gIIFXQBuFM5FYI=,1mKDMJD4v6YQSNelEOyTU0IMvjE=
97,-35,OUW/uLHH2e2h6gIIFXQBuFM5FYI=,1mKDMJD4v6YQSNelEOyTU0IMvjE=
103,-34,OUW/uLHH2e2h6gIIFXQBuFM5FYI=,1mKDMJD4v6YQSNelEOyTU0IMvjE=
96,-35,OUW/uLHH2e2h6gIIFXQBuFM5FYI=,1mKDMJD4v6YQSNelEOyTU0IMvjE=
111,-36,OUW/uLHH2e2h6gIIFXQBuFM5FYI=,1mKDMJD4v6YQSNelEOyTU0IMvjE=
110,-36,OUW/uLHH2e2h6gIIFXQBuFM5FYI=,1mKDMJD4v6YQSNelEOyTU0IMvjE=
110,-48,OUW/uLHH2e2h6gIIFXQBuFM5FYI=,1mKDMJD4v6YQSNelEOyTU0IMvjE=
107,-46,OUW/uLHH2e2h6gIIFXQBuFM5FYI=,1mKDMJD4v6YQSNelEOyTU0IMvjE=
99,-45,OUW/uLHH2e2h6gIIFXQBuFM5FYI=,1mKDMJD4v6YQSNelEOyTU0IMvjE=
104,-35,OUW/uLHH2e2h6gIIFXQBuFM5FYI=,1mKDMJD4v6YQSNelEOyTU0IMvjE=
105,-35,OUW/uLHH2e2h6gIIFXQBuFM5FYI=,1mKDMJD4v6YQSNelEOyTU0IMvjE=
107,-35,OUW/uLHH2e2h6gIIFXQBuFM5FYI=,1mKDMJD4v6YQSNelEOyTU0IMvjE=
109,-36,OUW/uLHH2e2h6gIIFXQBuFM5FYI=,1mKDMJD4v6YQSNelEOyTU0IMvjE=
108,-36,OUW/uLHH2e2h6gIIFXQBuFM5FYI=,1mKDMJD4v6YQSNelEOyTU0IMvjE=
103,-36,OUW/uLHH2e2h6gIIFXQBuFM5FYI=,1mKDMJD4v6YQSNelEOyTU0IMvjE=
102,-36,OUW/uLHH2e2h6gIIFXQBuFM5FYI=,1mKDMJD4v6YQSNelEOyTU0IMvjE=
101,-36,OUW/uLHH2e2h6gIIFXQBuFM5FYI=,1mKDMJD4v6YQSNelEOyTU0IMvjE=
100,-36,OUW/uLHH2e2h6gIIFXQBuFM5FYI=,1mKDMJD4v6YQSNelEOyTU0IMvjE=
99,-36,OUW/uLHH2e2h6gIIFXQBuFM5FYI=,1mKDMJD4v6YQSNelEOyTU0IMvjE=
98,-36,OUW/uLHH2e2h6gIIFXQBuFM5FYI=,1mKDMJD4v6YQSNelEOyTU0IMvjE=
97,-36,OUW/uLHH2e2h6gIIFXQBuFM5FYI=,1mKDMJD4v6YQSNelEOyTU0IMvjE=
96,-36,OUW/uLHH2e2h6gIIFXQBuFM5FYI=,1mKDMJD4v6YQSNelEOyTU0IMvjE=
106,-46,OUW/uLHH2e2h6gIIFXQBuFM5FYI=,1mKDMJD4v6YQSNelEOyTU0IMvjE=
100,-48,OUW/uLHH2e2h6gIIFXQBuFM5FYI=,1mKDMJD4v6YQSNelEOyTU0IMvjE=
110,-37,OUW/uLHH2e2h6gIIFXQBuFM5FYI=,1mKDMJD4v6YQSNelEOyTU0IMvjE=
111,-37,OUW/uLHH2e2h6gIIFXQBuFM5FYI=,1mKDMJD4v6YQSNelEOyTU0IMvjE=
105,-47,OUW/uLHH2e2h6gIIFXQBuFM5FYI=,1mKDMJD4v6YQSNelEOyTU0IMvjE=
105,-36,OUW/uLHH2e2h6gIIFXQBuFM5FYI=,1mKDMJD4v6YQSNelEOyTU0IMvjE=
109,-48,OUW/uLHH2e2h6gIIFXQBuFM5FYI=,1mKDMJD4v6YQSNelEOyTU0IMvjE=
97,-48,OUW/uLHH2e2h6gIIFXQBuFM5FYI=,1mKDMJD4v6YQSNelEOyTU0IMvjE=
104,-36,OUW/uLHH2e2h6gIIFXQBuFM5FYI=,1mKDMJD4v6YQSNelEOyTU0IMvjE=
106,-35,OUW/uLHH2e2h6gIIFXQBuFM5FYI=,1mKDMJD4v6YQSNelEOyTU0IMvjE=
107,-36,OUW/uLHH2e2h6gIIFXQBuFM5FYI=,1mKDMJD4v6YQSNelEOyTU0IMvjE=
103,-37,OUW/uLHH2e2h6gIIFXQBuFM5FYI=,1mKDMJD4v6YQSNelEOyTU0IMvjE=
102,-37,OUW/uLHH2e2h6gIIFXQBuFM5FYI=,1mKDMJD4v6YQSNelEOyTU0IMvjE=
101,-37,OUW/uLHH2e2h6gIIFXQBuFM5FYI=,1mKDMJD4v6YQSNelEOyTU0IMvjE=
99,-37,OUW/uLHH2e2h6gIIFXQBuFM5FYI=,1mKDMJD4v6YQSNelEOyTU0IMvjE=
100,-37,OUW/uLHH2e2h6gIIFXQBuFM5FYI=,1mKDMJD4v6YQSNelEOyTU0IMvjE=
98,-37,OUW/uLHH2e2h6gIIFXQBuFM5FYI=,1mKDMJD4v6YQSNelEOyTU0IMvjE=
97,-37,OUW/uLHH2e2h6gIIFXQBuFM5FYI=,1mKDMJD4v6YQSNelEOyTU0IMvjE=
96,-37,OUW/uLHH2e2h6gIIFXQBuFM5FYI=,1mKDMJD4v6YQSNelEOyTU0IMvjE=
111,-38,OUW/uLHH2e2h6gIIFXQBuFM5FYI=,1mKDMJD4v6YQSNelEOyTU0IMvjE=
110,-38,OUW/uLHH2e2h6gIIFXQBuFM5FYI=,1mKDMJD4v6YQSNelEOyTU0IMvjE=
107,-37,OUW/uLHH2e2h6gIIFXQBuFM5FYI=,1mKDMJD4v6YQSNelEOyTU0IMvjE=
105,-37,OUW/uLHH2e2h6gIIFXQBuFM5FYI=,1mKDMJD4v6YQSNelEOyTU0IMvjE=
109,-37,OUW/uLHH2e2h6gIIFXQBuFM5FYI=,1mKDMJD4v6YQSNelEOyTU0IMvjE=
107,-38,OUW/uLHH2e2h6gIIFXQBuFM5FYI=,1mKDMJD4v6YQSNelEOyTU0IMvjE=
106,-36,OUW/uLHH2e2h6gIIFXQBuFM5FYI=,1mKDMJD4v6YQSNelEOyTU0IMvjE=
106,-37,OUW/uLHH2e2h6gIIFXQBuFM5FYI=,1mKDMJD4v6YQSNelEOyTU0IMvjE=
104,-37,OUW/uLHH2e2h6gIIFXQBuFM5FYI=,1mKDMJD4v6YQSNelEOyTU0IMvjE=
104,-38,OUW/uLHH2e2h6gIIFXQBuFM5FYI=,1mKDMJD4v6YQSNelEOyTU0IMvjE=
103,-38,OUW/uLHH2e2h6gIIFXQBuFM5FYI=,1mKDMJD4v6YQSNelEOyTU0IMvjE=
102,-38,OUW/uLHH2e2h6gIIFXQBuFM5FYI=,1mKDMJD4v6YQSNelEOyTU0IMvjE=
101,-38,OUW/uLHH2e2h6gIIFXQBuFM5FYI=,1mKDMJD4v6YQSNelEOyTU0IMvjE=
100,-38,OUW/uLHH2e2h6gIIFXQBuFM5FYI=,1mKDMJD4v6YQSNelEOyTU0IMvjE=
99,-38,OUW/uLHH2e2h6gIIFXQBuFM5FYI=,1mKDMJD4v6YQSNelEOyTU0IMvjE=
98,-38,OUW/uLHH2e2h6gIIFXQBuFM5FYI=,1mKDMJD4v6YQSNelEOyTU0IMvjE=
97,-38,OUW/uLHH2e2h6gIIFXQBuFM5FYI=,1mKDMJD4v6YQSNelEOyTU0IMvjE=
111,-39,OUW/uLHH2e2h6gIIFXQBuFM5FYI=,1mKDMJD4v6YQSNelEOyTU0IMvjE=
106,-38,OUW/uLHH2e2h6gIIFXQBuFM5FYI=,1mKDMJD4v6YQSNelEOyTU0IMvjE=
96,-38,OUW/uLHH2e2h6gIIFXQBuFM5FYI=,1mKDMJD4v6YQSNelEOyTU0IMvjE=
100,-47,OUW/uLHH2e2h6gIIFXQBuFM5FYI=,1mKDMJD4v6YQSNelEOyTU0IMvjE=
109,-38,OUW/uLHH2e2h6gIIFXQBuFM5FYI=,1mKDMJD4v6YQSNelEOyTU0IMvjE=
110,-39,OUW/uLHH2e2h6gIIFXQBuFM5FYI=,1mKDMJD4v6YQSNelEOyTU0IMvjE=
107,-39,OUW/uLHH2e2h6gIIFXQBuFM5FYI=,1mKDMJD4v6YQSNelEOyTU0IMvjE=
105,-39,OUW/uLHH2e2h6gIIFXQBuFM5FYI=,1mKDMJD4v6YQSNelEOyTU0IMvjE=
100,-45,OUW/uLHH2e2h6gIIFXQBuFM5FYI=,1mKDMJD4v6YQSNelEOyTU0IMvjE=
96,-47,OUW/uLHH2e2h6gIIFXQBuFM5FYI=,1mKDMJD4v6YQSNelEOyTU0IMvjE=
104,-39,OUW/uLHH2e2h6gIIFXQBuFM5FYI=,1mKDMJD4v6YQSNelEOyTU0IMvjE=
103,-39,OUW/uLHH2e2h6gIIFXQBuFM5FYI=,1mKDMJD4v6YQSNelEOyTU0IMvjE=
102,-39,OUW/uLHH2e2h6gIIFXQBuFM5FYI=,1mKDMJD4v6YQSNelEOyTU0IMvjE=
101,-39,OUW/uLHH2e2h6gIIFXQBuFM5FYI=,1mKDMJD4v6YQSNelEOyTU0IMvjE=
99,-39,OUW/uLHH2e2h6gIIFXQBuFM5FYI=,1mKDMJD4v6YQSNelEOyTU0IMvjE=
100,-39,OUW/uLHH2e2h6gIIFXQBuFM5FYI=,1mKDMJD4v6YQSNelEOyTU0IMvjE=
98,-39,OUW/uLHH2e2h6gIIFXQBuFM5FYI=,1mKDMJD4v6YQSNelEOyTU0IMvjE=
108,-37,OUW/uLHH2e2h6gIIFXQBuFM5FYI=,1mKDMJD4v6YQSNelEOyTU0IMvjE=
97,-39,OUW/uLHH2e2h6gIIFXQBuFM5FYI=,1mKDMJD4v6YQSNelEOyTU0IMvjE=
111,-40,OUW/uLHH2e2h6gIIFXQBuFM5FYI=,1mKDMJD4v6YQSNelEOyTU0IMvjE=
96,-39,OUW/uLHH2e2h6gIIFXQBuFM5FYI=,1mKDMJD4v6YQSNelEOyTU0IMvjE=
108,-38,OUW/uLHH2e2h6gIIFXQBuFM5FYI=,1mKDMJD4v6YQSNelEOyTU0IMvjE=
107,-48,OUW/uLHH2e2h6gIIFXQBuFM5FYI=,1mKDMJD4v6YQSNelEOyTU0IMvjE=
104,-47,OUW/uLHH2e2h6gIIFXQBuFM5FYI=,1mKDMJD4v6YQSNelEOyTU0IMvjE=
106,-39,OUW/uLHH2e2h6gIIFXQBuFM5FYI=,1mKDMJD4v6YQSNelEOyTU0IMvjE=
108,-40,OUW/uLHH2e2h6gIIFXQBuFM5FYI=,1mKDMJD4v6YQSNelEOyTU0IMvjE=
105,-40,OUW/uLHH2e2h6gIIFXQBuFM5FYI=,1mKDMJD4v6YQSNelEOyTU0IMvjE=
104,-40,OUW/uLHH2e2h6gIIFXQBuFM5FYI=,1mKDMJD4v6YQSNelEOyTU0IMvjE=
110,-40,OUW/uLHH2e2h6gIIFXQBuFM5FYI=,1mKDMJD4v6YQSNelEOyTU0IMvjE=
103,-40,OUW/uLHH2e2h6gIIFXQBuFM5FYI=,1mKDMJD4v6YQSNelEOyTU0IMvjE=
102,-40,OUW/uLHH2e2h6gIIFXQBuFM5FYI=,1mKDMJD4v6YQSNelEOyTU0IMvjE=
101,-40,OUW/uLHH2e2h6gIIFXQBuFM5FYI=,1mKDMJD4v6YQSNelEOyTU0IMvjE=
105,-46,OUW/uLHH2e2h6gIIFXQBuFM5FYI=,1mKDMJD4v6YQSNelEOyTU0IMvjE=
106,-40,OUW/uLHH2e2h6gIIFXQBuFM5FYI=,1mKDMJD4v6YQSNelEOyTU0IMvjE=
97,-40,OUW/uLHH2e2h6gIIFXQBuFM5FYI=,1mKDMJD4v6YQSNelEOyTU0IMvjE=
98,-40,OUW/uLHH2e2h6gIIFXQBuFM5FYI=,1mKDMJD4v6YQSNelEOyTU0IMvjE=
111,-41,OUW/uLHH2e2h6gIIFXQBuFM5FYI=,1mKDMJD4v6YQSNelEOyTU0IMvjE=
99,-40,OUW/uLHH2e2h6gIIFXQBuFM5FYI=,1mKDMJD4v6YQSNelEOyTU0IMvjE=
108,-39,OUW/uLHH2e2h6gIIFXQBuFM5FYI=,1mKDMJD4v6YQSNelEOyTU0IMvjE=
103,-46,OUW/uLHH2e2h6gIIFXQBuFM5FYI=,1mKDMJD4v6YQSNelEOyTU0IMvjE=
96,-40,OUW/uLHH2e2h6gIIFXQBuFM5FYI=,1mKDMJD4v6YQSNelEOyTU0IMvjE=
107,-41,OUW/uLHH2e2h6gIIFXQBuFM5FYI=,1mKDMJD4v6YQSNelEOyTU0IMvjE=
106,-41,OUW/uLHH2e2h6gIIFXQBuFM5FYI=,1mKDMJD4v6YQSNelEOyTU0IMvjE=
105,-41,OUW/uLHH2e2h6gIIFXQBuFM5FYI=,1mKDMJD4v6YQSNelEOyTU0IMvjE=
104,-41,OUW/uLHH2e2h6gIIFXQBuFM5FYI=,1mKDMJD4v6YQSNelEOyTU0IMvjE=
100,-40,OUW/uLHH2e2h6gIIFXQBuFM5FYI=,1mKDMJD4v6YQSNelEOyTU0IMvjE=
107,-40,OUW/uLHH2e2h6gIIFXQBuFM5FYI=,1mKDMJD4v6YQSNelEOyTU0IMvjE=
102,-41,OUW/uLHH2e2h6gIIFXQBuFM5FYI=,1mKDMJD4v6YQSNelEOyTU0IMvjE=
108,-41,OUW/uLHH2e2h6gIIFXQBuFM5FYI=,1mKDMJD4v6YQSNelEOyTU0IMvjE=
102,-46,OUW/uLHH2e2h6gIIFXQBuFM5FYI=,1mKDMJD4v6YQSNelEOyTU0IMvjE=
110,-41,OUW/uLHH2e2h6gIIFXQBuFM5FYI=,1mKDMJD4v6YQSNelEOyTU0IMvjE=
99,-41,OUW/uLHH2e2h6gIIFXQBuFM5FYI=,1mKDMJD4v6YQSNelEOyTU0IMvjE=
98,-41,OUW/uLHH2e2h6gIIFXQBuFM5FYI=,1mKDMJD4v6YQSNelEOyTU0IMvjE=
101,-45,OUW/uLHH2e2h6gIIFXQBuFM5FYI=,1mKDMJD4v6YQSNelEOyTU0IMvjE=
109,-40,OUW/uLHH2e2h6gIIFXQBuFM5FYI=,1mKDMJD4v6YQSNelEOyTU0IMvjE=
97,-41,OUW/uLHH2e2h6gIIFXQBuFM5FYI=,1mKDMJD4v6YQSNelEOyTU0IMvjE=
111,-42,OUW/uLHH2e2h6gIIFXQBuFM5FYI=,1mKDMJD4v6YQSNelEOyTU0IMvjE=
110,-42,OUW/uLHH2e2h6gIIFXQBuFM5FYI=,1mKDMJD4v6YQSNelEOyTU0IMvjE=
96,-41,OUW/uLHH2e2h6gIIFXQBuFM5FYI=,1mKDMJD4v6YQSNelEOyTU0IMvjE=
105,-38,OUW/uLHH2e2h6gIIFXQBuFM5FYI=,1mKDMJD4v6YQSNelEOyTU0IMvjE=
105,-48,OUW/uLHH2e2h6gIIFXQBuFM5FYI=,1mKDMJD4v6YQSNelEOyTU0IMvjE=
104,-42,OUW/uLHH2e2h6gIIFXQBuFM5FYI=,1mKDMJD4v6YQSNelEOyTU0IMvjE=
100,-41,OUW/uLHH2e2h6gIIFXQBuFM5FYI=,1mKDMJD4v6YQSNelEOyTU0IMvjE=
105,-42,OUW/uLHH2e2h6gIIFXQBuFM5FYI=,1mKDMJD4v6YQSNelEOyTU0IMvjE=
107,-42,OUW/uLHH2e2h6gIIFXQBuFM5FYI=,1mKDMJD4v6YQSNelEOyTU0IMvjE=
102,-45,OUW/uLHH2e2h6gIIFXQBuFM5FYI=,1mKDMJD4v6YQSNelEOyTU0IMvjE=
108,-48,OUW/uLHH2e2h6gIIFXQBuFM5FYI=,1mKDMJD4v6YQSNelEOyTU0IMvjE=
106,-42,OUW/uLHH2e2h6gIIFXQBuFM5FYI=,1mKDMJD4v6YQSNelEOyTU0IMvjE=
104,-46,OUW/uLHH2e2h6gIIFXQBuFM5FYI=,1mKDMJD4v6YQSNelEOyTU0IMvjE=
109,-39,OUW/uLHH2e2h6gIIFXQBuFM5FYI=,1mKDMJD4v6YQSNelEOyTU0IMvjE=
108,-42,OUW/uLHH2e2h6gIIFXQBuFM5FYI=,1mKDMJD4v6YQSNelEOyTU0IMvjE=
109,-41,OUW/uLHH2e2h6gIIFXQBuFM5FYI=,1mKDMJD4v6YQSNelEOyTU0IMvjE=
103,-41,OUW/uLHH2e2h6gIIFXQBuFM5FYI=,1mKDMJD4v6YQSNelEOyTU0IMvjE=
101,-46,OUW/uLHH2e2h6gIIFXQBuFM5FYI=,1mKDMJD4v6YQSNelEOyTU0IMvjE=
99,-42,OUW/uLHH2e2h6gIIFXQBuFM5FYI=,1mKDMJD4v6YQSNelEOyTU0IMvjE=
98,-42,OUW/uLHH2e2h6gIIFXQBuFM5FYI=,1mKDMJD4v6YQSNelEOyTU0IMvjE=
111,-43,OUW/uLHH2e2h6gIIFXQBuFM5FYI=,1mKDMJD4v6YQSNelEOyTU0IMvjE=
110,-43,OUW/uLHH2e2h6gIIFXQBuFM5FYI=,1mKDMJD4v6YQSNelEOyTU0IMvjE=
97,-42,OUW/uLHH2e2h6gIIFXQBuFM5FYI=,1mKDMJD4v6YQSNelEOyTU0IMvjE=
103,-42,OUW/uLHH2e2h6gIIFXQBuFM5FYI=,1mKDMJD4v6YQSNelEOyTU0IMvjE=
96,-48,OUW/uLHH2e2h6gIIFXQBuFM5FYI=,1mKDMJD4v6YQSNelEOyTU0IMvjE=
107,-43,OUW/uLHH2e2h6gIIFXQBuFM5FYI=,1mKDMJD4v6YQSNelEOyTU0IMvjE=
105,-43,OUW/uLHH2e2h6gIIFXQBuFM5FYI=,1mKDMJD4v6YQSNelEOyTU0IMvjE=
104,-43,OUW/uLHH2e2h6gIIFXQBuFM5FYI=,1mKDMJD4v6YQSNelEOyTU0IMvjE=
101,-41,OUW/uLHH2e2h6gIIFXQBuFM5FYI=,1mKDMJD4v6YQSNelEOyTU0IMvjE=
100,-46,OUW/uLHH2e2h6gIIFXQBuFM5FYI=,1mKDMJD4v6YQSNelEOyTU0IMvjE=
109,-43,OUW/uLHH2e2h6gIIFXQBuFM5FYI=,1mKDMJD4v6YQSNelEOyTU0IMvjE=
106,-43,OUW/uLHH2e2h6gIIFXQBuFM5FYI=,1mKDMJD4v6YQSNelEOyTU0IMvjE=
104,-48,OUW/uLHH2e2h6gIIFXQBuFM5FYI=,1mKDMJD4v6YQSNelEOyTU0IMvjE=
100,-42,OUW/uLHH2e2h6gIIFXQBuFM5FYI=,1mKDMJD4v6YQSNelEOyTU0IMvjE=
99,-43,OUW/uLHH2e2h6gIIFXQBuFM5FYI=,1mKDMJD4v6YQSNelEOyTU0IMvjE=
103,-48,OUW/uLHH2e2h6gIIFXQBuFM5FYI=,1mKDMJD4v6YQSNelEOyTU0IMvjE=
98,-43,OUW/uLHH2e2h6gIIFXQBuFM5FYI=,1mKDMJD4v6YQSNelEOyTU0IMvjE=
97,-43,OUW/uLHH2e2h6gIIFXQBuFM5FYI=,1mKDMJD4v6YQSNelEOyTU0IMvjE=
111,-44,OUW/uLHH2e2h6gIIFXQBuFM5FYI=,1mKDMJD4v6YQSNelEOyTU0IMvjE=
99,-46,OUW/uLHH2e2h6gIIFXQBuFM5FYI=,1mKDMJD4v6YQSNelEOyTU0IMvjE=
110,-44,OUW/uLHH2e2h6gIIFXQBuFM5FYI=,1mKDMJD4v6YQSNelEOyTU0IMvjE=
103,-45,OUW/uLHH2e2h6gIIFXQBuFM5FYI=,1mKDMJD4v6YQSNelEOyTU0IMvjE=
102,-48,OUW/uLHH2e2h6gIIFXQBuFM5FYI=,1mKDMJD4v6YQSNelEOyTU0IMvjE=
96,-43,OUW/uLHH2e2h6gIIFXQBuFM5FYI=,1mKDMJD4v6YQSNelEOyTU0IMvjE=
106,-48,OUW/uLHH2e2h6gIIFXQBuFM5FYI=,1mKDMJD4v6YQSNelEOyTU0IMvjE=
101,-42,OUW/uLHH2e2h6gIIFXQBuFM5FYI=,1mKDMJD4v6YQSNelEOyTU0IMvjE=
108,-43,OUW/uLHH2e2h6gIIFXQBuFM5FYI=,1mKDMJD4v6YQSNelEOyTU0IMvjE=
109,-44,OUW/uLHH2e2h6gIIFXQBuFM5FYI=,1mKDMJD4v6YQSNelEOyTU0IMvjE=
107,-44,OUW/uLHH2e2h6gIIFXQBuFM5FYI=,1mKDMJD4v6YQSNelEOyTU0IMvjE=
96,-42,OUW/uLHH2e2h6gIIFXQBuFM5FYI=,1mKDMJD4v6YQSNelEOyTU0IMvjE=
104,-45,OUW/uLHH2e2h6gIIFXQBuFM5FYI=,1mKDMJD4v6YQSNelEOyTU0IMvjE=
109,-42,OUW/uLHH2e2h6gIIFXQBuFM5FYI=,1mKDMJD4v6YQSNelEOyTU0IMvjE=
103,-43,OUW/uLHH2e2h6gIIFXQBuFM5FYI=,1mKDMJD4v6YQSNelEOyTU0IMvjE=
108,-44,OUW/uLHH2e2h6gIIFXQBuFM5FYI=,1mKDMJD4v6YQSNelEOyTU0IMvjE=
100,-43,OUW/uLHH2e2h6gIIFXQBuFM5FYI=,1mKDMJD4v6YQSNelEOyTU0IMvjE=
105,-44,OUW/uLHH2e2h6gIIFXQBuFM5FYI=,1mKDMJD4v6YQSNelEOyTU0IMvjE=
98,-44,OUW/uLHH2e2h6gIIFXQBuFM5FYI=,1mKDMJD4v6YQSNelEOyTU0IMvjE=
97,-44,OUW/uLHH2e2h6gIIFXQBuFM5FYI=,1mKDMJD4v6YQSNelEOyTU0IMvjE=
98,-46,OUW/uLHH2e2h6gIIFXQBuFM5FYI=,1mKDMJD4v6YQSNelEOyTU0IMvjE=
111,-45,OUW/uLHH2e2h6gIIFXQBuFM5FYI=,1mKDMJD4v6YQSNelEOyTU0IMvjE=
105,-45,OUW/uLHH2e2h6gIIFXQBuFM5FYI=,1mKDMJD4v6YQSNelEOyTU0IMvjE=
102,-42,OUW/uLHH2e2h6gIIFXQBuFM5FYI=,1mKDMJD4v6YQSNelEOyTU0IMvjE=
110,-45,OUW/uLHH2e2h6gIIFXQBuFM5FYI=,1mKDMJD4v6YQSNelEOyTU0IMvjE=
109,-45,OUW/uLHH2e2h6gIIFXQBuFM5FYI=,1mKDMJD4v6YQSNelEOyTU0IMvjE=
106,-45,OUW/uLHH2e2h6gIIFXQBuFM5FYI=,1mKDMJD4v6YQSNelEOyTU0IMvjE=
101,-48,OUW/uLHH2e2h6gIIFXQBuFM5FYI=,1mKDMJD4v6YQSNelEOyTU0IMvjE=
96,-44,OUW/uLHH2e2h6gIIFXQBuFM5FYI=,1mKDMJD4v6YQSNelEOyTU0IMvjE=
97,-46,OUW/uLHH2e2h6gIIFXQBuFM5FYI=,1mKDMJD4v6YQSNelEOyTU0IMvjE=
107,-45,OUW/uLHH2e2h6gIIFXQBuFM5FYI=,1mKDMJD4v6YQSNelEOyTU0IMvjE=
99,-44,OUW/uLHH2e2h6gIIFXQBuFM5FYI=,1mKDMJD4v6YQSNelEOyTU0IMvjE=
102,-43,OUW/uLHH2e2h6gIIFXQBuFM5FYI=,1mKDMJD4v6YQSNelEOyTU0IMvjE=
101,-43,OUW/uLHH2e2h6gIIFXQBuFM5FYI=,1mKDMJD4v6YQSNelEOyTU0IMvjE=
104,-44,OUW/uLHH2e2h6gIIFXQBuFM5FYI=,1mKDMJD4v6YQSNelEOyTU0IMvjE=
106,-44,OUW/uLHH2e2h6gIIFXQBuFM5FYI=,1mKDMJD4v6YQSNelEOyTU0IMvjE=
108,-45,OUW/uLHH2e2h6gIIFXQBuFM5FYI=,1mKDMJD4v6YQSNelEOyTU0IMvjE=
103,-44,OUW/uLHH2e2h6gIIFXQBuFM5FYI=,1mKDMJD4v6YQSNelEOyTU0IMvjE=
100,-44,OUW/uLHH2e2h6gIIFXQBuFM5FYI=,1mKDMJD4v6YQSNelEOyTU0IMvjE=
102,-44,OUW/uLHH2e2h6gIIFXQBuFM5FYI=,1mKDMJD4v6YQSNelEOyTU0IMvjE=
101,-44,OUW/uLHH2e2h6gIIFXQBuFM5FYI=,1mKDMJD4v6YQSNelEOyTU0IMvjE=
