21,-80,kZAFHWjpwPCYe57Rj4fKxxrdNmo=,3bgUDcC5Cl1NycEyqaMLGik03Vc=
22,-77,kZAFHWjpwPCYe57Rj4fKxxrdNmo=,3bgUDcC5Cl1NycEyqaMLGik03Vc=
22,-78,kZAFHWjpwPCYe57Rj4fKxxrdNmo=,3bgUDcC5Cl1NycEyqaMLGik03Vc=
21,-78,kZAFHWjpwPCYe57Rj4fKxxrdNmo=,3bgUDcC5Cl1NycEyqaMLGik03Vc=
23,-77,kZAFHWjpwPCYe57Rj4fKxxrdNmo=,3bgUDcC5Cl1NycEyqaMLGik03Vc=
24,-77,kZAFHWjpwPCYe57Rj4fKxxrdNmo=,3bgUDcC5Cl1NycEyqaMLGik03Vc=
21,-77,kZAFHWjpwPCYe57Rj4fKxxrdNmo=,3bgUDcC5Cl1NycEyqaMLGik03Vc=
25,-77,kZAFHWjpwPCYe57Rj4fKxxrdNmo=,3bgUDcC5Cl1NycEyqaMLGik03Vc=
26,-77,kZAFHWjpwPCYe57Rj4fKxxrdNmo=,3bgUDcC5Cl1NycEyqaMLGik03Vc=
28,-77,kZAFHWjpwPCYe57Rj4fKxxrdNmo=,3bgUDcC5Cl1NycEyqaMLGik03Vc=
29,-77,kZAFHWjpwPCYe57Rj4fKxxrdNmo=,3bgUDcC5Cl1NycEyqaMLGik03Vc=
27,-77,kZAFHWjpwPCYe57Rj4fKxxrdNmo=,3bgUDcC5Cl1NycEyqaMLGik03Vc=
19,-80,kZAFHWjpwPCYe57Rj4fKxxrdNmo=,3bgUDcC5Cl1NycEyqaMLGik03Vc=
30,-77,kZAFHWjpwPCYe57Rj4fKxxrdNmo=,3bgUDcC5Cl1NycEyqaMLGik03Vc=
22,-79,kZAFHWjpwPCYe57Rj4fKxxrdNmo=,3bgUDcC5Cl1NycEyqaMLGik03Vc=
31,-77,kZAFHWjpwPCYe57Rj4fKxxrdNmo=,3bgUDcC5Cl1NycEyqaMLGik03Vc=
16,-76,kZAFHWjpwPCYe57Rj4fKxxrdNmo=,3bgUDcC5Cl1NycEyqaMLGik03Vc=
23,-78,kZAFHWjpwPCYe57Rj4fKxxrdNmo=,3bgUDcC5Cl1NycEyqaMLGik03Vc=
22,-80,kZAFHWjpwPCYe57Rj4fKxxrdNmo=,3bgUDcC5Cl1NycEyqaMLGik03Vc=
17,-76,kZAFHWjpwPCYe57Rj4fKxxrdNmo=,3bgUDcC5Cl1NycEyqaMLGik03Vc=
18,-76,kZAFHWjpwPCYe57Rj4fKxxrdNmo=,3bgUDcC5Cl1NycEyqaMLGik03Vc=
19,-76,kZAFHWjpwPCYe57Rj4fKxxrdNmo=,3bgUDcC5Cl1NycEyqaMLGik03Vc=
20,-76,kZAFHWjpwPCYe57Rj4fKxxrdNmo=,3bgUDcC5Cl1NycEyqaMLGik03Vc=
22,-76,kZAFHWjpwPCYe57Rj4fKxxrdNmo=,3bgUDcC5Cl1NycEyqaMLGik03Vc=
21,-76,kZAFHWjpwPCYe57Rj4fKxxrdNmo=,3bgUDcC5Cl1NycEyqaMLGik03Vc=
23,-76,kZAFHWjpwPCYe57Rj4fKxxrdNmo=,3bgUDcC5Cl1NycEyqaMLGik03Vc=
24,-76,kZAFHWjpwPCYe57Rj4fKxxrdNmo=,3bgUDcC5Cl1NycEyqaMLGik03Vc=
25,-76,kZAFHWjpwPCYe57Rj4fKxxrdNmo=,3bgUDcC5Cl1NycEyqaMLGik03Vc=
26,-76,kZAFHWjpwPCYe57Rj4fKxxrdNmo=,3bgUDcC5Cl1NycEyqaMLGik03Vc=
27,-76,kZAFHWjpwPCYe57Rj4fKxxrdNmo=,3bgUDcC5Cl1NycEyqaMLGik03Vc=
28,-76,kZAFHWjpwPCYe57Rj4fKxxrdNmo=,3bgUDcC5Cl1NycEyqaMLGik03Vc=
29,-76,kZAFHWjpwPCYe57Rj4fKxxrdNmo=,3bgUDcC5Cl1NycEyqaMLGik03Vc=
30,-76,kZAFHWjpwPCYe57Rj4fKxxrdNmo=,3bgUDcC5Cl1NycEyqaMLGik03Vc=
23,-79,kZAFHWjpwPCYe57Rj4fKxxrdNmo=,3bgUDcC5Cl1NycEyqaMLGik03Vc=
31,-76,kZAFHWjpwPCYe57Rj4fKxxrdNmo=,3bgUDcC5Cl1NycEyqaMLGik03Vc=
16,-75,kZAFHWjpwPCYe57Rj4fKxxrdNmo=,3bgUDcC5Cl1NycEyqaMLGik03Vc=
24,-78,kZAFHWjpwPCYe57Rj4fKxxrdNmo=,3bgUDcC5Cl1NycEyqaMLGik03Vc=
23,-80,kZAFHWjpwPCYe57Rj4fKxxrdNmo=,3bgUDcC5Cl1NycEyqaMLGik03Vc=
20,-77,kZAFHWjpwPCYe57Rj4fKxxrdNmo=,3bgUDcC5Cl1NycEyqaMLGik03Vc=
17,-75,kZAFHWjpwPCYe57Rj4fKxxrdNmo=,3bgUDcC5Cl1NycEyqaMLGik03Vc=
19,-75,kZAFHWjpwPCYe57Rj4fKxxrdNmo=,3bgUDcC5Cl1NycEyqaMLGik03Vc=
18,-75,kZAFHWjpwPCYe57Rj4fKxxrdNmo=,3bgUDcC5Cl1NycEyqaMLGik03Vc=
19,-77,kZAFHWjpwPCYe57Rj4fKxxrdNmo=,3bgUDcC5Cl1NycEyqaMLGik03Vc=
20,-75,kZAFHWjpwPCYe57Rj4fKxxrdNmo=,3bgUDcC5Cl1NycEyqaMLGik03Vc=
21,-79,kZAFHWjpwPCYe57Rj4fKxxrdNmo=,3bgUDcC5Cl1NycEyqaMLGik03Vc=
21,-75,kZAFHWjpwPCYe57Rj4fKxxrdNmo=,3bgUDcC5Cl1NycEyqaMLGik03Vc=
22,-75,kZAFHWjpwPCYe57Rj4fKxxrdNmo=,3bgUDcC5Cl1NycEyqaMLGik03Vc=
20,-79,kZAFHWjpwPCYe57Rj4fKxxrdNmo=,3bgUDcC5Cl1NycEyqaMLGik03Vc=
23,-75,kZAFHWjpwPCYe57Rj4fKxxrdNmo=,3bgUDcC5Cl1NycEyqaMLGik03Vc=
17,-80,kZAFHWjpwPCYe57Rj4fKxxrdNmo=,3bgUDcC5Cl1NycEyqaMLGik03Vc=
24,-75,kZAFHWjpwPCYe57Rj4fKxxrdNmo=,3bgUDcC5Cl1NycEyqaMLGik03Vc=
25,-75,kZAFHWjpwPCYe57Rj4fKxxrdNmo=,3bgUDcC5Cl1NycEyqaMLGik03Vc=
26,-75,kZAFHWjpwPCYe57Rj4fKxxrdNmo=,3bgUDcC5Cl1NycEyqaMLGik03Vc=
27,-75,kZAFHWjpwPCYe57Rj4fKxxrdNmo=,3bgUDcC5Cl1NycEyqaMLGik03Vc=
28,-75,kZAFHWjpwPCYe57Rj4fKxxrdNmo=,3bgUDcC5Cl1NycEyqaMLGik03Vc=
29,-75,kZAFHWjpwPCYe57Rj4fKxxrdNmo=,3bgUDcC5Cl1NycEyqaMLGik03Vc=
30,-75,kZAFHWjpwPCYe57Rj4fKxxrdNmo=,3bgUDcC5Cl1NycEyqaMLGik03Vc=
24,-79,kZAFHWjpwPCYe57Rj4fKxxrdNmo=,3bgUDcC5Cl1NycEyqaMLGik03Vc=
31,-75,kZAFHWjpwPCYe57Rj4fKxxrdNmo=,3bgUDcC5Cl1NycEyqaMLGik03Vc=
16,-74,kZAFHWjpwPCYe57Rj4fKxxrdNmo=,3bgUDcC5Cl1NycEyqaMLGik03Vc=
25,-78,kZAFHWjpwPCYe57Rj4fKxxrdNmo=,3bgUDcC5Cl1NycEyqaMLGik03Vc=
24,-80,kZAFHWjpwPCYe57Rj4fKxxrdNmo=,3bgUDcC5Cl1NycEyqaMLGik03Vc=
17,-74,kZAFHWjpwPCYe57Rj4fKxxrdNmo=,3bgUDcC5Cl1NycEyqaMLGik03Vc=
19,-74,kZAFHWjpwPCYe57Rj4fKxxrdNmo=,3bgUDcC5Cl1NycEyqaMLGik03Vc=
18,-74,kZAFHWjpwPCYe57Rj4fKxxrdNmo=,3bgUDcC5Cl1NycEyqaMLGik03Vc=
18,-77,kZAFHWjpwPCYe57Rj4fKxxrdNmo=,3bgUDcC5Cl1NycEyqaMLGik03Vc=
20,-74,kZAFHWjpwPCYe57Rj4fKxxrdNmo=,3bgUDcC5Cl1NycEyqaMLGik03Vc=
21,-74,kZAFHWjpwPCYe57Rj4fKxxrdNmo=,3bgUDcC5Cl1NycEyqaMLGik03Vc=
20,-78,kZAFHWjpwPCYe57Rj4fKxxrdNmo=,3bgUDcC5Cl1NycEyqaMLGik03Vc=
23,-74,kZAFHWjpwPCYe57Rj4fKxxrdNmo=,3bgUDcC5Cl1NycEyqaMLGik03Vc=
22,-74,kZAFHWjpwPCYe57Rj4fKxxrdNmo=,3bgUDcC5Cl1NycEyqaMLGik03Vc=
25,-74,kZAFHWjpwPCYe57Rj4fKxxrdNmo=,3bgUDcC5Cl1NycEyqaMLGik03Vc=
26,-74,kZAFHWjpwPCYe57Rj4fKxxrdNmo=,3bgUDcC5Cl1NycEyqaMLGik03Vc=
27,-74,kZAFHWjpwPCYe57Rj4fKxxrdNmo=,3bgUDcC5Cl1NycEyqaMLGik03Vc=
24,-74,kZAFHWjpwPCYe57Rj4fKxxrdNmo=,3bgUDcC5Cl1NycEyqaMLGik03Vc=
28,-74,kZAFHWjpwPCYe57Rj4fKxxrdNmo=,3bgUDcC5Cl1NycEyqaMLGik03Vc=
29,-74,kZAFHWjpwPCYe57Rj4fKxxrdNmo=,3bgUDcC5Cl1NycEyqaMLGik03Vc=
30,-74,kZAFHWjpwPCYe57Rj4fKxxrdNmo=,3bgUDcC5Cl1NycEyqaMLGik03Vc=
31,-74,kZAFHWjpwPCYe57Rj4fKxxrdNmo=,3bgUDcC5Cl1NycEyqaMLGik03Vc=
17,-77,kZAFHWjpwPCYe57Rj4fKxxrdNmo=,3bgUDcC5Cl1NycEyqaMLGik03Vc=
16,-73,kZAFHWjpwPCYe57Rj4fKxxrdNmo=,3bgUDcC5Cl1NycEyqaMLGik03Vc=
26,-78,kZAFHWjpwPCYe57Rj4fKxxrdNmo=,3bgUDcC5Cl1NycEyqaMLGik03Vc=
25,-79,kZAFHWjpwPCYe57Rj4fKxxrdNmo=,3bgUDcC5Cl1NycEyqaMLGik03Vc=
20,-80,kZAFHWjpwPCYe57Rj4fKxxrdNmo=,3bgUDcC5Cl1NycEyqaMLGik03Vc=
19,-78,kZAFHWjpwPCYe57Rj4fKxxrdNmo=,3bgUDcC5Cl1NycEyqaMLGik03Vc=
25,-80,kZAFHWjpwPCYe57Rj4fKxxrdNmo=,3bgUDcC5Cl1NycEyqaMLGik03Vc=
31,-66,kZAFHWjpwPCYe57Rj4fKxxrdNmo=,3bgUDcC5Cl1NycEyqaMLGik03Vc=
17,-73,kZAFHWjpwPCYe57Rj4fKxxrdNmo=,3bgUDcC5Cl1NycEyqaMLGik03Vc=
30,-66,kZAFHWjpwPCYe57Rj4fKxxrdNmo=,3bgUDcC5Cl1NycEyqaMLGik03Vc=
29,-66,kZAFHWjpwPCYe57Rj4fKxxrdNmo=,3bgUDcC5Cl1NycEyqaMLGik03Vc=
18,-73,kZAFHWjpwPCYe57Rj4fKxxrdNmo=,3bgUDcC5Cl1NycEyqaMLGik03Vc=
27,-66,kZAFHWjpwPCYe57Rj4fKxxrdNmo=,3bgUDcC5Cl1NycEyqaMLGik03Vc=
26,-66,kZAFHWjpwPCYe57Rj4fKxxrdNmo=,3bgUDcC5Cl1NycEyqaMLGik03Vc=
28,-66,kZAFHWjpwPCYe57Rj4fKxxrdNmo=,3bgUDcC5Cl1NycEyqaMLGik03Vc=
19,-73,kZAFHWjpwPCYe57Rj4fKxxrdNmo=,3bgUDcC5Cl1NycEyqaMLGik03Vc=
25,-66,kZAFHWjpwPCYe57Rj4fKxxrdNmo=,3bgUDcC5Cl1NycEyqaMLGik03Vc=
24,-66,kZAFHWjpwPCYe57Rj4fKxxrdNmo=,3bgUDcC5Cl1NycEyqaMLGik03Vc=
20,-73,kZAFHWjpwPCYe57Rj4fKxxrdNmo=,3bgUDcC5Cl1NycEyqaMLGik03Vc=
21,-73,kZAFHWjpwPCYe57Rj4fKxxrdNmo=,3bgUDcC5Cl1NycEyqaMLGik03Vc=
23,-66,kZAFHWjpwPCYe57Rj4fKxxrdNmo=,3bgUDcC5Cl1NycEyqaMLGik03Vc=
22,-73,kZAFHWjpwPCYe57Rj4fKxxrdNmo=,3bgUDcC5Cl1NycEyqaMLGik03Vc=
22,-66,kZAFHWjpwPCYe57Rj4fKxxrdNmo=,3bgUDcC5Cl1NycEyqaMLGik03Vc=
23,-73,kZAFHWjpwPCYe57Rj4fKxxrdNmo=,3bgUDcC5Cl1NycEyqaMLGik03Vc=
21,-66,kZAFHWjpwPCYe57Rj4fKxxrdNmo=,3bgUDcC5Cl1NycEyqaMLGik03Vc=
20,-66,kZAFHWjpwPCYe57Rj4fKxxrdNmo=,3bgUDcC5Cl1NycEyqaMLGik03Vc=
24,-73,kZAFHWjpwPCYe57Rj4fKxxrdNmo=,3bgUDcC5Cl1NycEyqaMLGik03Vc=
25,-73,kZAFHWjpwPCYe57Rj4fKxxrdNmo=,3bgUDcC5Cl1NycEyqaMLGik03Vc=
26,-73,kZAFHWjpwPCYe57Rj4fKxxrdNmo=,3bgUDcC5Cl1NycEyqaMLGik03Vc=
27,-73,kZAFHWjpwPCYe57Rj4fKxxrdNmo=,3bgUDcC5Cl1NycEyqaMLGik03Vc=
28,-73,kZAFHWjpwPCYe57Rj4fKxxrdNmo=,3bgUDcC5Cl1NycEyqaMLGik03Vc=
17,-66,kZAFHWjpwPCYe57Rj4fKxxrdNmo=,3bgUDcC5Cl1NycEyqaMLGik03Vc=
19,-79,kZAFHWjpwPCYe57Rj4fKxxrdNmo=,3bgUDcC5Cl1NycEyqaMLGik03Vc=
18,-78,kZAFHWjpwPCYe57Rj4fKxxrdNmo=,3bgUDcC5Cl1NycEyqaMLGik03Vc=
29,-73,kZAFHWjpwPCYe57Rj4fKxxrdNmo=,3bgUDcC5Cl1NycEyqaMLGik03Vc=
30,-73,kZAFHWjpwPCYe57Rj4fKxxrdNmo=,3bgUDcC5Cl1NycEyqaMLGik03Vc=
31,-67,kZAFHWjpwPCYe57Rj4fKxxrdNmo=,3bgUDcC5Cl1NycEyqaMLGik03Vc=
16,-66,kZAFHWjpwPCYe57Rj4fKxxrdNmo=,3bgUDcC5Cl1NycEyqaMLGik03Vc=
30,-67,kZAFHWjpwPCYe57Rj4fKxxrdNmo=,3bgUDcC5Cl1NycEyqaMLGik03Vc=
29,-67,kZAFHWjpwPCYe57Rj4fKxxrdNmo=,3bgUDcC5Cl1NycEyqaMLGik03Vc=
31,-73,kZAFHWjpwPCYe57Rj4fKxxrdNmo=,3bgUDcC5Cl1NycEyqaMLGik03Vc=
28,-67,kZAFHWjpwPCYe57Rj4fKxxrdNmo=,3bgUDcC5Cl1NycEyqaMLGik03Vc=
27,-67,kZAFHWjpwPCYe57Rj4fKxxrdNmo=,3bgUDcC5Cl1NycEyqaMLGik03Vc=
26,-67,kZAFHWjpwPCYe57Rj4fKxxrdNmo=,3bgUDcC5Cl1NycEyqaMLGik03Vc=
26,-79,kZAFHWjpwPCYe57Rj4fKxxrdNmo=,3bgUDcC5Cl1NycEyqaMLGik03Vc=
16,-72,kZAFHWjpwPCYe57Rj4fKxxrdNmo=,3bgUDcC5Cl1NycEyqaMLGik03Vc=
27,-78,kZAFHWjpwPCYe57Rj4fKxxrdNmo=,3bgUDcC5Cl1NycEyqaMLGik03Vc=
26,-80,kZAFHWjpwPCYe57Rj4fKxxrdNmo=,3bgUDcC5Cl1NycEyqaMLGik03Vc=
17,-72,kZAFHWjpwPCYe57Rj4fKxxrdNmo=,3bgUDcC5Cl1NycEyqaMLGik03Vc=
18,-72,kZAFHWjpwPCYe57Rj4fKxxrdNmo=,3bgUDcC5Cl1NycEyqaMLGik03Vc=
19,-72,kZAFHWjpwPCYe57Rj4fKxxrdNmo=,3bgUDcC5Cl1NycEyqaMLGik03Vc=
25,-67,kZAFHWjpwPCYe57Rj4fKxxrdNmo=,3bgUDcC5Cl1NycEyqaMLGik03Vc=
20,-72,kZAFHWjpwPCYe57Rj4fKxxrdNmo=,3bgUDcC5Cl1NycEyqaMLGik03Vc=
24,-67,kZAFHWjpwPCYe57Rj4fKxxrdNmo=,3bgUDcC5Cl1NycEyqaMLGik03Vc=
16,-80,kZAFHWjpwPCYe57Rj4fKxxrdNmo=,3bgUDcC5Cl1NycEyqaMLGik03Vc=
21,-72,kZAFHWjpwPCYe57Rj4fKxxrdNmo=,3bgUDcC5Cl1NycEyqaMLGik03Vc=
21,-67,kZAFHWjpwPCYe57Rj4fKxxrdNmo=,3bgUDcC5Cl1NycEyqaMLGik03Vc=
23,-67,kZAFHWjpwPCYe57Rj4fKxxrdNmo=,3bgUDcC5Cl1NycEyqaMLGik03Vc=
22,-67,kZAFHWjpwPCYe57Rj4fKxxrdNmo=,3bgUDcC5Cl1NycEyqaMLGik03Vc=
23,-72,kZAFHWjpwPCYe57Rj4fKxxrdNmo=,3bgUDcC5Cl1NycEyqaMLGik03Vc=
22,-72,kZAFHWjpwPCYe57Rj4fKxxrdNmo=,3bgUDcC5Cl1NycEyqaMLGik03Vc=
24,-72,kZAFHWjpwPCYe57Rj4fKxxrdNmo=,3bgUDcC5Cl1NycEyqaMLGik03Vc=
25,-72,kZAFHWjpwPCYe57Rj4fKxxrdNmo=,3bgUDcC5Cl1NycEyqaMLGik03Vc=
20,-67,kZAFHWjpwPCYe57Rj4fKxxrdNmo=,3bgUDcC5Cl1NycEyqaMLGik03Vc=
26,-72,kZAFHWjpwPCYe57Rj4fKxxrdNmo=,3bgUDcC5Cl1NycEyqaMLGik03Vc=
27,-72,kZAFHWjpwPCYe57Rj4fKxxrdNmo=,3bgUDcC5Cl1NycEyqaMLGik03Vc=
19,-67,kZAFHWjpwPCYe57Rj4fKxxrdNmo=,3bgUDcC5Cl1NycEyqaMLGik03Vc=
28,-72,kZAFHWjpwPCYe57Rj4fKxxrdNmo=,3bgUDcC5Cl1NycEyqaMLGik03Vc=
29,-72,kZAFHWjpwPCYe57Rj4fKxxrdNmo=,3bgUDcC5Cl1NycEyqaMLGik03Vc=
30,-72,kZAFHWjpwPCYe57Rj4fKxxrdNmo=,3bgUDcC5Cl1NycEyqaMLGik03Vc=
17,-67,kZAFHWjpwPCYe57Rj4fKxxrdNmo=,3bgUDcC5Cl1NycEyqaMLGik03Vc=
31,-72,kZAFHWjpwPCYe57Rj4fKxxrdNmo=,3bgUDcC5Cl1NycEyqaMLGik03Vc=
27,-79,kZAFHWjpwPCYe57Rj4fKxxrdNmo=,3bgUDcC5Cl1NycEyqaMLGik03Vc=
18,-79,kZAFHWjpwPCYe57Rj4fKxxrdNmo=,3bgUDcC5Cl1NycEyqaMLGik03Vc=
16,-71,kZAFHWjpwPCYe57Rj4fKxxrdNmo=,3bgUDcC5Cl1NycEyqaMLGik03Vc=
17,-78,kZAFHWjpwPCYe57Rj4fKxxrdNmo=,3bgUDcC5Cl1NycEyqaMLGik03Vc=
28,-78,kZAFHWjpwPCYe57Rj4fKxxrdNmo=,3bgUDcC5Cl1NycEyqaMLGik03Vc=
16,-67,kZAFHWjpwPCYe57Rj4fKxxrdNmo=,3bgUDcC5Cl1NycEyqaMLGik03Vc=
31,-68,kZAFHWjpwPCYe57Rj4fKxxrdNmo=,3bgUDcC5Cl1NycEyqaMLGik03Vc=
27,-80,kZAFHWjpwPCYe57Rj4fKxxrdNmo=,3bgUDcC5Cl1NycEyqaMLGik03Vc=
30,-68,kZAFHWjpwPCYe57Rj4fKxxrdNmo=,3bgUDcC5Cl1NycEyqaMLGik03Vc=
29,-68,kZAFHWjpwPCYe57Rj4fKxxrdNmo=,3bgUDcC5Cl1NycEyqaMLGik03Vc=
17,-71,kZAFHWjpwPCYe57Rj4fKxxrdNmo=,3bgUDcC5Cl1NycEyqaMLGik03Vc=
28,-68,kZAFHWjpwPCYe57Rj4fKxxrdNmo=,3bgUDcC5Cl1NycEyqaMLGik03Vc=
18,-71,kZAFHWjpwPCYe57Rj4fKxxrdNmo=,3bgUDcC5Cl1NycEyqaMLGik03Vc=
19,-71,kZAFHWjpwPCYe57Rj4fKxxrdNmo=,3bgUDcC5Cl1NycEyqaMLGik03Vc=
20,-71,kZAFHWjpwPCYe57Rj4fKxxrdNmo=,3bgUDcC5Cl1NycEyqaMLGik03Vc=
21,-71,kZAFHWjpwPCYe57Rj4fKxxrdNmo=,3bgUDcC5Cl1NycEyqaMLGik03Vc=
22,-71,kZAFHWjpwPCYe57Rj4fKxxrdNmo=,3bgUDcC5Cl1NycEyqaMLGik03Vc=
23,-71,kZAFHWjpwPCYe57Rj4fKxxrdNmo=,3bgUDcC5Cl1NycEyqaMLGik03Vc=
24,-71,kZAFHWjpwPCYe57Rj4fKxxrdNmo=,3bgUDcC5Cl1NycEyqaMLGik03Vc=
26,-71,kZAFHWjpwPCYe57Rj4fKxxrdNmo=,3bgUDcC5Cl1NycEyqaMLGik03Vc=
25,-71,kZAFHWjpwPCYe57Rj4fKxxrdNmo=,3bgUDcC5Cl1NycEyqaMLGik03Vc=
27,-71,kZAFHWjpwPCYe57Rj4fKxxrdNmo=,3bgUDcC5Cl1NycEyqaMLGik03Vc=
28,-71,kZAFHWjpwPCYe57Rj4fKxxrdNmo=,3bgUDcC5Cl1NycEyqaMLGik03Vc=
29,-71,kZAFHWjpwPCYe57Rj4fKxxrdNmo=,3bgUDcC5Cl1NycEyqaMLGik03Vc=
30,-71,kZAFHWjpwPCYe57Rj4fKxxrdNmo=,3bgUDcC5Cl1NycEyqaMLGik03Vc=
31,-71,kZAFHWjpwPCYe57Rj4fKxxrdNmo=,3bgUDcC5Cl1NycEyqaMLGik03Vc=
28,-79,kZAFHWjpwPCYe57Rj4fKxxrdNmo=,3bgUDcC5Cl1NycEyqaMLGik03Vc=
16,-70,kZAFHWjpwPCYe57Rj4fKxxrdNmo=,3bgUDcC5Cl1NycEyqaMLGik03Vc=
29,-78,kZAFHWjpwPCYe57Rj4fKxxrdNmo=,3bgUDcC5Cl1NycEyqaMLGik03Vc=
28,-80,kZAFHWjpwPCYe57Rj4fKxxrdNmo=,3bgUDcC5Cl1NycEyqaMLGik03Vc=
17,-70,kZAFHWjpwPCYe57Rj4fKxxrdNmo=,3bgUDcC5Cl1NycEyqaMLGik03Vc=
19,-70,kZAFHWjpwPCYe57Rj4fKxxrdNmo=,3bgUDcC5Cl1NycEyqaMLGik03Vc=
20,-70,kZAFHWjpwPCYe57Rj4fKxxrdNmo=,3bgUDcC5Cl1NycEyqaMLGik03Vc=
22,-70,kZAFHWjpwPCYe57Rj4fKxxrdNmo=,3bgUDcC5Cl1NycEyqaMLGik03Vc=
21,-70,kZAFHWjpwPCYe57Rj4fKxxrdNmo=,3bgUDcC5Cl1NycEyqaMLGik03Vc=
18,-70,kZAFHWjpwPCYe57Rj4fKxxrdNmo=,3bgUDcC5Cl1NycEyqaMLGik03Vc=
23,-70,kZAFHWjpwPCYe57Rj4fKxxrdNmo=,3bgUDcC5Cl1NycEyqaMLGik03Vc=
24,-70,kZAFHWjpwPCYe57Rj4fKxxrdNmo=,3bgUDcC5Cl1NycEyqaMLGik03Vc=
25,-70,kZAFHWjpwPCYe57Rj4fKxxrdNmo=,3bgUDcC5Cl1NycEyqaMLGik03Vc=
26,-70,kZAFHWjpwPCYe57Rj4fKxxrdNmo=,3bgUDcC5Cl1NycEyqaMLGik03Vc=
27,-70,kZAFHWjpwPCYe57Rj4fKxxrdNmo=,3bgUDcC5Cl1NycEyqaMLGik03Vc=
28,-70,kZAFHWjpwPCYe57Rj4fKxxrdNmo=,3bgUDcC5Cl1NycEyqaMLGik03Vc=
27,-68,kZAFHWjpwPCYe57Rj4fKxxrdNmo=,3bgUDcC5Cl1NycEyqaMLGik03Vc=
29,-70,kZAFHWjpwPCYe57Rj4fKxxrdNmo=,3bgUDcC5Cl1NycEyqaMLGik03Vc=
31,-70,kZAFHWjpwPCYe57Rj4fKxxrdNmo=,3bgUDcC5Cl1NycEyqaMLGik03Vc=
30,-70,kZAFHWjpwPCYe57Rj4fKxxrdNmo=,3bgUDcC5Cl1NycEyqaMLGik03Vc=
29,-79,kZAFHWjpwPCYe57Rj4fKxxrdNmo=,3bgUDcC5Cl1NycEyqaMLGik03Vc=
30,-78,kZAFHWjpwPCYe57Rj4fKxxrdNmo=,3bgUDcC5Cl1NycEyqaMLGik03Vc=
16,-69,kZAFHWjpwPCYe57Rj4fKxxrdNmo=,3bgUDcC5Cl1NycEyqaMLGik03Vc=
29,-80,kZAFHWjpwPCYe57Rj4fKxxrdNmo=,3bgUDcC5Cl1NycEyqaMLGik03Vc=
17,-69,kZAFHWjpwPCYe57Rj4fKxxrdNmo=,3bgUDcC5Cl1NycEyqaMLGik03Vc=
18,-69,kZAFHWjpwPCYe57Rj4fKxxrdNmo=,3bgUDcC5Cl1NycEyqaMLGik03Vc=
26,-68,kZAFHWjpwPCYe57Rj4fKxxrdNmo=,3bgUDcC5Cl1NycEyqaMLGik03Vc=
19,-69,kZAFHWjpwPCYe57Rj4fKxxrdNmo=,3bgUDcC5Cl1NycEyqaMLGik03Vc=
25,-68,kZAFHWjpwPCYe57Rj4fKxxrdNmo=,3bgUDcC5Cl1NycEyqaMLGik03Vc=
20,-69,kZAFHWjpwPCYe57Rj4fKxxrdNmo=,3bgUDcC5Cl1NycEyqaMLGik03Vc=
21,-69,kZAFHWjpwPCYe57Rj4fKxxrdNmo=,3bgUDcC5Cl1NycEyqaMLGik03Vc=
22,-69,kZAFHWjpwPCYe57Rj4fKxxrdNmo=,3bgUDcC5Cl1NycEyqaMLGik03Vc=
23,-69,kZAFHWjpwPCYe57Rj4fKxxrdNmo=,3bgUDcC5Cl1NycEyqaMLGik03Vc=
24,-69,kZAFHWjpwPCYe57Rj4fKxxrdNmo=,3bgUDcC5Cl1NycEyqaMLGik03Vc=
25,-69,kZAFHWjpwPCYe57Rj4fKxxrdNmo=,3bgUDcC5Cl1NycEyqaMLGik03Vc=
26,-69,kZAFHWjpwPCYe57Rj4fKxxrdNmo=,3bgUDcC5Cl1NycEyqaMLGik03Vc=
24,-68,kZAFHWjpwPCYe57Rj4fKxxrdNmo=,3bgUDcC5Cl1NycEyqaMLGik03Vc=
27,-69,kZAFHWjpwPCYe57Rj4fKxxrdNmo=,3bgUDcC5Cl1NycEyqaMLGik03Vc=
23,-68,kZAFHWjpwPCYe57Rj4fKxxrdNmo=,3bgUDcC5Cl1NycEyqaMLGik03Vc=
28,-69,kZAFHWjpwPCYe57Rj4fKxxrdNmo=,3bgUDcC5Cl1NycEyqaMLGik03Vc=
22,-68,kZAFHWjpwPCYe57Rj4fKxxrdNmo=,3bgUDcC5Cl1NycEyqaMLGik03Vc=
29,-69,kZAFHWjpwPCYe57Rj4fKxxrdNmo=,3bgUDcC5Cl1NycEyqaMLGik03Vc=
21,-68,kZAFHWjpwPCYe57Rj4fKxxrdNmo=,3bgUDcC5Cl1NycEyqaMLGik03Vc=
30,-69,kZAFHWjpwPCYe57Rj4fKxxrdNmo=,3bgUDcC5Cl1NycEyqaMLGik03Vc=
20,-68,kZAFHWjpwPCYe57Rj4fKxxrdNmo=,3bgUDcC5Cl1NycEyqaMLGik03Vc=
30,-79,kZAFHWjpwPCYe57Rj4fKxxrdNmo=,3bgUDcC5Cl1NycEyqaMLGik03Vc=
19,-68,kZAFHWjpwPCYe57Rj4fKxxrdNmo=,3bgUDcC5Cl1NycEyqaMLGik03Vc=
31,-69,kZAFHWjpwPCYe57Rj4fKxxrdNmo=,3bgUDcC5Cl1NycEyqaMLGik03Vc=
18,-68,kZAFHWjpwPCYe57Rj4fKxxrdNmo=,3bgUDcC5Cl1NycEyqaMLGik03Vc=
31,-79,kZAFHWjpwPCYe57Rj4fKxxrdNmo=,3bgUDcC5Cl1NycEyqaMLGik03Vc=
17,-68,kZAFHWjpwPCYe57Rj4fKxxrdNmo=,3bgUDcC5Cl1NycEyqaMLGik03Vc=
16,-78,kZAFHWjpwPCYe57Rj4fKxxrdNmo=,3bgUDcC5Cl1NycEyqaMLGik03Vc=
31,-78,kZAFHWjpwPCYe57Rj4fKxxrdNmo=,3bgUDcC5Cl1NycEyqaMLGik03Vc=
17,-79,kZAFHWjpwPCYe57Rj4fKxxrdNmo=,3bgUDcC5Cl1NycEyqaMLGik03Vc=
16,-77,kZAFHWjpwPCYe57Rj4fKxxrdNmo=,3bgUDcC5Cl1NycEyqaMLGik03Vc=
16,-68,kZAFHWjpwPCYe57Rj4fKxxrdNmo=,3bgUDcC5Cl1NycEyqaMLGik03Vc=
30,-80,kZAFHWjpwPCYe57Rj4fKxxrdNmo=,3bgUDcC5Cl1NycEyqaMLGik03Vc=
18,-80,kZAFHWjpwPCYe57Rj4fKxxrdNmo=,3bgUDcC5Cl1NycEyqaMLGik03Vc=
31,-80,kZAFHWjpwPCYe57Rj4fKxxrdNmo=,3bgUDcC5Cl1NycEyqaMLGik03Vc=
16,-79,kZAFHWjpwPCYe57Rj4fKxxrdNmo=,3bgUDcC5Cl1NycEyqaMLGik03Vc=
31,-65,kZAFHWjpwPCYe57Rj4fKxxrdNmo=,3bgUDcC5Cl1NycEyqaMLGik03Vc=
29,-65,kZAFHWjpwPCYe57Rj4fKxxrdNmo=,3bgUDcC5Cl1NycEyqaMLGik03Vc=
30,-65,kZAFHWjpwPCYe57Rj4fKxxrdNmo=,3bgUDcC5Cl1NycEyqaMLGik03Vc=
28,-65,kZAFHWjpwPCYe57Rj4fKxxrdNmo=,3bgUDcC5Cl1NycEyqaMLGik03Vc=
27,-65,kZAFHWjpwPCYe57Rj4fKxxrdNmo=,3bgUDcC5Cl1NycEyqaMLGik03Vc=
26,-65,kZAFHWjpwPCYe57Rj4fKxxrdNmo=,3bgUDcC5Cl1NycEyqaMLGik03Vc=
24,-65,kZAFHWjpwPCYe57Rj4fKxxrdNmo=,3bgUDcC5Cl1NycEyqaMLGik03Vc=
23,-65,kZAFHWjpwPCYe57Rj4fKxxrdNmo=,3bgUDcC5Cl1NycEyqaMLGik03Vc=
25,-65,kZAFHWjpwPCYe57Rj4fKxxrdNmo=,3bgUDcC5Cl1NycEyqaMLGik03Vc=
22,-65,kZAFHWjpwPCYe57Rj4fKxxrdNmo=,3bgUDcC5Cl1NycEyqaMLGik03Vc=
21,-65,kZAFHWjpwPCYe57Rj4fKxxrdNmo=,3bgUDcC5Cl1NycEyqaMLGik03Vc=
16,-65,kZAFHWjpwPCYe57Rj4fKxxrdNmo=,3bgUDcC5Cl1NycEyqaMLGik03Vc=
18,-66,kZAFHWjpwPCYe57Rj4fKxxrdNmo=,3bgUDcC5Cl1NycEyqaMLGik03Vc=
19,-66,kZAFHWjpwPCYe57Rj4fKxxrdNmo=,3bgUDcC5Cl1NycEyqaMLGik03Vc=
18,-67,kZAFHWjpwPCYe57Rj4fKxxrdNmo=,3bgUDcC5Cl1NycEyqaMLGik03Vc=
19,-65,kZAFHWjpwPCYe57Rj4fKxxrdNmo=,3bgUDcC5Cl1NycEyqaMLGik03Vc=
18,-65,kZAFHWjpwPCYe57Rj4fKxxrdNmo=,3bgUDcC5Cl1NycEyqaMLGik03Vc=
17,-65,kZAFHWjpwPCYe57Rj4fKxxrdNmo=,3bgUDcC5Cl1NycEyqaMLGik03Vc=
20,-65,kZAFHWjpwPCYe57Rj4fKxxrdNmo=,3bgUDcC5Cl1NycEyqaMLGik03Vc=
5,-80,P42aFikcoRRM0h9gkMS+xkYRz+4=,wF6Y/AtyQ2d8NXZEYrmty3movao=
8,-77,P42aFikcoRRM0h9gkMS+xkYRz+4=,wF6Y/AtyQ2d8NXZEYrmty3movao=
7,-77,P42aFikcoRRM0h9gkMS+xkYRz+4=,wF6Y/AtyQ2d8NXZEYrmty3movao=
9,-77,P42aFikcoRRM0h9gkMS+xkYRz+4=,wF6Y/AtyQ2d8NXZEYrmty3movao=
10,-77,P42aFikcoRRM0h9gkMS+xkYRz+4=,wF6Y/AtyQ2d8NXZEYrmty3movao=
11,-77,P42aFikcoRRM0h9gkMS+xkYRz+4=,wF6Y/AtyQ2d8NXZEYrmty3movao=
12,-77,P42aFikcoRRM0h9gkMS+xkYRz+4=,wF6Y/AtyQ2d8NXZEYrmty3movao=
13,-77,P42aFikcoRRM0h9gkMS+xkYRz+4=,wF6Y/AtyQ2d8NXZEYrmty3movao=
6,-77,P42aFikcoRRM0h9gkMS+xkYRz+4=,wF6Y/AtyQ2d8NXZEYrmty3movao=
15,-77,P42aFikcoRRM0h9gkMS+xkYRz+4=,wF6Y/AtyQ2d8NXZEYrmty3movao=
6,-79,P42aFikcoRRM0h9gkMS+xkYRz+4=,wF6Y/AtyQ2d8NXZEYrmty3movao=
14,-77,P42aFikcoRRM0h9gkMS+xkYRz+4=,wF6Y/AtyQ2d8NXZEYrmty3movao=
6,-80,P42aFikcoRRM0h9gkMS+xkYRz+4=,wF6Y/AtyQ2d8NXZEYrmty3movao=
0,-76,P42aFikcoRRM0h9gkMS+xkYRz+4=,wF6Y/AtyQ2d8NXZEYrmty3movao=
1,-76,P42aFikcoRRM0h9gkMS+xkYRz+4=,wF6Y/AtyQ2d8NXZEYrmty3movao=
2,-76,P42aFikcoRRM0h9gkMS+xkYRz+4=,wF6Y/AtyQ2d8NXZEYrmty3movao=
7,-78,P42aFikcoRRM0h9gkMS+xkYRz+4=,wF6Y/AtyQ2d8NXZEYrmty3movao=
4,-76,P42aFikcoRRM0h9gkMS+xkYRz+4=,wF6Y/AtyQ2d8NXZEYrmty3movao=
6,-78,P42aFikcoRRM0h9gkMS+xkYRz+4=,wF6Y/AtyQ2d8NXZEYrmty3movao=
5,-76,P42aFikcoRRM0h9gkMS+xkYRz+4=,wF6Y/AtyQ2d8NXZEYrmty3movao=
3,-76,P42aFikcoRRM0h9gkMS+xkYRz+4=,wF6Y/AtyQ2d8NXZEYrmty3movao=
6,-76,P42aFikcoRRM0h9gkMS+xkYRz+4=,wF6Y/AtyQ2d8NXZEYrmty3movao=
7,-76,P42aFikcoRRM0h9gkMS+xkYRz+4=,wF6Y/AtyQ2d8NXZEYrmty3movao=
5,-78,P42aFikcoRRM0h9gkMS+xkYRz+4=,wF6Y/AtyQ2d8NXZEYrmty3movao=
8,-76,P42aFikcoRRM0h9gkMS+xkYRz+4=,wF6Y/AtyQ2d8NXZEYrmty3movao=
9,-76,P42aFikcoRRM0h9gkMS+xkYRz+4=,wF6Y/AtyQ2d8NXZEYrmty3movao=
10,-76,P42aFikcoRRM0h9gkMS+xkYRz+4=,wF6Y/AtyQ2d8NXZEYrmty3movao=
11,-76,P42aFikcoRRM0h9gkMS+xkYRz+4=,wF6Y/AtyQ2d8NXZEYrmty3movao=
12,-76,P42aFikcoRRM0h9gkMS+xkYRz+4=,wF6Y/AtyQ2d8NXZEYrmty3movao=
13,-76,P42aFikcoRRM0h9gkMS+xkYRz+4=,wF6Y/AtyQ2d8NXZEYrmty3movao=
14,-76,P42aFikcoRRM0h9gkMS+xkYRz+4=,wF6Y/AtyQ2d8NXZEYrmty3movao=
15,-76,P42aFikcoRRM0h9gkMS+xkYRz+4=,wF6Y/AtyQ2d8NXZEYrmty3movao=
8,-78,P42aFikcoRRM0h9gkMS+xkYRz+4=,wF6Y/AtyQ2d8NXZEYrmty3movao=
7,-80,P42aFikcoRRM0h9gkMS+xkYRz+4=,wF6Y/AtyQ2d8NXZEYrmty3movao=
0,-75,P42aFikcoRRM0h9gkMS+xkYRz+4=,wF6Y/AtyQ2d8NXZEYrmty3movao=
7,-79,P42aFikcoRRM0h9gkMS+xkYRz+4=,wF6Y/AtyQ2d8NXZEYrmty3movao=
1,-75,P42aFikcoRRM0h9gkMS+xkYRz+4=,wF6Y/AtyQ2d8NXZEYrmty3movao=
2,-75,P42aFikcoRRM0h9gkMS+xkYRz+4=,wF6Y/AtyQ2d8NXZEYrmty3movao=
3,-75,P42aFikcoRRM0h9gkMS+xkYRz+4=,wF6Y/AtyQ2d8NXZEYrmty3movao=
4,-75,P42aFikcoRRM0h9gkMS+xkYRz+4=,wF6Y/AtyQ2d8NXZEYrmty3movao=
5,-75,P42aFikcoRRM0h9gkMS+xkYRz+4=,wF6Y/AtyQ2d8NXZEYrmty3movao=
6,-75,P42aFikcoRRM0h9gkMS+xkYRz+4=,wF6Y/AtyQ2d8NXZEYrmty3movao=
7,-75,P42aFikcoRRM0h9gkMS+xkYRz+4=,wF6Y/AtyQ2d8NXZEYrmty3movao=
8,-75,P42aFikcoRRM0h9gkMS+xkYRz+4=,wF6Y/AtyQ2d8NXZEYrmty3movao=
9,-75,P42aFikcoRRM0h9gkMS+xkYRz+4=,wF6Y/AtyQ2d8NXZEYrmty3movao=
10,-75,P42aFikcoRRM0h9gkMS+xkYRz+4=,wF6Y/AtyQ2d8NXZEYrmty3movao=
11,-75,P42aFikcoRRM0h9gkMS+xkYRz+4=,wF6Y/AtyQ2d8NXZEYrmty3movao=
12,-75,P42aFikcoRRM0h9gkMS+xkYRz+4=,wF6Y/AtyQ2d8NXZEYrmty3movao=
13,-75,P42aFikcoRRM0h9gkMS+xkYRz+4=,wF6Y/AtyQ2d8NXZEYrmty3movao=
14,-75,P42aFikcoRRM0h9gkMS+xkYRz+4=,wF6Y/AtyQ2d8NXZEYrmty3movao=
15,-75,P42aFikcoRRM0h9gkMS+xkYRz+4=,wF6Y/AtyQ2d8NXZEYrmty3movao=
8,-79,P42aFikcoRRM0h9gkMS+xkYRz+4=,wF6Y/AtyQ2d8NXZEYrmty3movao=
9,-78,P42aFikcoRRM0h9gkMS+xkYRz+4=,wF6Y/AtyQ2d8NXZEYrmty3movao=
8,-80,P42aFikcoRRM0h9gkMS+xkYRz+4=,wF6Y/AtyQ2d8NXZEYrmty3movao=
0,-74,P42aFikcoRRM0h9gkMS+xkYRz+4=,wF6Y/AtyQ2d8NXZEYrmty3movao=
1,-74,P42aFikcoRRM0h9gkMS+xkYRz+4=,wF6Y/AtyQ2d8NXZEYrmty3movao=
2,-74,P42aFikcoRRM0h9gkMS+xkYRz+4=,wF6Y/AtyQ2d8NXZEYrmty3movao=
3,-74,P42aFikcoRRM0h9gkMS+xkYRz+4=,wF6Y/AtyQ2d8NXZEYrmty3movao=
4,-74,P42aFikcoRRM0h9gkMS+xkYRz+4=,wF6Y/AtyQ2d8NXZEYrmty3movao=
5,-74,P42aFikcoRRM0h9gkMS+xkYRz+4=,wF6Y/AtyQ2d8NXZEYrmty3movao=
5,-77,P42aFikcoRRM0h9gkMS+xkYRz+4=,wF6Y/AtyQ2d8NXZEYrmty3movao=
6,-74,P42aFikcoRRM0h9gkMS+xkYRz+4=,wF6Y/AtyQ2d8NXZEYrmty3movao=
3,-80,P42aFikcoRRM0h9gkMS+xkYRz+4=,wF6Y/AtyQ2d8NXZEYrmty3movao=
7,-74,P42aFikcoRRM0h9gkMS+xkYRz+4=,wF6Y/AtyQ2d8NXZEYrmty3movao=
8,-74,P42aFikcoRRM0h9gkMS+xkYRz+4=,wF6Y/AtyQ2d8NXZEYrmty3movao=
9,-74,P42aFikcoRRM0h9gkMS+xkYRz+4=,wF6Y/AtyQ2d8NXZEYrmty3movao=
10,-74,P42aFikcoRRM0h9gkMS+xkYRz+4=,wF6Y/AtyQ2d8NXZEYrmty3movao=
11,-74,P42aFikcoRRM0h9gkMS+xkYRz+4=,wF6Y/AtyQ2d8NXZEYrmty3movao=
12,-74,P42aFikcoRRM0h9gkMS+xkYRz+4=,wF6Y/AtyQ2d8NXZEYrmty3movao=
13,-74,P42aFikcoRRM0h9gkMS+xkYRz+4=,wF6Y/AtyQ2d8NXZEYrmty3movao=
14,-74,P42aFikcoRRM0h9gkMS+xkYRz+4=,wF6Y/AtyQ2d8NXZEYrmty3movao=
9,-79,P42aFikcoRRM0h9gkMS+xkYRz+4=,wF6Y/AtyQ2d8NXZEYrmty3movao=
15,-74,P42aFikcoRRM0h9gkMS+xkYRz+4=,wF6Y/AtyQ2d8NXZEYrmty3movao=
10,-78,P42aFikcoRRM0h9gkMS+xkYRz+4=,wF6Y/AtyQ2d8NXZEYrmty3movao=
9,-80,P42aFikcoRRM0h9gkMS+xkYRz+4=,wF6Y/AtyQ2d8NXZEYrmty3movao=
0,-73,P42aFikcoRRM0h9gkMS+xkYRz+4=,wF6Y/AtyQ2d8NXZEYrmty3movao=
1,-73,P42aFikcoRRM0h9gkMS+xkYRz+4=,wF6Y/AtyQ2d8NXZEYrmty3movao=
2,-73,P42aFikcoRRM0h9gkMS+xkYRz+4=,wF6Y/AtyQ2d8NXZEYrmty3movao=
3,-73,P42aFikcoRRM0h9gkMS+xkYRz+4=,wF6Y/AtyQ2d8NXZEYrmty3movao=
4,-73,P42aFikcoRRM0h9gkMS+xkYRz+4=,wF6Y/AtyQ2d8NXZEYrmty3movao=
5,-73,P42aFikcoRRM0h9gkMS+xkYRz+4=,wF6Y/AtyQ2d8NXZEYrmty3movao=
6,-73,P42aFikcoRRM0h9gkMS+xkYRz+4=,wF6Y/AtyQ2d8NXZEYrmty3movao=
7,-73,P42aFikcoRRM0h9gkMS+xkYRz+4=,wF6Y/AtyQ2d8NXZEYrmty3movao=
8,-73,P42aFikcoRRM0h9gkMS+xkYRz+4=,wF6Y/AtyQ2d8NXZEYrmty3movao=
9,-73,P42aFikcoRRM0h9gkMS+xkYRz+4=,wF6Y/AtyQ2d8NXZEYrmty3movao=
10,-73,P42aFikcoRRM0h9gkMS+xkYRz+4=,wF6Y/AtyQ2d8NXZEYrmty3movao=
11,-73,P42aFikcoRRM0h9gkMS+xkYRz+4=,wF6Y/AtyQ2d8NXZEYrmty3movao=
12,-73,P42aFikcoRRM0h9gkMS+xkYRz+4=,wF6Y/AtyQ2d8NXZEYrmty3movao=
13,-73,P42aFikcoRRM0h9gkMS+xkYRz+4=,wF6Y/AtyQ2d8NXZEYrmty3movao=
14,-73,P42aFikcoRRM0h9gkMS+xkYRz+4=,wF6Y/AtyQ2d8NXZEYrmty3movao=
10,-79,P42aFikcoRRM0h9gkMS+xkYRz+4=,wF6Y/AtyQ2d8NXZEYrmty3movao=
15,-73,P42aFikcoRRM0h9gkMS+xkYRz+4=,wF6Y/AtyQ2d8NXZEYrmty3movao=
11,-78,P42aFikcoRRM0h9gkMS+xkYRz+4=,wF6Y/AtyQ2d8NXZEYrmty3movao=
10,-80,P42aFikcoRRM0h9gkMS+xkYRz+4=,wF6Y/AtyQ2d8NXZEYrmty3movao=
0,-72,P42aFikcoRRM0h9gkMS+xkYRz+4=,wF6Y/AtyQ2d8NXZEYrmty3movao=
1,-72,P42aFikcoRRM0h9gkMS+xkYRz+4=,wF6Y/AtyQ2d8NXZEYrmty3movao=
2,-72,P42aFikcoRRM0h9gkMS+xkYRz+4=,wF6Y/AtyQ2d8NXZEYrmty3movao=
4,-72,P42aFikcoRRM0h9gkMS+xkYRz+4=,wF6Y/AtyQ2d8NXZEYrmty3movao=
3,-72,P42aFikcoRRM0h9gkMS+xkYRz+4=,wF6Y/AtyQ2d8NXZEYrmty3movao=
5,-72,P42aFikcoRRM0h9gkMS+xkYRz+4=,wF6Y/AtyQ2d8NXZEYrmty3movao=
6,-72,P42aFikcoRRM0h9gkMS+xkYRz+4=,wF6Y/AtyQ2d8NXZEYrmty3movao=
7,-72,P42aFikcoRRM0h9gkMS+xkYRz+4=,wF6Y/AtyQ2d8NXZEYrmty3movao=
8,-72,P42aFikcoRRM0h9gkMS+xkYRz+4=,wF6Y/AtyQ2d8NXZEYrmty3movao=
9,-72,P42aFikcoRRM0h9gkMS+xkYRz+4=,wF6Y/AtyQ2d8NXZEYrmty3movao=
10,-72,P42aFikcoRRM0h9gkMS+xkYRz+4=,wF6Y/AtyQ2d8NXZEYrmty3movao=
11,-72,P42aFikcoRRM0h9gkMS+xkYRz+4=,wF6Y/AtyQ2d8NXZEYrmty3movao=
12,-72,P42aFikcoRRM0h9gkMS+xkYRz+4=,wF6Y/AtyQ2d8NXZEYrmty3movao=
13,-72,P42aFikcoRRM0h9gkMS+xkYRz+4=,wF6Y/AtyQ2d8NXZEYrmty3movao=
14,-72,P42aFikcoRRM0h9gkMS+xkYRz+4=,wF6Y/AtyQ2d8NXZEYrmty3movao=
11,-79,P42aFikcoRRM0h9gkMS+xkYRz+4=,wF6Y/AtyQ2d8NXZEYrmty3movao=
15,-72,P42aFikcoRRM0h9gkMS+xkYRz+4=,wF6Y/AtyQ2d8NXZEYrmty3movao=
12,-78,P42aFikcoRRM0h9gkMS+xkYRz+4=,wF6Y/AtyQ2d8NXZEYrmty3movao=
11,-80,P42aFikcoRRM0h9gkMS+xkYRz+4=,wF6Y/AtyQ2d8NXZEYrmty3movao=
0,-71,P42aFikcoRRM0h9gkMS+xkYRz+4=,wF6Y/AtyQ2d8NXZEYrmty3movao=
1,-71,P42aFikcoRRM0h9gkMS+xkYRz+4=,wF6Y/AtyQ2d8NXZEYrmty3movao=
2,-71,P42aFikcoRRM0h9gkMS+xkYRz+4=,wF6Y/AtyQ2d8NXZEYrmty3movao=
3,-71,P42aFikcoRRM0h9gkMS+xkYRz+4=,wF6Y/AtyQ2d8NXZEYrmty3movao=
4,-71,P42aFikcoRRM0h9gkMS+xkYRz+4=,wF6Y/AtyQ2d8NXZEYrmty3movao=
5,-71,P42aFikcoRRM0h9gkMS+xkYRz+4=,wF6Y/AtyQ2d8NXZEYrmty3movao=
6,-71,P42aFikcoRRM0h9gkMS+xkYRz+4=,wF6Y/AtyQ2d8NXZEYrmty3movao=
7,-71,P42aFikcoRRM0h9gkMS+xkYRz+4=,wF6Y/AtyQ2d8NXZEYrmty3movao=
8,-71,P42aFikcoRRM0h9gkMS+xkYRz+4=,wF6Y/AtyQ2d8NXZEYrmty3movao=
9,-71,P42aFikcoRRM0h9gkMS+xkYRz+4=,wF6Y/AtyQ2d8NXZEYrmty3movao=
10,-71,P42aFikcoRRM0h9gkMS+xkYRz+4=,wF6Y/AtyQ2d8NXZEYrmty3movao=
11,-71,P42aFikcoRRM0h9gkMS+xkYRz+4=,wF6Y/AtyQ2d8NXZEYrmty3movao=
12,-71,P42aFikcoRRM0h9gkMS+xkYRz+4=,wF6Y/AtyQ2d8NXZEYrmty3movao=
13,-71,P42aFikcoRRM0h9gkMS+xkYRz+4=,wF6Y/AtyQ2d8NXZEYrmty3movao=
14,-71,P42aFikcoRRM0h9gkMS+xkYRz+4=,wF6Y/AtyQ2d8NXZEYrmty3movao=
12,-79,P42aFikcoRRM0h9gkMS+xkYRz+4=,wF6Y/AtyQ2d8NXZEYrmty3movao=
15,-71,P42aFikcoRRM0h9gkMS+xkYRz+4=,wF6Y/AtyQ2d8NXZEYrmty3movao=
13,-78,P42aFikcoRRM0h9gkMS+xkYRz+4=,wF6Y/AtyQ2d8NXZEYrmty3movao=
12,-80,P42aFikcoRRM0h9gkMS+xkYRz+4=,wF6Y/AtyQ2d8NXZEYrmty3movao=
0,-70,P42aFikcoRRM0h9gkMS+xkYRz+4=,wF6Y/AtyQ2d8NXZEYrmty3movao=
1,-70,P42aFikcoRRM0h9gkMS+xkYRz+4=,wF6Y/AtyQ2d8NXZEYrmty3movao=
2,-70,P42aFikcoRRM0h9gkMS+xkYRz+4=,wF6Y/AtyQ2d8NXZEYrmty3movao=
3,-70,P42aFikcoRRM0h9gkMS+xkYRz+4=,wF6Y/AtyQ2d8NXZEYrmty3movao=
4,-70,P42aFikcoRRM0h9gkMS+xkYRz+4=,wF6Y/AtyQ2d8NXZEYrmty3movao=
5,-70,P42aFikcoRRM0h9gkMS+xkYRz+4=,wF6Y/AtyQ2d8NXZEYrmty3movao=
6,-70,P42aFikcoRRM0h9gkMS+xkYRz+4=,wF6Y/AtyQ2d8NXZEYrmty3movao=
7,-70,P42aFikcoRRM0h9gkMS+xkYRz+4=,wF6Y/AtyQ2d8NXZEYrmty3movao=
8,-70,P42aFikcoRRM0h9gkMS+xkYRz+4=,wF6Y/AtyQ2d8NXZEYrmty3movao=
9,-70,P42aFikcoRRM0h9gkMS+xkYRz+4=,wF6Y/AtyQ2d8NXZEYrmty3movao=
10,-70,P42aFikcoRRM0h9gkMS+xkYRz+4=,wF6Y/AtyQ2d8NXZEYrmty3movao=
11,-70,P42aFikcoRRM0h9gkMS+xkYRz+4=,wF6Y/AtyQ2d8NXZEYrmty3movao=
12,-70,P42aFikcoRRM0h9gkMS+xkYRz+4=,wF6Y/AtyQ2d8NXZEYrmty3movao=
13,-70,P42aFikcoRRM0h9gkMS+xkYRz+4=,wF6Y/AtyQ2d8NXZEYrmty3movao=
14,-70,P42aFikcoRRM0h9gkMS+xkYRz+4=,wF6Y/AtyQ2d8NXZEYrmty3movao=
4,-77,P42aFikcoRRM0h9gkMS+xkYRz+4=,wF6Y/AtyQ2d8NXZEYrmty3movao=
13,-79,P42aFikcoRRM0h9gkMS+xkYRz+4=,wF6Y/AtyQ2d8NXZEYrmty3movao=
15,-70,P42aFikcoRRM0h9gkMS+xkYRz+4=,wF6Y/AtyQ2d8NXZEYrmty3movao=
13,-80,P42aFikcoRRM0h9gkMS+xkYRz+4=,wF6Y/AtyQ2d8NXZEYrmty3movao=
14,-78,P42aFikcoRRM0h9gkMS+xkYRz+4=,wF6Y/AtyQ2d8NXZEYrmty3movao=
3,-69,P42aFikcoRRM0h9gkMS+xkYRz+4=,wF6Y/AtyQ2d8NXZEYrmty3movao=
4,-69,P42aFikcoRRM0h9gkMS+xkYRz+4=,wF6Y/AtyQ2d8NXZEYrmty3movao=
5,-69,P42aFikcoRRM0h9gkMS+xkYRz+4=,wF6Y/AtyQ2d8NXZEYrmty3movao=
6,-69,P42aFikcoRRM0h9gkMS+xkYRz+4=,wF6Y/AtyQ2d8NXZEYrmty3movao=
7,-69,P42aFikcoRRM0h9gkMS+xkYRz+4=,wF6Y/AtyQ2d8NXZEYrmty3movao=
8,-69,P42aFikcoRRM0h9gkMS+xkYRz+4=,wF6Y/AtyQ2d8NXZEYrmty3movao=
9,-69,P42aFikcoRRM0h9gkMS+xkYRz+4=,wF6Y/AtyQ2d8NXZEYrmty3movao=
3,-77,P42aFikcoRRM0h9gkMS+xkYRz+4=,wF6Y/AtyQ2d8NXZEYrmty3movao=
11,-69,P42aFikcoRRM0h9gkMS+xkYRz+4=,wF6Y/AtyQ2d8NXZEYrmty3movao=
10,-69,P42aFikcoRRM0h9gkMS+xkYRz+4=,wF6Y/AtyQ2d8NXZEYrmty3movao=
5,-79,P42aFikcoRRM0h9gkMS+xkYRz+4=,wF6Y/AtyQ2d8NXZEYrmty3movao=
12,-69,P42aFikcoRRM0h9gkMS+xkYRz+4=,wF6Y/AtyQ2d8NXZEYrmty3movao=
4,-79,P42aFikcoRRM0h9gkMS+xkYRz+4=,wF6Y/AtyQ2d8NXZEYrmty3movao=
13,-69,P42aFikcoRRM0h9gkMS+xkYRz+4=,wF6Y/AtyQ2d8NXZEYrmty3movao=
2,-77,P42aFikcoRRM0h9gkMS+xkYRz+4=,wF6Y/AtyQ2d8NXZEYrmty3movao=
14,-69,P42aFikcoRRM0h9gkMS+xkYRz+4=,wF6Y/AtyQ2d8NXZEYrmty3movao=
1,-80,P42aFikcoRRM0h9gkMS+xkYRz+4=,wF6Y/AtyQ2d8NXZEYrmty3movao=
15,-69,P42aFikcoRRM0h9gkMS+xkYRz+4=,wF6Y/AtyQ2d8NXZEYrmty3movao=
4,-78,P42aFikcoRRM0h9gkMS+xkYRz+4=,wF6Y/AtyQ2d8NXZEYrmty3movao=
14,-79,P42aFikcoRRM0h9gkMS+xkYRz+4=,wF6Y/AtyQ2d8NXZEYrmty3movao=
15,-79,P42aFikcoRRM0h9gkMS+xkYRz+4=,wF6Y/AtyQ2d8NXZEYrmty3movao=
4,-80,P42aFikcoRRM0h9gkMS+xkYRz+4=,wF6Y/AtyQ2d8NXZEYrmty3movao=
15,-78,P42aFikcoRRM0h9gkMS+xkYRz+4=,wF6Y/AtyQ2d8NXZEYrmty3movao=
1,-77,P42aFikcoRRM0h9gkMS+xkYRz+4=,wF6Y/AtyQ2d8NXZEYrmty3movao=
14,-80,P42aFikcoRRM0h9gkMS+xkYRz+4=,wF6Y/AtyQ2d8NXZEYrmty3movao=
15,-66,P42aFikcoRRM0h9gkMS+xkYRz+4=,wF6Y/AtyQ2d8NXZEYrmty3movao=
2,-80,P42aFikcoRRM0h9gkMS+xkYRz+4=,wF6Y/AtyQ2d8NXZEYrmty3movao=
3,-78,P42aFikcoRRM0h9gkMS+xkYRz+4=,wF6Y/AtyQ2d8NXZEYrmty3movao=
0,-78,P42aFikcoRRM0h9gkMS+xkYRz+4=,wF6Y/AtyQ2d8NXZEYrmty3movao=
14,-66,P42aFikcoRRM0h9gkMS+xkYRz+4=,wF6Y/AtyQ2d8NXZEYrmty3movao=
15,-80,P42aFikcoRRM0h9gkMS+xkYRz+4=,wF6Y/AtyQ2d8NXZEYrmty3movao=
13,-66,P42aFikcoRRM0h9gkMS+xkYRz+4=,wF6Y/AtyQ2d8NXZEYrmty3movao=
0,-77,P42aFikcoRRM0h9gkMS+xkYRz+4=,wF6Y/AtyQ2d8NXZEYrmty3movao=
0,-79,P42aFikcoRRM0h9gkMS+xkYRz+4=,wF6Y/AtyQ2d8NXZEYrmty3movao=
12,-66,P42aFikcoRRM0h9gkMS+xkYRz+4=,wF6Y/AtyQ2d8NXZEYrmty3movao=
1,-79,P42aFikcoRRM0h9gkMS+xkYRz+4=,wF6Y/AtyQ2d8NXZEYrmty3movao=
11,-66,P42aFikcoRRM0h9gkMS+xkYRz+4=,wF6Y/AtyQ2d8NXZEYrmty3movao=
10,-66,P42aFikcoRRM0h9gkMS+xkYRz+4=,wF6Y/AtyQ2d8NXZEYrmty3movao=
1,-68,P42aFikcoRRM0h9gkMS+xkYRz+4=,wF6Y/AtyQ2d8NXZEYrmty3movao=
9,-66,P42aFikcoRRM0h9gkMS+xkYRz+4=,wF6Y/AtyQ2d8NXZEYrmty3movao=
3,-68,P42aFikcoRRM0h9gkMS+xkYRz+4=,wF6Y/AtyQ2d8NXZEYrmty3movao=
4,-68,P42aFikcoRRM0h9gkMS+xkYRz+4=,wF6Y/AtyQ2d8NXZEYrmty3movao=
5,-68,P42aFikcoRRM0h9gkMS+xkYRz+4=,wF6Y/AtyQ2d8NXZEYrmty3movao=
6,-68,P42aFikcoRRM0h9gkMS+xkYRz+4=,wF6Y/AtyQ2d8NXZEYrmty3movao=
0,-66,P42aFikcoRRM0h9gkMS+xkYRz+4=,wF6Y/AtyQ2d8NXZEYrmty3movao=
7,-68,P42aFikcoRRM0h9gkMS+xkYRz+4=,wF6Y/AtyQ2d8NXZEYrmty3movao=
15,-67,P42aFikcoRRM0h9gkMS+xkYRz+4=,wF6Y/AtyQ2d8NXZEYrmty3movao=
3,-79,P42aFikcoRRM0h9gkMS+xkYRz+4=,wF6Y/AtyQ2d8NXZEYrmty3movao=
2,-78,P42aFikcoRRM0h9gkMS+xkYRz+4=,wF6Y/AtyQ2d8NXZEYrmty3movao=
8,-68,P42aFikcoRRM0h9gkMS+xkYRz+4=,wF6Y/AtyQ2d8NXZEYrmty3movao=
14,-67,P42aFikcoRRM0h9gkMS+xkYRz+4=,wF6Y/AtyQ2d8NXZEYrmty3movao=
13,-67,P42aFikcoRRM0h9gkMS+xkYRz+4=,wF6Y/AtyQ2d8NXZEYrmty3movao=
12,-67,P42aFikcoRRM0h9gkMS+xkYRz+4=,wF6Y/AtyQ2d8NXZEYrmty3movao=
9,-68,P42aFikcoRRM0h9gkMS+xkYRz+4=,wF6Y/AtyQ2d8NXZEYrmty3movao=
11,-67,P42aFikcoRRM0h9gkMS+xkYRz+4=,wF6Y/AtyQ2d8NXZEYrmty3movao=
10,-67,P42aFikcoRRM0h9gkMS+xkYRz+4=,wF6Y/AtyQ2d8NXZEYrmty3movao=
9,-67,P42aFikcoRRM0h9gkMS+xkYRz+4=,wF6Y/AtyQ2d8NXZEYrmty3movao=
10,-68,P42aFikcoRRM0h9gkMS+xkYRz+4=,wF6Y/AtyQ2d8NXZEYrmty3movao=
8,-67,P42aFikcoRRM0h9gkMS+xkYRz+4=,wF6Y/AtyQ2d8NXZEYrmty3movao=
7,-67,P42aFikcoRRM0h9gkMS+xkYRz+4=,wF6Y/AtyQ2d8NXZEYrmty3movao=
6,-67,P42aFikcoRRM0h9gkMS+xkYRz+4=,wF6Y/AtyQ2d8NXZEYrmty3movao=
11,-68,P42aFikcoRRM0h9gkMS+xkYRz+4=,wF6Y/AtyQ2d8NXZEYrmty3movao=
4,-67,P42aFikcoRRM0h9gkMS+xkYRz+4=,wF6Y/AtyQ2d8NXZEYrmty3movao=
2,-67,P42aFikcoRRM0h9gkMS+xkYRz+4=,wF6Y/AtyQ2d8NXZEYrmty3movao=
12,-68,P42aFikcoRRM0h9gkMS+xkYRz+4=,wF6Y/AtyQ2d8NXZEYrmty3movao=
15,-68,P42aFikcoRRM0h9gkMS+xkYRz+4=,wF6Y/AtyQ2d8NXZEYrmty3movao=
1,-78,P42aFikcoRRM0h9gkMS+xkYRz+4=,wF6Y/AtyQ2d8NXZEYrmty3movao=
2,-79,P42aFikcoRRM0h9gkMS+xkYRz+4=,wF6Y/AtyQ2d8NXZEYrmty3movao=
13,-68,P42aFikcoRRM0h9gkMS+xkYRz+4=,wF6Y/AtyQ2d8NXZEYrmty3movao=
14,-68,P42aFikcoRRM0h9gkMS+xkYRz+4=,wF6Y/AtyQ2d8NXZEYrmty3movao=
0,-80,P42aFikcoRRM0h9gkMS+xkYRz+4=,wF6Y/AtyQ2d8NXZEYrmty3movao=
12,-65,P42aFikcoRRM0h9gkMS+xkYRz+4=,wF6Y/AtyQ2d8NXZEYrmty3movao=
13,-65,P42aFikcoRRM0h9gkMS+xkYRz+4=,wF6Y/AtyQ2d8NXZEYrmty3movao=
0,-69,P42aFikcoRRM0h9gkMS+xkYRz+4=,wF6Y/AtyQ2d8NXZEYrmty3movao=
11,-65,P42aFikcoRRM0h9gkMS+xkYRz+4=,wF6Y/AtyQ2d8NXZEYrmty3movao=
4,-65,P42aFikcoRRM0h9gkMS+xkYRz+4=,wF6Y/AtyQ2d8NXZEYrmty3movao=
10,-65,P42aFikcoRRM0h9gkMS+xkYRz+4=,wF6Y/AtyQ2d8NXZEYrmty3movao=
1,-69,P42aFikcoRRM0h9gkMS+xkYRz+4=,wF6Y/AtyQ2d8NXZEYrmty3movao=
14,-65,P42aFikcoRRM0h9gkMS+xkYRz+4=,wF6Y/AtyQ2d8NXZEYrmty3movao=
2,-69,P42aFikcoRRM0h9gkMS+xkYRz+4=,wF6Y/AtyQ2d8NXZEYrmty3movao=
0,-68,P42aFikcoRRM0h9gkMS+xkYRz+4=,wF6Y/AtyQ2d8NXZEYrmty3movao=
7,-66,P42aFikcoRRM0h9gkMS+xkYRz+4=,wF6Y/AtyQ2d8NXZEYrmty3movao=
8,-66,P42aFikcoRRM0h9gkMS+xkYRz+4=,wF6Y/AtyQ2d8NXZEYrmty3movao=
9,-65,P42aFikcoRRM0h9gkMS+xkYRz+4=,wF6Y/AtyQ2d8NXZEYrmty3movao=
5,-66,P42aFikcoRRM0h9gkMS+xkYRz+4=,wF6Y/AtyQ2d8NXZEYrmty3movao=
8,-65,P42aFikcoRRM0h9gkMS+xkYRz+4=,wF6Y/AtyQ2d8NXZEYrmty3movao=
6,-66,P42aFikcoRRM0h9gkMS+xkYRz+4=,wF6Y/AtyQ2d8NXZEYrmty3movao=
2,-68,P42aFikcoRRM0h9gkMS+xkYRz+4=,wF6Y/AtyQ2d8NXZEYrmty3movao=
5,-65,P42aFikcoRRM0h9gkMS+xkYRz+4=,wF6Y/AtyQ2d8NXZEYrmty3movao=
3,-65,P42aFikcoRRM0h9gkMS+xkYRz+4=,wF6Y/AtyQ2d8NXZEYrmty3movao=
2,-66,P42aFikcoRRM0h9gkMS+xkYRz+4=,wF6Y/AtyQ2d8NXZEYrmty3movao=
1,-66,P42aFikcoRRM0h9gkMS+xkYRz+4=,wF6Y/AtyQ2d8NXZEYrmty3movao=
5,-67,P42aFikcoRRM0h9gkMS+xkYRz+4=,wF6Y/AtyQ2d8NXZEYrmty3movao=
3,-67,P42aFikcoRRM0h9gkMS+xkYRz+4=,wF6Y/AtyQ2d8NXZEYrmty3movao=
4,-66,P42aFikcoRRM0h9gkMS+xkYRz+4=,wF6Y/AtyQ2d8NXZEYrmty3movao=
15,-65,P42aFikcoRRM0h9gkMS+xkYRz+4=,wF6Y/AtyQ2d8NXZEYrmty3movao=
1,-67,P42aFikcoRRM0h9gkMS+xkYRz+4=,wF6Y/AtyQ2d8NXZEYrmty3movao=
1,-65,P42aFikcoRRM0h9gkMS+xkYRz+4=,wF6Y/AtyQ2d8NXZEYrmty3movao=
7,-65,P42aFikcoRRM0h9gkMS+xkYRz+4=,wF6Y/AtyQ2d8NXZEYrmty3movao=
2,-65,P42aFikcoRRM0h9gkMS+xkYRz+4=,wF6Y/AtyQ2d8NXZEYrmty3movao=
0,-67,P42aFikcoRRM0h9gkMS+xkYRz+4=,wF6Y/AtyQ2d8NXZEYrmty3movao=
0,-65,P42aFikcoRRM0h9gkMS+xkYRz+4=,wF6Y/AtyQ2d8NXZEYrmty3movao=
3,-66,P42aFikcoRRM0h9gkMS+xkYRz+4=,wF6Y/AtyQ2d8NXZEYrmty3movao=
6,-65,P42aFikcoRRM0h9gkMS+xkYRz+4=,wF6Y/AtyQ2d8NXZEYrmty3movao=
