-6,2,8Vdn6j+YUsOy9xqAyRnIyg0ihMY=,JxCtvGR931Bb7/eeePDhP4gFu2Y=
-6,0,8Vdn6j+YUsOy9xqAyRnIyg0ihMY=,dZE7U/HoMFMJJtf5uM+bIiGKAZg=
-6,1,8Vdn6j+YUsOy9xqAyRnIyg0ihMY=,6kBxpRCbOel6WEPHQK/nKTVhWkc=
-6,8,8Vdn6j+YUsOy9xqAyRnIyg0ihMY=,iVPd5aafhXgEKfADUWLnjhJF7+E=
-6,7,8Vdn6j+YUsOy9xqAyRnIyg0ihMY=,JxCtvGR931Bb7/eeePDhP4gFu2Y=
-5,8,8Vdn6j+YUsOy9xqAyRnIyg0ihMY=,JxCtvGR931Bb7/eeePDhP4gFu2Y=
-5,1,8Vdn6j+YUsOy9xqAyRnIyg0ihMY=,6kBxpRCbOel6WEPHQK/nKTVhWkc=
-5,0,8Vdn6j+YUsOy9xqAyRnIyg0ihMY=,6kBxpRCbOel6WEPHQK/nKTVhWkc=
-5,7,8Vdn6j+YUsOy9xqAyRnIyg0ihMY=,6kBxpRCbOel6WEPHQK/nKTVhWkc=
-5,6,8Vdn6j+YUsOy9xqAyRnIyg0ihMY=,JxCtvGR931Bb7/eeePDhP4gFu2Y=
-4,6,8Vdn6j+YUsOy9xqAyRnIyg0ihMY=,6kBxpRCbOel6WEPHQK/nKTVhWkc=
-4,0,8Vdn6j+YUsOy9xqAyRnIyg0ihMY=,dZE7U/HoMFMJJtf5uM+bIiGKAZg=
-4,1,8Vdn6j+YUsOy9xqAyRnIyg0ihMY=,JxCtvGR931Bb7/eeePDhP4gFu2Y=
-4,5,8Vdn6j+YUsOy9xqAyRnIyg0ihMY=,JxCtvGR931Bb7/eeePDhP4gFu2Y=
-3,5,8Vdn6j+YUsOy9xqAyRnIyg0ihMY=,8wo2K3g4sIglmxgxGID1lWx3lUw=
-3,4,8Vdn6j+YUsOy9xqAyRnIyg0ihMY=,GVYKmDJAvTIBDKlSapZvha+m5hA=
-3,1,8Vdn6j+YUsOy9xqAyRnIyg0ihMY=,Gd0fnY7oDYkYejH+dxOx/VjwA9A=
-3,0,8Vdn6j+YUsOy9xqAyRnIyg0ihMY=,bUGuvb/A+1kLZ8moywJuXNvmAgA=
-3,2,8Vdn6j+YUsOy9xqAyRnIyg0ihMY=,GVYKmDJAvTIBDKlSapZvha+m5hA=
-2,4,8Vdn6j+YUsOy9xqAyRnIyg0ihMY=,GVYKmDJAvTIBDKlSapZvha+m5hA=
-2,2,8Vdn6j+YUsOy9xqAyRnIyg0ihMY=,bUGuvb/A+1kLZ8moywJuXNvmAgA=
-2,3,8Vdn6j+YUsOy9xqAyRnIyg0ihMY=,bUGuvb/A+1kLZ8moywJuXNvmAgA=
-2,0,8Vdn6j+YUsOy9xqAyRnIyg0ihMY=,bUGuvb/A+1kLZ8moywJuXNvmAgA=
-2,1,8Vdn6j+YUsOy9xqAyRnIyg0ihMY=,bUGuvb/A+1kLZ8moywJuXNvmAgA=
-1,3,8Vdn6j+YUsOy9xqAyRnIyg0ihMY=,Gd0fnY7oDYkYejH+dxOx/VjwA9A=
-1,2,8Vdn6j+YUsOy9xqAyRnIyg0ihMY=,bUGuvb/A+1kLZ8moywJuXNvmAgA=
-1,1,8Vdn6j+YUsOy9xqAyRnIyg0ihMY=,bUGuvb/A+1kLZ8moywJuXNvmAgA=
-1,0,8Vdn6j+YUsOy9xqAyRnIyg0ihMY=,bUGuvb/A+1kLZ8moywJuXNvmAgA=
-15,9,8Vdn6j+YUsOy9xqAyRnIyg0ihMY=,GVYKmDJAvTIBDKlSapZvha+m5hA=
-15,8,8Vdn6j+YUsOy9xqAyRnIyg0ihMY=,Gd0fnY7oDYkYejH+dxOx/VjwA9A=
-14,7,8Vdn6j+YUsOy9xqAyRnIyg0ihMY=,Gd0fnY7oDYkYejH+dxOx/VjwA9A=
-14,8,8Vdn6j+YUsOy9xqAyRnIyg0ihMY=,Gd0fnY7oDYkYejH+dxOx/VjwA9A=
-14,6,8Vdn6j+YUsOy9xqAyRnIyg0ihMY=,TXb7ZHrYS3k5dJi6YvxP20C9WbM=
-13,6,8Vdn6j+YUsOy9xqAyRnIyg0ihMY=,Gd0fnY7oDYkYejH+dxOx/VjwA9A=
-13,8,8Vdn6j+YUsOy9xqAyRnIyg0ihMY=,GVYKmDJAvTIBDKlSapZvha+m5hA=
-13,5,8Vdn6j+YUsOy9xqAyRnIyg0ihMY=,TXb7ZHrYS3k5dJi6YvxP20C9WbM=
-12,5,8Vdn6j+YUsOy9xqAyRnIyg0ihMY=,HZfP3KhTFOPlfTYh4thmYi0PX34=
-12,8,8Vdn6j+YUsOy9xqAyRnIyg0ihMY=,AhTkTcEbR68iCku/4VK6X3xW9T0=
-12,9,8Vdn6j+YUsOy9xqAyRnIyg0ihMY=,/j+FyLNuQ55mBOf9ZbpvJrjw8Us=
-11,5,8Vdn6j+YUsOy9xqAyRnIyg0ihMY=,8qo9MRZ4Wax5oXWN+jPM8ZZrlog=
-11,9,8Vdn6j+YUsOy9xqAyRnIyg0ihMY=,8qo9MRZ4Wax5oXWN+jPM8ZZrlog=
-11,8,8Vdn6j+YUsOy9xqAyRnIyg0ihMY=,8qo9MRZ4Wax5oXWN+jPM8ZZrlog=
-10,4,lx58STyb3zb6PeLbkECERn0cCvo=,8qo9MRZ4Wax5oXWN+jPM8ZZrlog=
-10,5,lx58STyb3zb6PeLbkECERn0cCvo=,/j+FyLNuQ55mBOf9ZbpvJrjw8Us=
-10,9,lx58STyb3zb6PeLbkECERn0cCvo=,8qo9MRZ4Wax5oXWN+jPM8ZZrlog=
-9,4,lx58STyb3zb6PeLbkECERn0cCvo=,oRMZ9fiCSM7cWZPnxoQZLt7nlik=
-9,9,lx58STyb3zb6PeLbkECERn0cCvo=,8qo9MRZ4Wax5oXWN+jPM8ZZrlog=
-9,3,lx58STyb3zb6PeLbkECERn0cCvo=,/j+FyLNuQ55mBOf9ZbpvJrjw8Us=
-9,0,lx58STyb3zb6PeLbkECERn0cCvo=,/j+FyLNuQ55mBOf9ZbpvJrjw8Us=
-8,9,lx58STyb3zb6PeLbkECERn0cCvo=,/IEb2D0ejdsgNyCxDgHgzIuz9GE=
-8,0,lx58STyb3zb6PeLbkECERn0cCvo=,8qo9MRZ4Wax5oXWN+jPM8ZZrlog=
-8,3,lx58STyb3zb6PeLbkECERn0cCvo=,oRMZ9fiCSM7cWZPnxoQZLt7nlik=
-8,2,lx58STyb3zb6PeLbkECERn0cCvo=,/j+FyLNuQ55mBOf9ZbpvJrjw8Us=
-7,9,lx58STyb3zb6PeLbkECERn0cCvo=,/j+FyLNuQ55mBOf9ZbpvJrjw8Us=
-7,8,lx58STyb3zb6PeLbkECERn0cCvo=,8qo9MRZ4Wax5oXWN+jPM8ZZrlog=
-7,0,lx58STyb3zb6PeLbkECERn0cCvo=,8qo9MRZ4Wax5oXWN+jPM8ZZrlog=
-7,2,lx58STyb3zb6PeLbkECERn0cCvo=,/IEb2D0ejdsgNyCxDgHgzIuz9GE=
