0,0,8Vdn6j+YUsOy9xqAyRnIyg0ihMY=,BdpfRmTeReXa/2QBKIzl0RpDIs4=
0,1,8Vdn6j+YUsOy9xqAyRnIyg0ihMY=,BdpfRmTeReXa/2QBKIzl0RpDIs4=
0,2,8Vdn6j+YUsOy9xqAyRnIyg0ihMY=,BdpfRmTeReXa/2QBKIzl0RpDIs4=
0,3,8Vdn6j+YUsOy9xqAyRnIyg0ihMY=,dZE7U/HoMFMJJtf5uM+bIiGKAZg=
0,4,8Vdn6j+YUsOy9xqAyRnIyg0ihMY=,6kBxpRCbOel6WEPHQK/nKTVhWkc=
1,1,8Vdn6j+YUsOy9xqAyRnIyg0ihMY=,dZE7U/HoMFMJJtf5uM+bIiGKAZg=
1,0,8Vdn6j+YUsOy9xqAyRnIyg0ihMY=,dZE7U/HoMFMJJtf5uM+bIiGKAZg=
1,3,8Vdn6j+YUsOy9xqAyRnIyg0ihMY=,6kBxpRCbOel6WEPHQK/nKTVhWkc=
1,2,8Vdn6j+YUsOy9xqAyRnIyg0ihMY=,dZE7U/HoMFMJJtf5uM+bIiGKAZg=
1,5,8Vdn6j+YUsOy9xqAyRnIyg0ihMY=,dZE7U/HoMFMJJtf5uM+bIiGKAZg=
1,4,8Vdn6j+YUsOy9xqAyRnIyg0ihMY=,hHHp13x8hwER5ocDEkU+Xs0hxMk=
1,6,8Vdn6j+YUsOy9xqAyRnIyg0ihMY=,JxCtvGR931Bb7/eeePDhP4gFu2Y=
2,0,8Vdn6j+YUsOy9xqAyRnIyg0ihMY=,dZE7U/HoMFMJJtf5uM+bIiGKAZg=
2,1,8Vdn6j+YUsOy9xqAyRnIyg0ihMY=,hHHp13x8hwER5ocDEkU+Xs0hxMk=
2,6,8Vdn6j+YUsOy9xqAyRnIyg0ihMY=,6kBxpRCbOel6WEPHQK/nKTVhWkc=
2,4,8Vdn6j+YUsOy9xqAyRnIyg0ihMY=,hHHp13x8hwER5ocDEkU+Xs0hxMk=
2,5,8Vdn6j+YUsOy9xqAyRnIyg0ihMY=,JxCtvGR931Bb7/eeePDhP4gFu2Y=
2,3,8Vdn6j+YUsOy9xqAyRnIyg0ihMY=,JxCtvGR931Bb7/eeePDhP4gFu2Y=
2,7,8Vdn6j+YUsOy9xqAyRnIyg0ihMY=,JxCtvGR931Bb7/eeePDhP4gFu2Y=
3,3,8Vdn6j+YUsOy9xqAyRnIyg0ihMY=,8wo2K3g4sIglmxgxGID1lWx3lUw=
3,1,8Vdn6j+YUsOy9xqAyRnIyg0ihMY=,8wo2K3g4sIglmxgxGID1lWx3lUw=
3,0,8Vdn6j+YUsOy9xqAyRnIyg0ihMY=,MnMv+vE5IXPoYfxOoN/USl0jDIs=
3,7,8Vdn6j+YUsOy9xqAyRnIyg0ihMY=,Gd0fnY7oDYkYejH+dxOx/VjwA9A=
3,4,8Vdn6j+YUsOy9xqAyRnIyg0ihMY=,TXb7ZHrYS3k5dJi6YvxP20C9WbM=
3,8,8Vdn6j+YUsOy9xqAyRnIyg0ihMY=,TXb7ZHrYS3k5dJi6YvxP20C9WbM=
4,4,8Vdn6j+YUsOy9xqAyRnIyg0ihMY=,bUGuvb/A+1kLZ8moywJuXNvmAgA=
4,0,8Vdn6j+YUsOy9xqAyRnIyg0ihMY=,GVYKmDJAvTIBDKlSapZvha+m5hA=
4,8,8Vdn6j+YUsOy9xqAyRnIyg0ihMY=,Gd0fnY7oDYkYejH+dxOx/VjwA9A=
4,9,8Vdn6j+YUsOy9xqAyRnIyg0ihMY=,GVYKmDJAvTIBDKlSapZvha+m5hA=
5,5,8Vdn6j+YUsOy9xqAyRnIyg0ihMY=,GVYKmDJAvTIBDKlSapZvha+m5hA=
5,4,8Vdn6j+YUsOy9xqAyRnIyg0ihMY=,TXb7ZHrYS3k5dJi6YvxP20C9WbM=
5,0,8Vdn6j+YUsOy9xqAyRnIyg0ihMY=,GVYKmDJAvTIBDKlSapZvha+m5hA=
5,9,8Vdn6j+YUsOy9xqAyRnIyg0ihMY=,Gd0fnY7oDYkYejH+dxOx/VjwA9A=
6,5,8Vdn6j+YUsOy9xqAyRnIyg0ihMY=,Gd0fnY7oDYkYejH+dxOx/VjwA9A=
6,0,8Vdn6j+YUsOy9xqAyRnIyg0ihMY=,TXb7ZHrYS3k5dJi6YvxP20C9WbM=
6,10,8Vdn6j+YUsOy9xqAyRnIyg0ihMY=,GVYKmDJAvTIBDKlSapZvha+m5hA=
6,9,8Vdn6j+YUsOy9xqAyRnIyg0ihMY=,Gd0fnY7oDYkYejH+dxOx/VjwA9A=
6,6,8Vdn6j+YUsOy9xqAyRnIyg0ihMY=,TXb7ZHrYS3k5dJi6YvxP20C9WbM=
7,6,8Vdn6j+YUsOy9xqAyRnIyg0ihMY=,Gd0fnY7oDYkYejH+dxOx/VjwA9A=
7,10,8Vdn6j+YUsOy9xqAyRnIyg0ihMY=,GVYKmDJAvTIBDKlSapZvha+m5hA=
8,10,8Vdn6j+YUsOy9xqAyRnIyg0ihMY=,bUGuvb/A+1kLZ8moywJuXNvmAgA=
8,6,8Vdn6j+YUsOy9xqAyRnIyg0ihMY=,TXb7ZHrYS3k5dJi6YvxP20C9WbM=
8,7,8Vdn6j+YUsOy9xqAyRnIyg0ihMY=,Gd0fnY7oDYkYejH+dxOx/VjwA9A=
9,8,8Vdn6j+YUsOy9xqAyRnIyg0ihMY=,Gd0fnY7oDYkYejH+dxOx/VjwA9A=
9,11,8Vdn6j+YUsOy9xqAyRnIyg0ihMY=,TXb7ZHrYS3k5dJi6YvxP20C9WbM=
9,10,8Vdn6j+YUsOy9xqAyRnIyg0ihMY=,GVYKmDJAvTIBDKlSapZvha+m5hA=
9,7,8Vdn6j+YUsOy9xqAyRnIyg0ihMY=,TXb7ZHrYS3k5dJi6YvxP20C9WbM=
10,10,8Vdn6j+YUsOy9xqAyRnIyg0ihMY=,bUGuvb/A+1kLZ8moywJuXNvmAgA=
10,8,8Vdn6j+YUsOy9xqAyRnIyg0ihMY=,TXb7ZHrYS3k5dJi6YvxP20C9WbM=
10,9,8Vdn6j+YUsOy9xqAyRnIyg0ihMY=,bUGuvb/A+1kLZ8moywJuXNvmAgA=
11,10,8Vdn6j+YUsOy9xqAyRnIyg0ihMY=,TXb7ZHrYS3k5dJi6YvxP20C9WbM=
